actual,status,risk_score,risk_level
neptune,ANOMALY,81.61,HIGH
neptune,ANOMALY,79.81,HIGH
normal,NORMAL,21.26,LOW
saint,ANOMALY,54.57,MEDIUM
mscan,ANOMALY,69.16,MEDIUM
normal,NORMAL,2.89,LOW
normal,NORMAL,41.84,MEDIUM
guess_passwd,NORMAL,20.3,LOW
normal,NORMAL,4.77,LOW
guess_passwd,NORMAL,28.99,LOW
mscan,NORMAL,32.25,MEDIUM
normal,NORMAL,21.47,LOW
neptune,ANOMALY,80.11,HIGH
neptune,ANOMALY,76.62,HIGH
normal,NORMAL,44.12,MEDIUM
normal,NORMAL,0.96,LOW
normal,NORMAL,1.45,LOW
normal,NORMAL,1.14,LOW
normal,NORMAL,50.48,MEDIUM
neptune,ANOMALY,81.97,HIGH
neptune,ANOMALY,74.95,HIGH
mscan,ANOMALY,70.11,HIGH
normal,NORMAL,0.63,LOW
normal,NORMAL,1.34,LOW
neptune,ANOMALY,74.55,HIGH
neptune,ANOMALY,76.13,HIGH
normal,NORMAL,4.38,LOW
normal,NORMAL,0.33,LOW
smurf,ANOMALY,58.13,MEDIUM
normal,NORMAL,49.65,MEDIUM
apache2,NORMAL,48.32,MEDIUM
normal,NORMAL,16.36,LOW
normal,NORMAL,6.73,LOW
normal,ANOMALY,58.62,MEDIUM
satan,ANOMALY,92.77,HIGH
mscan,ANOMALY,77.46,HIGH
normal,NORMAL,2.1,LOW
buffer_overflow,NORMAL,24.13,LOW
normal,NORMAL,17.47,LOW
normal,NORMAL,23.2,LOW
neptune,ANOMALY,86.31,HIGH
normal,NORMAL,1.58,LOW
normal,NORMAL,8.03,LOW
normal,NORMAL,6.52,LOW
neptune,ANOMALY,76.06,HIGH
normal,NORMAL,0.85,LOW
neptune,ANOMALY,80.71,HIGH
back,NORMAL,18.23,LOW
mscan,ANOMALY,80.92,HIGH
normal,NORMAL,30.17,MEDIUM
normal,NORMAL,7.1,LOW
normal,NORMAL,4.74,LOW
neptune,ANOMALY,76.06,HIGH
neptune,ANOMALY,81.32,HIGH
warezmaster,NORMAL,37.62,MEDIUM
normal,NORMAL,0.88,LOW
neptune,ANOMALY,76.18,HIGH
snmpgetattack,NORMAL,31.68,MEDIUM
processtable,NORMAL,45.91,MEDIUM
normal,NORMAL,0.3,LOW
guess_passwd,NORMAL,9.51,LOW
warezmaster,NORMAL,36.86,MEDIUM
normal,NORMAL,4.66,LOW
normal,NORMAL,2.53,LOW
satan,ANOMALY,94.09,HIGH
normal,NORMAL,2.12,LOW
mscan,ANOMALY,83.35,HIGH
neptune,ANOMALY,81.21,HIGH
neptune,ANOMALY,82.28,HIGH
normal,NORMAL,0.7,LOW
neptune,ANOMALY,82.14,HIGH
normal,NORMAL,16.57,LOW
normal,NORMAL,1.64,LOW
normal,NORMAL,2.35,LOW
neptune,ANOMALY,75.5,HIGH
normal,NORMAL,0.8,LOW
normal,NORMAL,0.88,LOW
processtable,NORMAL,37.27,MEDIUM
normal,NORMAL,1.69,LOW
normal,NORMAL,2.0,LOW
neptune,ANOMALY,82.55,HIGH
neptune,ANOMALY,81.77,HIGH
pod,NORMAL,46.56,MEDIUM
normal,NORMAL,2.99,LOW
normal,NORMAL,1.73,LOW
normal,NORMAL,2.47,LOW
neptune,ANOMALY,80.49,HIGH
mscan,ANOMALY,80.97,HIGH
normal,NORMAL,1.72,LOW
normal,NORMAL,18.06,LOW
normal,NORMAL,1.99,LOW
normal,NORMAL,0.41,LOW
neptune,ANOMALY,80.41,HIGH
httptunnel,ANOMALY,62.6,MEDIUM
guess_passwd,NORMAL,8.87,LOW
normal,NORMAL,13.99,LOW
normal,NORMAL,0.42,LOW
normal,NORMAL,20.06,LOW
nmap,ANOMALY,81.88,HIGH
neptune,ANOMALY,74.32,HIGH
satan,ANOMALY,99.18,HIGH
guess_passwd,NORMAL,28.08,LOW
neptune,ANOMALY,81.72,HIGH
neptune,ANOMALY,80.54,HIGH
normal,NORMAL,11.82,LOW
neptune,ANOMALY,82.16,HIGH
ps,NORMAL,30.79,MEDIUM
normal,NORMAL,1.75,LOW
neptune,ANOMALY,80.59,HIGH
normal,NORMAL,3.04,LOW
normal,NORMAL,4.1,LOW
neptune,ANOMALY,82.09,HIGH
processtable,NORMAL,37.09,MEDIUM
processtable,NORMAL,38.01,MEDIUM
normal,NORMAL,2.34,LOW
neptune,ANOMALY,87.33,HIGH
normal,NORMAL,1.19,LOW
smurf,NORMAL,42.07,MEDIUM
neptune,ANOMALY,76.58,HIGH
snmpguess,NORMAL,26.4,LOW
normal,NORMAL,2.48,LOW
smurf,ANOMALY,58.08,MEDIUM
nmap,ANOMALY,82.35,HIGH
neptune,ANOMALY,81.47,HIGH
normal,NORMAL,39.38,MEDIUM
normal,NORMAL,23.31,LOW
guess_passwd,NORMAL,18.76,LOW
neptune,ANOMALY,81.66,HIGH
normal,NORMAL,2.81,LOW
normal,NORMAL,19.85,LOW
normal,NORMAL,17.47,LOW
normal,NORMAL,14.74,LOW
processtable,ANOMALY,66.56,MEDIUM
normal,NORMAL,0.35,LOW
processtable,ANOMALY,56.14,MEDIUM
normal,NORMAL,4.11,LOW
neptune,ANOMALY,82.16,HIGH
snmpguess,NORMAL,26.54,LOW
mscan,ANOMALY,73.53,HIGH
normal,NORMAL,0.52,LOW
normal,NORMAL,3.37,LOW
normal,NORMAL,20.13,LOW
neptune,ANOMALY,80.74,HIGH
neptune,ANOMALY,81.85,HIGH
apache2,ANOMALY,52.31,MEDIUM
ipsweep,ANOMALY,55.47,MEDIUM
mscan,ANOMALY,75.58,HIGH
neptune,ANOMALY,80.39,HIGH
normal,NORMAL,1.52,LOW
processtable,ANOMALY,53.2,MEDIUM
guess_passwd,NORMAL,49.5,MEDIUM
neptune,ANOMALY,86.73,HIGH
pod,ANOMALY,64.44,MEDIUM
mailbomb,NORMAL,18.4,LOW
normal,NORMAL,1.42,LOW
neptune,ANOMALY,81.94,HIGH
processtable,NORMAL,50.18,MEDIUM
neptune,ANOMALY,76.56,HIGH
neptune,ANOMALY,79.66,HIGH
neptune,ANOMALY,87.12,HIGH
neptune,ANOMALY,81.39,HIGH
neptune,ANOMALY,80.49,HIGH
satan,ANOMALY,93.25,HIGH
neptune,ANOMALY,80.23,HIGH
warezmaster,NORMAL,34.11,MEDIUM
neptune,ANOMALY,78.39,HIGH
neptune,ANOMALY,87.12,HIGH
warezmaster,NORMAL,37.09,MEDIUM
normal,NORMAL,3.24,LOW
neptune,ANOMALY,87.03,HIGH
processtable,NORMAL,43.32,MEDIUM
normal,NORMAL,9.37,LOW
neptune,ANOMALY,81.04,HIGH
neptune,ANOMALY,82.32,HIGH
apache2,ANOMALY,52.85,MEDIUM
normal,NORMAL,1.77,LOW
satan,ANOMALY,92.9,HIGH
saint,ANOMALY,93.09,HIGH
guess_passwd,NORMAL,21.62,LOW
normal,NORMAL,23.96,LOW
smurf,NORMAL,48.37,MEDIUM
normal,NORMAL,20.45,LOW
normal,NORMAL,18.52,LOW
normal,NORMAL,1.04,LOW
normal,NORMAL,17.73,LOW
guess_passwd,NORMAL,9.58,LOW
neptune,ANOMALY,79.94,HIGH
neptune,ANOMALY,76.43,HIGH
normal,NORMAL,22.46,LOW
neptune,ANOMALY,81.55,HIGH
normal,NORMAL,1.36,LOW
processtable,NORMAL,43.35,MEDIUM
neptune,ANOMALY,83.48,HIGH
normal,NORMAL,18.69,LOW
normal,NORMAL,2.07,LOW
normal,NORMAL,24.73,LOW
normal,NORMAL,30.78,MEDIUM
guess_passwd,NORMAL,27.34,LOW
neptune,ANOMALY,76.03,HIGH
snmpgetattack,NORMAL,27.47,LOW
mscan,ANOMALY,66.04,MEDIUM
normal,NORMAL,3.1,LOW
apache2,ANOMALY,76.68,HIGH
normal,NORMAL,1.86,LOW
normal,NORMAL,1.88,LOW
satan,ANOMALY,93.08,HIGH
neptune,ANOMALY,75.54,HIGH
processtable,ANOMALY,75.81,HIGH
normal,NORMAL,0.69,LOW
normal,NORMAL,0.96,LOW
apache2,ANOMALY,59.35,MEDIUM
warezmaster,NORMAL,23.28,LOW
normal,NORMAL,2.45,LOW
normal,NORMAL,1.6,LOW
normal,NORMAL,29.32,LOW
smurf,NORMAL,39.12,MEDIUM
normal,NORMAL,1.99,LOW
normal,NORMAL,36.32,MEDIUM
normal,NORMAL,1.38,LOW
snmpguess,NORMAL,26.55,LOW
normal,NORMAL,3.03,LOW
normal,NORMAL,1.06,LOW
normal,NORMAL,45.99,MEDIUM
neptune,ANOMALY,81.09,HIGH
normal,NORMAL,0.38,LOW
back,NORMAL,20.43,LOW
normal,NORMAL,5.02,LOW
neptune,ANOMALY,85.75,HIGH
normal,NORMAL,23.51,LOW
normal,NORMAL,3.02,LOW
normal,NORMAL,49.2,MEDIUM
mscan,ANOMALY,63.13,MEDIUM
warezmaster,NORMAL,24.0,LOW
normal,NORMAL,15.5,LOW
neptune,ANOMALY,79.98,HIGH
pod,NORMAL,49.49,MEDIUM
apache2,ANOMALY,66.69,MEDIUM
normal,NORMAL,49.8,MEDIUM
apache2,ANOMALY,53.62,MEDIUM
mscan,NORMAL,44.04,MEDIUM
normal,NORMAL,15.54,LOW
normal,NORMAL,17.62,LOW
apache2,ANOMALY,70.59,HIGH
neptune,ANOMALY,81.34,HIGH
neptune,ANOMALY,85.33,HIGH
normal,NORMAL,9.57,LOW
warezmaster,NORMAL,50.72,MEDIUM
neptune,ANOMALY,86.97,HIGH
neptune,ANOMALY,80.28,HIGH
normal,NORMAL,1.92,LOW
normal,NORMAL,15.22,LOW
normal,NORMAL,16.33,LOW
guess_passwd,NORMAL,11.32,LOW
normal,NORMAL,17.36,LOW
neptune,ANOMALY,86.61,HIGH
satan,ANOMALY,95.16,HIGH
mscan,ANOMALY,80.62,HIGH
normal,NORMAL,0.41,LOW
warezmaster,NORMAL,48.5,MEDIUM
normal,NORMAL,2.16,LOW
normal,NORMAL,1.47,LOW
warezmaster,NORMAL,17.32,LOW
normal,NORMAL,2.07,LOW
neptune,ANOMALY,82.35,HIGH
neptune,ANOMALY,80.7,HIGH
neptune,ANOMALY,87.53,HIGH
guess_passwd,NORMAL,27.84,LOW
normal,NORMAL,28.61,LOW
normal,NORMAL,2.01,LOW
ipsweep,ANOMALY,51.76,MEDIUM
neptune,ANOMALY,76.48,HIGH
normal,NORMAL,0.69,LOW
neptune,ANOMALY,86.61,HIGH
portsweep,ANOMALY,71.65,HIGH
neptune,ANOMALY,81.79,HIGH
normal,NORMAL,49.62,MEDIUM
mscan,ANOMALY,67.46,MEDIUM
normal,NORMAL,2.68,LOW
neptune,ANOMALY,81.22,HIGH
neptune,ANOMALY,82.09,HIGH
normal,NORMAL,26.63,LOW
warezmaster,NORMAL,30.77,MEDIUM
warezmaster,NORMAL,26.11,LOW
mscan,ANOMALY,71.7,HIGH
neptune,ANOMALY,88.59,HIGH
normal,NORMAL,4.24,LOW
warezmaster,ANOMALY,52.88,MEDIUM
neptune,ANOMALY,81.19,HIGH
normal,NORMAL,5.02,LOW
processtable,ANOMALY,75.8,HIGH
normal,NORMAL,3.84,LOW
httptunnel,ANOMALY,69.63,MEDIUM
mscan,ANOMALY,63.54,MEDIUM
normal,NORMAL,4.55,LOW
normal,NORMAL,1.35,LOW
normal,NORMAL,50.12,MEDIUM
mscan,ANOMALY,76.85,HIGH
normal,NORMAL,3.5,LOW
neptune,ANOMALY,76.61,HIGH
normal,NORMAL,12.0,LOW
neptune,ANOMALY,81.29,HIGH
back,NORMAL,33.82,MEDIUM
normal,NORMAL,28.13,LOW
guess_passwd,NORMAL,20.02,LOW
normal,NORMAL,42.89,MEDIUM
normal,NORMAL,0.8,LOW
satan,ANOMALY,94.11,HIGH
warezmaster,NORMAL,35.59,MEDIUM
neptune,ANOMALY,82.13,HIGH
neptune,ANOMALY,80.52,HIGH
satan,ANOMALY,95.03,HIGH
normal,NORMAL,2.37,LOW
normal,NORMAL,50.26,MEDIUM
normal,NORMAL,1.4,LOW
normal,NORMAL,19.2,LOW
neptune,ANOMALY,81.93,HIGH
guess_passwd,NORMAL,12.64,LOW
normal,NORMAL,1.91,LOW
neptune,ANOMALY,81.09,HIGH
normal,NORMAL,0.65,LOW
normal,NORMAL,3.2,LOW
normal,NORMAL,18.22,LOW
normal,NORMAL,1.07,LOW
neptune,ANOMALY,81.51,HIGH
normal,NORMAL,1.72,LOW
warezmaster,NORMAL,35.96,MEDIUM
smurf,NORMAL,43.61,MEDIUM
guess_passwd,NORMAL,21.05,LOW
mscan,ANOMALY,77.57,HIGH
neptune,ANOMALY,81.82,HIGH
neptune,ANOMALY,78.23,HIGH
normal,ANOMALY,83.87,HIGH
neptune,ANOMALY,81.61,HIGH
normal,NORMAL,40.86,MEDIUM
neptune,ANOMALY,74.14,HIGH
normal,NORMAL,1.35,LOW
normal,NORMAL,0.71,LOW
normal,NORMAL,49.65,MEDIUM
neptune,ANOMALY,81.28,HIGH
portsweep,ANOMALY,91.65,HIGH
mscan,ANOMALY,80.13,HIGH
apache2,ANOMALY,67.49,MEDIUM
normal,NORMAL,1.84,LOW
normal,NORMAL,24.21,LOW
back,NORMAL,19.05,LOW
satan,ANOMALY,68.76,MEDIUM
mscan,ANOMALY,60.16,MEDIUM
satan,ANOMALY,83.87,HIGH
processtable,ANOMALY,56.68,MEDIUM
normal,NORMAL,17.74,LOW
neptune,ANOMALY,80.28,HIGH
neptune,ANOMALY,80.0,HIGH
guess_passwd,NORMAL,28.31,LOW
normal,NORMAL,1.26,LOW
normal,NORMAL,7.54,LOW
guess_passwd,NORMAL,9.42,LOW
normal,NORMAL,1.08,LOW
normal,NORMAL,25.11,LOW
normal,NORMAL,49.21,MEDIUM
neptune,ANOMALY,75.76,HIGH
normal,NORMAL,8.59,LOW
normal,NORMAL,1.6,LOW
neptune,ANOMALY,80.65,HIGH
normal,NORMAL,1.69,LOW
normal,NORMAL,0.42,LOW
normal,NORMAL,12.78,LOW
normal,NORMAL,50.48,MEDIUM
satan,ANOMALY,94.01,HIGH
normal,NORMAL,3.22,LOW
snmpguess,NORMAL,26.43,LOW
normal,NORMAL,18.02,LOW
neptune,ANOMALY,81.33,HIGH
back,NORMAL,16.33,LOW
normal,NORMAL,26.67,LOW
normal,NORMAL,0.31,LOW
neptune,ANOMALY,81.64,HIGH
guess_passwd,NORMAL,20.38,LOW
guess_passwd,NORMAL,13.88,LOW
neptune,ANOMALY,81.21,HIGH
normal,NORMAL,7.52,LOW
normal,NORMAL,1.57,LOW
processtable,NORMAL,50.5,MEDIUM
neptune,ANOMALY,85.19,HIGH
processtable,ANOMALY,66.86,MEDIUM
normal,ANOMALY,68.11,MEDIUM
normal,NORMAL,19.65,LOW
neptune,ANOMALY,81.16,HIGH
normal,NORMAL,11.72,LOW
normal,NORMAL,24.59,LOW
normal,NORMAL,29.51,LOW
processtable,NORMAL,51.03,MEDIUM
normal,NORMAL,3.58,LOW
neptune,ANOMALY,81.91,HIGH
saint,ANOMALY,92.87,HIGH
normal,NORMAL,1.03,LOW
normal,NORMAL,3.49,LOW
smurf,NORMAL,36.95,MEDIUM
normal,NORMAL,1.39,LOW
normal,NORMAL,0.46,LOW
normal,NORMAL,50.45,MEDIUM
neptune,ANOMALY,86.58,HIGH
normal,NORMAL,2.35,LOW
guess_passwd,NORMAL,15.08,LOW
neptune,ANOMALY,77.99,HIGH
normal,NORMAL,4.15,LOW
neptune,ANOMALY,76.09,HIGH
normal,NORMAL,1.45,LOW
snmpgetattack,NORMAL,26.81,LOW
processtable,NORMAL,47.91,MEDIUM
neptune,ANOMALY,86.14,HIGH
normal,NORMAL,0.82,LOW
neptune,ANOMALY,76.46,HIGH
normal,NORMAL,49.71,MEDIUM
saint,ANOMALY,95.09,HIGH
normal,NORMAL,0.33,LOW
normal,NORMAL,5.43,LOW
back,NORMAL,14.82,LOW
neptune,ANOMALY,75.63,HIGH
mailbomb,NORMAL,16.91,LOW
normal,NORMAL,9.56,LOW
neptune,ANOMALY,78.85,HIGH
normal,NORMAL,0.54,LOW
normal,NORMAL,0.56,LOW
neptune,ANOMALY,80.22,HIGH
normal,NORMAL,10.72,LOW
normal,NORMAL,24.72,LOW
mscan,ANOMALY,78.65,HIGH
normal,ANOMALY,66.32,MEDIUM
neptune,ANOMALY,81.02,HIGH
multihop,NORMAL,31.4,MEDIUM
neptune,ANOMALY,82.6,HIGH
normal,NORMAL,0.25,LOW
mailbomb,NORMAL,18.33,LOW
normal,NORMAL,35.35,MEDIUM
mscan,ANOMALY,78.93,HIGH
normal,NORMAL,8.45,LOW
normal,NORMAL,0.39,LOW
satan,ANOMALY,99.42,HIGH
normal,NORMAL,48.32,MEDIUM
guess_passwd,NORMAL,10.03,LOW
normal,NORMAL,0.37,LOW
normal,NORMAL,0.38,LOW
normal,NORMAL,2.69,LOW
normal,NORMAL,1.23,LOW
smurf,NORMAL,41.58,MEDIUM
normal,NORMAL,3.21,LOW
normal,NORMAL,15.44,LOW
normal,NORMAL,5.54,LOW
snmpgetattack,NORMAL,26.88,LOW
neptune,ANOMALY,79.95,HIGH
guess_passwd,NORMAL,23.83,LOW
apache2,ANOMALY,65.95,MEDIUM
neptune,ANOMALY,81.2,HIGH
normal,ANOMALY,53.19,MEDIUM
normal,NORMAL,17.45,LOW
normal,NORMAL,2.7,LOW
satan,ANOMALY,91.73,HIGH
nmap,ANOMALY,82.55,HIGH
mscan,ANOMALY,70.91,HIGH
processtable,NORMAL,44.61,MEDIUM
normal,NORMAL,2.84,LOW
neptune,ANOMALY,80.26,HIGH
normal,NORMAL,3.32,LOW
normal,NORMAL,2.38,LOW
neptune,ANOMALY,80.03,HIGH
satan,ANOMALY,91.81,HIGH
normal,NORMAL,1.85,LOW
normal,NORMAL,1.78,LOW
normal,NORMAL,2.66,LOW
normal,NORMAL,43.4,MEDIUM
neptune,ANOMALY,82.16,HIGH
httptunnel,ANOMALY,69.56,MEDIUM
guess_passwd,NORMAL,9.43,LOW
back,NORMAL,15.44,LOW
normal,NORMAL,2.34,LOW
normal,NORMAL,2.7,LOW
normal,ANOMALY,89.59,HIGH
normal,NORMAL,50.11,MEDIUM
processtable,NORMAL,49.83,MEDIUM
normal,NORMAL,5.11,LOW
normal,NORMAL,2.05,LOW
warezmaster,NORMAL,34.34,MEDIUM
mscan,ANOMALY,61.37,MEDIUM
normal,NORMAL,0.57,LOW
neptune,ANOMALY,87.34,HIGH
satan,ANOMALY,67.5,MEDIUM
processtable,NORMAL,46.97,MEDIUM
normal,NORMAL,17.57,LOW
back,NORMAL,34.95,MEDIUM
normal,NORMAL,22.69,LOW
normal,NORMAL,2.4,LOW
normal,NORMAL,4.49,LOW
neptune,ANOMALY,75.69,HIGH
mscan,ANOMALY,75.18,HIGH
neptune,ANOMALY,74.16,HIGH
normal,ANOMALY,55.87,MEDIUM
saint,ANOMALY,54.13,MEDIUM
normal,NORMAL,20.15,LOW
neptune,ANOMALY,79.35,HIGH
normal,NORMAL,23.05,LOW
normal,NORMAL,37.81,MEDIUM
neptune,ANOMALY,86.32,HIGH
processtable,ANOMALY,56.39,MEDIUM
neptune,ANOMALY,76.38,HIGH
back,NORMAL,19.2,LOW
smurf,ANOMALY,52.04,MEDIUM
normal,NORMAL,1.91,LOW
guess_passwd,NORMAL,24.11,LOW
neptune,ANOMALY,80.28,HIGH
snmpgetattack,NORMAL,27.27,LOW
normal,NORMAL,2.31,LOW
normal,NORMAL,15.43,LOW
mscan,ANOMALY,60.33,MEDIUM
snmpguess,NORMAL,26.43,LOW
smurf,NORMAL,42.2,MEDIUM
smurf,NORMAL,44.15,MEDIUM
ipsweep,ANOMALY,56.61,MEDIUM
apache2,ANOMALY,57.88,MEDIUM
normal,NORMAL,2.85,LOW
neptune,ANOMALY,81.87,HIGH
neptune,ANOMALY,76.36,HIGH
normal,NORMAL,20.96,LOW
normal,NORMAL,0.39,LOW
normal,NORMAL,19.68,LOW
warezmaster,NORMAL,34.75,MEDIUM
satan,ANOMALY,61.25,MEDIUM
neptune,ANOMALY,85.45,HIGH
normal,NORMAL,0.43,LOW
guess_passwd,NORMAL,11.22,LOW
normal,NORMAL,16.75,LOW
portsweep,ANOMALY,76.43,HIGH
mailbomb,NORMAL,46.38,MEDIUM
apache2,ANOMALY,65.81,MEDIUM
normal,NORMAL,17.51,LOW
warezmaster,NORMAL,48.7,MEDIUM
neptune,ANOMALY,79.98,HIGH
normal,NORMAL,11.19,LOW
normal,NORMAL,5.44,LOW
normal,NORMAL,17.6,LOW
normal,NORMAL,5.67,LOW
normal,NORMAL,0.91,LOW
neptune,ANOMALY,77.88,HIGH
normal,NORMAL,4.7,LOW
normal,NORMAL,0.64,LOW
normal,NORMAL,3.53,LOW
guess_passwd,NORMAL,14.6,LOW
normal,NORMAL,12.25,LOW
neptune,ANOMALY,81.87,HIGH
satan,ANOMALY,66.44,MEDIUM
normal,NORMAL,0.4,LOW
normal,NORMAL,1.51,LOW
neptune,ANOMALY,82.15,HIGH
apache2,ANOMALY,61.52,MEDIUM
normal,NORMAL,4.26,LOW
normal,NORMAL,1.52,LOW
normal,NORMAL,49.72,MEDIUM
normal,NORMAL,5.59,LOW
neptune,ANOMALY,81.28,HIGH
normal,NORMAL,2.7,LOW
normal,NORMAL,17.68,LOW
normal,NORMAL,1.42,LOW
normal,NORMAL,11.0,LOW
neptune,ANOMALY,78.61,HIGH
smurf,NORMAL,46.87,MEDIUM
mscan,ANOMALY,78.79,HIGH
neptune,ANOMALY,85.96,HIGH
normal,NORMAL,0.49,LOW
normal,NORMAL,21.0,LOW
smurf,ANOMALY,60.64,MEDIUM
normal,ANOMALY,65.2,MEDIUM
normal,NORMAL,4.92,LOW
normal,NORMAL,13.03,LOW
normal,NORMAL,41.99,MEDIUM
normal,NORMAL,2.17,LOW
snmpgetattack,NORMAL,30.19,MEDIUM
normal,NORMAL,2.82,LOW
smurf,NORMAL,41.44,MEDIUM
normal,NORMAL,1.5,LOW
normal,NORMAL,1.1,LOW
normal,NORMAL,3.69,LOW
smurf,NORMAL,37.09,MEDIUM
normal,NORMAL,2.08,LOW
apache2,ANOMALY,55.72,MEDIUM
neptune,ANOMALY,76.18,HIGH
warezmaster,NORMAL,25.02,LOW
normal,NORMAL,0.23,LOW
guess_passwd,NORMAL,21.68,LOW
guess_passwd,NORMAL,27.48,LOW
neptune,ANOMALY,82.14,HIGH
snmpguess,NORMAL,26.58,LOW
smurf,ANOMALY,54.25,MEDIUM
httptunnel,ANOMALY,69.86,MEDIUM
normal,NORMAL,0.97,LOW
apache2,ANOMALY,60.04,MEDIUM
normal,ANOMALY,63.63,MEDIUM
normal,NORMAL,23.81,LOW
normal,NORMAL,16.19,LOW
neptune,ANOMALY,87.65,HIGH
normal,NORMAL,30.04,MEDIUM
portsweep,ANOMALY,84.76,HIGH
mailbomb,NORMAL,18.55,LOW
neptune,ANOMALY,87.49,HIGH
normal,NORMAL,1.57,LOW
apache2,ANOMALY,76.04,HIGH
neptune,ANOMALY,81.64,HIGH
normal,NORMAL,3.57,LOW
neptune,ANOMALY,73.06,HIGH
normal,NORMAL,11.62,LOW
snmpgetattack,NORMAL,27.67,LOW
smurf,NORMAL,39.69,MEDIUM
neptune,ANOMALY,82.15,HIGH
neptune,ANOMALY,81.13,HIGH
guess_passwd,NORMAL,12.66,LOW
neptune,ANOMALY,87.43,HIGH
normal,NORMAL,21.75,LOW
nmap,ANOMALY,82.43,HIGH
back,NORMAL,16.97,LOW
normal,NORMAL,4.13,LOW
back,NORMAL,23.56,LOW
normal,NORMAL,0.22,LOW
neptune,ANOMALY,81.83,HIGH
normal,NORMAL,5.31,LOW
warezmaster,NORMAL,24.5,LOW
neptune,ANOMALY,76.74,HIGH
processtable,ANOMALY,75.73,HIGH
guess_passwd,NORMAL,24.32,LOW
normal,NORMAL,18.25,LOW
neptune,ANOMALY,80.77,HIGH
neptune,ANOMALY,70.91,HIGH
processtable,NORMAL,45.87,MEDIUM
neptune,ANOMALY,81.6,HIGH
guess_passwd,NORMAL,21.73,LOW
normal,NORMAL,9.06,LOW
apache2,ANOMALY,54.76,MEDIUM
normal,NORMAL,3.26,LOW
neptune,ANOMALY,86.43,HIGH
guess_passwd,NORMAL,24.04,LOW
neptune,ANOMALY,73.62,HIGH
normal,NORMAL,1.32,LOW
neptune,ANOMALY,82.43,HIGH
normal,NORMAL,50.09,MEDIUM
saint,ANOMALY,53.68,MEDIUM
guess_passwd,NORMAL,10.1,LOW
apache2,ANOMALY,76.8,HIGH
satan,ANOMALY,95.09,HIGH
normal,ANOMALY,69.37,MEDIUM
neptune,ANOMALY,86.61,HIGH
ipsweep,NORMAL,50.74,MEDIUM
normal,NORMAL,1.23,LOW
normal,NORMAL,3.35,LOW
neptune,ANOMALY,76.47,HIGH
mscan,ANOMALY,66.8,MEDIUM
normal,NORMAL,2.23,LOW
normal,NORMAL,18.14,LOW
normal,NORMAL,3.13,LOW
normal,NORMAL,10.71,LOW
mscan,NORMAL,39.55,MEDIUM
warezmaster,NORMAL,42.03,MEDIUM
normal,NORMAL,2.39,LOW
normal,NORMAL,3.36,LOW
normal,NORMAL,5.21,LOW
guess_passwd,NORMAL,9.93,LOW
guess_passwd,NORMAL,28.36,LOW
normal,NORMAL,6.52,LOW
normal,NORMAL,0.23,LOW
normal,NORMAL,30.3,MEDIUM
neptune,ANOMALY,82.22,HIGH
neptune,ANOMALY,87.87,HIGH
normal,NORMAL,1.03,LOW
normal,NORMAL,5.83,LOW
guess_passwd,NORMAL,33.15,MEDIUM
satan,ANOMALY,62.62,MEDIUM
normal,NORMAL,38.69,MEDIUM
normal,ANOMALY,65.73,MEDIUM
normal,NORMAL,17.24,LOW
normal,NORMAL,0.79,LOW
normal,NORMAL,49.63,MEDIUM
processtable,NORMAL,41.4,MEDIUM
normal,NORMAL,0.69,LOW
processtable,NORMAL,50.35,MEDIUM
normal,NORMAL,32.33,MEDIUM
normal,NORMAL,1.07,LOW
neptune,ANOMALY,87.29,HIGH
smurf,NORMAL,42.35,MEDIUM
pod,NORMAL,50.66,MEDIUM
snmpguess,NORMAL,26.11,LOW
apache2,ANOMALY,66.78,MEDIUM
neptune,ANOMALY,80.96,HIGH
normal,NORMAL,1.38,LOW
satan,ANOMALY,94.99,HIGH
normal,NORMAL,1.8,LOW
smurf,ANOMALY,52.58,MEDIUM
normal,NORMAL,4.64,LOW
normal,NORMAL,2.74,LOW
normal,NORMAL,1.99,LOW
guess_passwd,NORMAL,11.74,LOW
neptune,ANOMALY,85.09,HIGH
normal,NORMAL,38.29,MEDIUM
neptune,ANOMALY,74.01,HIGH
normal,NORMAL,17.26,LOW
mscan,ANOMALY,66.9,MEDIUM
warezmaster,NORMAL,35.63,MEDIUM
neptune,ANOMALY,81.52,HIGH
normal,NORMAL,36.02,MEDIUM
normal,NORMAL,1.21,LOW
normal,NORMAL,14.13,LOW
neptune,ANOMALY,86.74,HIGH
normal,NORMAL,1.69,LOW
neptune,ANOMALY,75.3,HIGH
satan,ANOMALY,94.04,HIGH
normal,NORMAL,2.98,LOW
normal,NORMAL,4.47,LOW
satan,ANOMALY,95.09,HIGH
neptune,ANOMALY,81.78,HIGH
neptune,ANOMALY,87.27,HIGH
satan,ANOMALY,68.15,MEDIUM
normal,NORMAL,32.97,MEDIUM
neptune,ANOMALY,83.84,HIGH
portsweep,ANOMALY,82.24,HIGH
normal,NORMAL,4.3,LOW
normal,ANOMALY,71.54,HIGH
normal,NORMAL,49.69,MEDIUM
normal,NORMAL,49.84,MEDIUM
normal,NORMAL,0.79,LOW
pod,ANOMALY,57.2,MEDIUM
smurf,NORMAL,44.15,MEDIUM
ipsweep,ANOMALY,56.93,MEDIUM
mscan,ANOMALY,70.5,HIGH
normal,NORMAL,18.99,LOW
normal,NORMAL,1.47,LOW
normal,NORMAL,2.67,LOW
smurf,NORMAL,36.59,MEDIUM
snmpgetattack,NORMAL,26.95,LOW
normal,NORMAL,1.31,LOW
normal,NORMAL,18.79,LOW
saint,ANOMALY,94.02,HIGH
normal,NORMAL,19.41,LOW
normal,NORMAL,41.84,MEDIUM
named,NORMAL,38.84,MEDIUM
neptune,ANOMALY,76.56,HIGH
normal,NORMAL,14.78,LOW
mailbomb,NORMAL,17.54,LOW
back,NORMAL,16.47,LOW
normal,NORMAL,3.47,LOW
normal,NORMAL,1.44,LOW
normal,NORMAL,10.94,LOW
normal,NORMAL,0.55,LOW
normal,NORMAL,4.72,LOW
guess_passwd,NORMAL,25.56,LOW
normal,NORMAL,0.74,LOW
neptune,ANOMALY,74.98,HIGH
smurf,NORMAL,44.64,MEDIUM
mscan,ANOMALY,68.3,MEDIUM
normal,NORMAL,46.1,MEDIUM
mscan,ANOMALY,66.95,MEDIUM
normal,NORMAL,0.61,LOW
normal,NORMAL,23.9,LOW
warezmaster,NORMAL,28.46,LOW
back,NORMAL,31.56,MEDIUM
normal,NORMAL,0.97,LOW
normal,NORMAL,0.8,LOW
warezmaster,NORMAL,35.29,MEDIUM
normal,NORMAL,18.56,LOW
neptune,ANOMALY,92.19,HIGH
normal,NORMAL,11.22,LOW
processtable,NORMAL,41.12,MEDIUM
neptune,ANOMALY,81.74,HIGH
normal,NORMAL,20.27,LOW
normal,NORMAL,12.3,LOW
satan,ANOMALY,70.65,HIGH
neptune,ANOMALY,87.36,HIGH
normal,NORMAL,18.74,LOW
warezmaster,NORMAL,25.76,LOW
apache2,ANOMALY,70.43,HIGH
normal,NORMAL,29.35,LOW
normal,NORMAL,4.06,LOW
normal,NORMAL,4.39,LOW
neptune,ANOMALY,80.84,HIGH
neptune,ANOMALY,81.71,HIGH
normal,NORMAL,17.42,LOW
normal,NORMAL,13.44,LOW
neptune,ANOMALY,81.51,HIGH
neptune,ANOMALY,87.36,HIGH
normal,NORMAL,0.85,LOW
normal,NORMAL,15.07,LOW
normal,NORMAL,1.89,LOW
normal,NORMAL,18.93,LOW
apache2,ANOMALY,57.29,MEDIUM
normal,NORMAL,9.71,LOW
smurf,ANOMALY,52.19,MEDIUM
satan,ANOMALY,91.37,HIGH
normal,NORMAL,12.39,LOW
warezmaster,NORMAL,27.88,LOW
normal,NORMAL,25.25,LOW
normal,NORMAL,7.58,LOW
normal,NORMAL,1.08,LOW
guess_passwd,NORMAL,10.23,LOW
normal,NORMAL,1.68,LOW
apache2,ANOMALY,61.82,MEDIUM
saint,ANOMALY,82.8,HIGH
normal,NORMAL,1.92,LOW
neptune,ANOMALY,81.06,HIGH
normal,NORMAL,2.1,LOW
neptune,ANOMALY,80.38,HIGH
normal,NORMAL,2.03,LOW
processtable,NORMAL,44.75,MEDIUM
normal,NORMAL,22.5,LOW
normal,NORMAL,0.38,LOW
processtable,NORMAL,37.89,MEDIUM
neptune,ANOMALY,81.5,HIGH
processtable,ANOMALY,75.6,HIGH
normal,NORMAL,50.57,MEDIUM
processtable,NORMAL,38.14,MEDIUM
normal,NORMAL,2.82,LOW
warezmaster,NORMAL,32.53,MEDIUM
mscan,ANOMALY,68.2,MEDIUM
normal,NORMAL,0.58,LOW
normal,NORMAL,11.17,LOW
normal,NORMAL,1.49,LOW
normal,NORMAL,0.37,LOW
neptune,ANOMALY,73.41,HIGH
neptune,ANOMALY,81.49,HIGH
normal,NORMAL,0.76,LOW
normal,NORMAL,17.39,LOW
normal,NORMAL,0.54,LOW
neptune,ANOMALY,81.8,HIGH
normal,NORMAL,3.02,LOW
normal,NORMAL,1.62,LOW
neptune,ANOMALY,87.03,HIGH
neptune,ANOMALY,81.39,HIGH
normal,NORMAL,1.72,LOW
normal,NORMAL,13.71,LOW
snmpgetattack,NORMAL,26.86,LOW
normal,NORMAL,28.14,LOW
normal,NORMAL,3.53,LOW
processtable,ANOMALY,75.94,HIGH
warezmaster,NORMAL,25.11,LOW
normal,NORMAL,49.65,MEDIUM
normal,NORMAL,23.2,LOW
warezmaster,NORMAL,35.57,MEDIUM
neptune,ANOMALY,82.34,HIGH
normal,NORMAL,1.3,LOW
normal,NORMAL,12.65,LOW
neptune,ANOMALY,81.91,HIGH
processtable,ANOMALY,64.3,MEDIUM
apache2,ANOMALY,61.5,MEDIUM
normal,NORMAL,3.9,LOW
normal,NORMAL,2.51,LOW
warezmaster,NORMAL,38.19,MEDIUM
normal,NORMAL,3.33,LOW
normal,NORMAL,21.62,LOW
apache2,ANOMALY,63.24,MEDIUM
normal,NORMAL,19.03,LOW
guess_passwd,NORMAL,20.26,LOW
neptune,ANOMALY,86.98,HIGH
neptune,ANOMALY,76.38,HIGH
mailbomb,NORMAL,20.48,LOW
neptune,ANOMALY,80.89,HIGH
neptune,ANOMALY,81.74,HIGH
satan,ANOMALY,99.1,HIGH
warezmaster,NORMAL,32.67,MEDIUM
neptune,ANOMALY,82.09,HIGH
back,NORMAL,28.06,LOW
neptune,ANOMALY,82.2,HIGH
normal,NORMAL,26.79,LOW
apache2,ANOMALY,53.14,MEDIUM
normal,NORMAL,11.99,LOW
normal,NORMAL,1.68,LOW
mscan,ANOMALY,82.56,HIGH
normal,NORMAL,45.89,MEDIUM
processtable,NORMAL,38.01,MEDIUM
normal,NORMAL,3.05,LOW
neptune,ANOMALY,81.82,HIGH
normal,NORMAL,2.96,LOW
neptune,ANOMALY,82.06,HIGH
normal,NORMAL,18.75,LOW
guess_passwd,NORMAL,9.64,LOW
apache2,ANOMALY,62.05,MEDIUM
neptune,ANOMALY,75.28,HIGH
neptune,ANOMALY,87.25,HIGH
normal,NORMAL,0.78,LOW
mscan,ANOMALY,77.14,HIGH
neptune,ANOMALY,85.97,HIGH
normal,NORMAL,17.85,LOW
normal,NORMAL,2.29,LOW
normal,NORMAL,0.5,LOW
neptune,ANOMALY,87.38,HIGH
neptune,ANOMALY,80.81,HIGH
neptune,ANOMALY,81.52,HIGH
warezmaster,NORMAL,37.13,MEDIUM
normal,NORMAL,42.86,MEDIUM
apache2,ANOMALY,74.82,HIGH
normal,NORMAL,3.24,LOW
satan,ANOMALY,94.77,HIGH
processtable,NORMAL,46.34,MEDIUM
processtable,ANOMALY,77.01,HIGH
neptune,ANOMALY,81.06,HIGH
neptune,ANOMALY,80.52,HIGH
normal,NORMAL,3.75,LOW
normal,NORMAL,7.14,LOW
saint,ANOMALY,54.91,MEDIUM
neptune,ANOMALY,81.52,HIGH
normal,NORMAL,1.29,LOW
ipsweep,NORMAL,51.63,MEDIUM
sendmail,NORMAL,37.77,MEDIUM
normal,NORMAL,19.0,LOW
normal,NORMAL,16.08,LOW
neptune,ANOMALY,81.81,HIGH
warezmaster,NORMAL,46.08,MEDIUM
neptune,ANOMALY,80.79,HIGH
normal,NORMAL,1.69,LOW
neptune,ANOMALY,82.27,HIGH
normal,NORMAL,2.98,LOW
normal,NORMAL,1.6,LOW
neptune,ANOMALY,80.44,HIGH
normal,NORMAL,4.67,LOW
snmpgetattack,NORMAL,26.68,LOW
satan,ANOMALY,93.15,HIGH
normal,NORMAL,6.02,LOW
neptune,ANOMALY,81.94,HIGH
satan,ANOMALY,62.13,MEDIUM
normal,ANOMALY,52.91,MEDIUM
neptune,ANOMALY,81.97,HIGH
snmpguess,NORMAL,26.52,LOW
normal,NORMAL,0.97,LOW
buffer_overflow,NORMAL,35.09,MEDIUM
satan,ANOMALY,63.13,MEDIUM
guess_passwd,NORMAL,10.53,LOW
guess_passwd,NORMAL,28.74,LOW
normal,NORMAL,0.18,LOW
snmpgetattack,NORMAL,37.98,MEDIUM
normal,NORMAL,4.7,LOW
normal,NORMAL,38.49,MEDIUM
normal,NORMAL,29.25,LOW
normal,NORMAL,17.31,LOW
normal,NORMAL,3.72,LOW
apache2,ANOMALY,65.46,MEDIUM
smurf,NORMAL,44.71,MEDIUM
normal,NORMAL,3.21,LOW
snmpguess,NORMAL,26.27,LOW
saint,ANOMALY,55.41,MEDIUM
apache2,ANOMALY,56.96,MEDIUM
normal,NORMAL,49.72,MEDIUM
neptune,ANOMALY,77.06,HIGH
neptune,ANOMALY,86.22,HIGH
snmpgetattack,NORMAL,26.57,LOW
normal,NORMAL,2.73,LOW
normal,NORMAL,0.6,LOW
neptune,ANOMALY,75.3,HIGH
processtable,NORMAL,38.85,MEDIUM
neptune,ANOMALY,86.26,HIGH
smurf,ANOMALY,53.21,MEDIUM
normal,NORMAL,18.54,LOW
normal,NORMAL,26.66,LOW
normal,NORMAL,22.75,LOW
neptune,ANOMALY,80.56,HIGH
normal,NORMAL,2.32,LOW
normal,NORMAL,26.71,LOW
apache2,ANOMALY,60.54,MEDIUM
smurf,NORMAL,36.95,MEDIUM
neptune,ANOMALY,87.04,HIGH
normal,NORMAL,0.61,LOW
normal,NORMAL,3.32,LOW
guess_passwd,NORMAL,23.59,LOW
normal,NORMAL,3.54,LOW
neptune,ANOMALY,81.91,HIGH
smurf,NORMAL,37.97,MEDIUM
buffer_overflow,ANOMALY,72.0,HIGH
nmap,ANOMALY,82.48,HIGH
normal,NORMAL,0.13,LOW
normal,NORMAL,17.07,LOW
neptune,ANOMALY,81.41,HIGH
satan,ANOMALY,66.97,MEDIUM
smurf,NORMAL,40.15,MEDIUM
neptune,ANOMALY,75.52,HIGH
neptune,ANOMALY,75.47,HIGH
normal,NORMAL,1.09,LOW
normal,NORMAL,1.58,LOW
normal,NORMAL,13.07,LOW
smurf,NORMAL,40.37,MEDIUM
neptune,ANOMALY,82.42,HIGH
neptune,ANOMALY,81.08,HIGH
processtable,ANOMALY,75.8,HIGH
mscan,ANOMALY,72.2,HIGH
normal,NORMAL,2.93,LOW
warezmaster,NORMAL,40.94,MEDIUM
normal,NORMAL,19.81,LOW
neptune,ANOMALY,90.76,HIGH
normal,NORMAL,3.02,LOW
neptune,ANOMALY,81.64,HIGH
guess_passwd,NORMAL,25.05,LOW
normal,NORMAL,2.48,LOW
smurf,ANOMALY,52.91,MEDIUM
normal,NORMAL,36.17,MEDIUM
back,NORMAL,18.64,LOW
processtable,NORMAL,46.54,MEDIUM
neptune,ANOMALY,82.13,HIGH
satan,ANOMALY,98.35,HIGH
smurf,ANOMALY,52.04,MEDIUM
saint,ANOMALY,93.8,HIGH
normal,NORMAL,1.38,LOW
normal,NORMAL,1.8,LOW
normal,NORMAL,18.4,LOW
nmap,ANOMALY,88.79,HIGH
back,NORMAL,16.69,LOW
neptune,ANOMALY,81.3,HIGH
normal,NORMAL,20.4,LOW
neptune,ANOMALY,85.08,HIGH
neptune,ANOMALY,80.32,HIGH
processtable,ANOMALY,82.88,HIGH
normal,NORMAL,22.04,LOW
mscan,ANOMALY,66.48,MEDIUM
neptune,ANOMALY,76.71,HIGH
neptune,ANOMALY,75.68,HIGH
neptune,ANOMALY,80.21,HIGH
back,NORMAL,30.16,MEDIUM
smurf,ANOMALY,52.19,MEDIUM
normal,NORMAL,49.65,MEDIUM
normal,NORMAL,34.44,MEDIUM
normal,NORMAL,3.41,LOW
mscan,ANOMALY,70.52,HIGH
smurf,ANOMALY,52.76,MEDIUM
snmpguess,NORMAL,26.24,LOW
normal,NORMAL,1.79,LOW
normal,NORMAL,3.55,LOW
normal,NORMAL,21.04,LOW
warezmaster,NORMAL,28.28,LOW
smurf,NORMAL,50.77,MEDIUM
neptune,ANOMALY,82.25,HIGH
normal,NORMAL,29.64,LOW
normal,NORMAL,3.09,LOW
normal,NORMAL,18.09,LOW
normal,NORMAL,1.84,LOW
normal,NORMAL,0.35,LOW
mscan,ANOMALY,72.86,HIGH
nmap,ANOMALY,82.5,HIGH
normal,NORMAL,21.42,LOW
normal,NORMAL,0.76,LOW
normal,NORMAL,1.43,LOW
processtable,ANOMALY,66.42,MEDIUM
smurf,NORMAL,48.81,MEDIUM
normal,NORMAL,2.18,LOW
apache2,ANOMALY,58.1,MEDIUM
normal,NORMAL,1.8,LOW
neptune,ANOMALY,82.09,HIGH
neptune,ANOMALY,86.52,HIGH
neptune,ANOMALY,77.19,HIGH
mailbomb,NORMAL,19.63,LOW
satan,ANOMALY,68.33,MEDIUM
neptune,ANOMALY,80.7,HIGH
back,NORMAL,18.02,LOW
normal,NORMAL,2.06,LOW
normal,NORMAL,3.16,LOW
normal,NORMAL,1.3,LOW
normal,NORMAL,22.6,LOW
normal,NORMAL,24.02,LOW
normal,NORMAL,4.81,LOW
neptune,ANOMALY,78.6,HIGH
guess_passwd,NORMAL,18.68,LOW
smurf,ANOMALY,62.07,MEDIUM
ipsweep,ANOMALY,52.74,MEDIUM
mscan,ANOMALY,77.21,HIGH
guess_passwd,NORMAL,13.51,LOW
normal,NORMAL,3.07,LOW
sendmail,NORMAL,24.85,LOW
neptune,ANOMALY,86.22,HIGH
neptune,ANOMALY,80.49,HIGH
mailbomb,NORMAL,23.49,LOW
neptune,ANOMALY,80.55,HIGH
normal,NORMAL,50.45,MEDIUM
normal,NORMAL,1.83,LOW
neptune,ANOMALY,81.52,HIGH
neptune,ANOMALY,81.82,HIGH
normal,NORMAL,0.53,LOW
satan,ANOMALY,67.67,MEDIUM
httptunnel,ANOMALY,62.25,MEDIUM
normal,NORMAL,35.1,MEDIUM
normal,NORMAL,26.21,LOW
mscan,ANOMALY,75.06,HIGH
apache2,ANOMALY,52.99,MEDIUM
normal,NORMAL,0.39,LOW
normal,NORMAL,5.37,LOW
normal,NORMAL,1.49,LOW
smurf,ANOMALY,54.26,MEDIUM
normal,NORMAL,20.54,LOW
normal,NORMAL,11.99,LOW
neptune,ANOMALY,80.36,HIGH
normal,NORMAL,0.56,LOW
normal,NORMAL,0.33,LOW
warezmaster,NORMAL,27.87,LOW
normal,NORMAL,20.85,LOW
normal,NORMAL,48.82,MEDIUM
normal,NORMAL,0.18,LOW
normal,NORMAL,1.61,LOW
normal,NORMAL,1.56,LOW
warezmaster,NORMAL,23.48,LOW
normal,NORMAL,0.61,LOW
apache2,ANOMALY,73.76,HIGH
mscan,ANOMALY,70.96,HIGH
warezmaster,NORMAL,32.27,MEDIUM
neptune,ANOMALY,80.72,HIGH
neptune,ANOMALY,86.8,HIGH
normal,NORMAL,23.35,LOW
normal,NORMAL,1.55,LOW
normal,NORMAL,2.53,LOW
normal,NORMAL,0.44,LOW
mailbomb,NORMAL,31.89,MEDIUM
apache2,ANOMALY,73.87,HIGH
apache2,ANOMALY,53.8,MEDIUM
warezmaster,NORMAL,37.38,MEDIUM
snmpgetattack,NORMAL,26.86,LOW
normal,NORMAL,49.65,MEDIUM
neptune,ANOMALY,87.3,HIGH
neptune,ANOMALY,80.35,HIGH
normal,NORMAL,14.84,LOW
normal,NORMAL,31.08,MEDIUM
neptune,ANOMALY,86.85,HIGH
neptune,ANOMALY,87.32,HIGH
normal,NORMAL,32.64,MEDIUM
normal,NORMAL,39.48,MEDIUM
mailbomb,NORMAL,22.57,LOW
apache2,ANOMALY,61.78,MEDIUM
mscan,ANOMALY,66.53,MEDIUM
normal,NORMAL,2.93,LOW
normal,NORMAL,1.45,LOW
normal,NORMAL,0.62,LOW
satan,ANOMALY,65.47,MEDIUM
neptune,ANOMALY,87.25,HIGH
normal,NORMAL,49.72,MEDIUM
normal,NORMAL,17.67,LOW
smurf,ANOMALY,61.0,MEDIUM
nmap,ANOMALY,82.4,HIGH
neptune,ANOMALY,82.07,HIGH
normal,NORMAL,27.51,LOW
normal,NORMAL,12.89,LOW
normal,NORMAL,8.73,LOW
warezmaster,NORMAL,23.97,LOW
saint,ANOMALY,54.93,MEDIUM
processtable,NORMAL,41.4,MEDIUM
neptune,ANOMALY,79.82,HIGH
warezmaster,NORMAL,37.74,MEDIUM
mscan,ANOMALY,79.34,HIGH
normal,NORMAL,17.9,LOW
satan,ANOMALY,64.02,MEDIUM
neptune,ANOMALY,80.52,HIGH
mscan,ANOMALY,59.26,MEDIUM
ipsweep,NORMAL,51.57,MEDIUM
normal,NORMAL,3.61,LOW
smurf,NORMAL,49.99,MEDIUM
portsweep,ANOMALY,85.85,HIGH
processtable,NORMAL,50.66,MEDIUM
mailbomb,NORMAL,19.13,LOW
apache2,ANOMALY,71.7,HIGH
neptune,ANOMALY,78.69,HIGH
normal,NORMAL,4.25,LOW
neptune,ANOMALY,80.24,HIGH
back,NORMAL,16.6,LOW
normal,NORMAL,1.66,LOW
normal,NORMAL,19.13,LOW
apache2,ANOMALY,68.76,MEDIUM
neptune,ANOMALY,80.87,HIGH
neptune,ANOMALY,76.27,HIGH
normal,NORMAL,1.56,LOW
normal,NORMAL,1.88,LOW
normal,NORMAL,27.22,LOW
normal,NORMAL,11.11,LOW
neptune,ANOMALY,83.77,HIGH
processtable,NORMAL,41.4,MEDIUM
smurf,NORMAL,38.72,MEDIUM
satan,ANOMALY,67.5,MEDIUM
normal,NORMAL,1.72,LOW
neptune,ANOMALY,84.58,HIGH
normal,NORMAL,5.27,LOW
normal,NORMAL,0.72,LOW
normal,NORMAL,21.06,LOW
snmpgetattack,NORMAL,45.07,MEDIUM
processtable,ANOMALY,60.83,MEDIUM
neptune,ANOMALY,75.17,HIGH
neptune,ANOMALY,75.21,HIGH
normal,NORMAL,0.39,LOW
normal,NORMAL,1.6,LOW
neptune,ANOMALY,81.75,HIGH
warezmaster,NORMAL,36.28,MEDIUM
normal,ANOMALY,63.02,MEDIUM
neptune,ANOMALY,82.4,HIGH
back,NORMAL,42.19,MEDIUM
normal,NORMAL,0.8,LOW
normal,NORMAL,3.67,LOW
normal,NORMAL,26.74,LOW
normal,NORMAL,1.64,LOW
neptune,ANOMALY,74.67,HIGH
warezmaster,NORMAL,28.72,LOW
warezmaster,NORMAL,41.24,MEDIUM
normal,NORMAL,9.6,LOW
normal,NORMAL,7.69,LOW
smurf,NORMAL,35.14,MEDIUM
guess_passwd,NORMAL,9.37,LOW
normal,NORMAL,1.67,LOW
neptune,ANOMALY,80.37,HIGH
normal,NORMAL,43.93,MEDIUM
normal,NORMAL,2.29,LOW
neptune,ANOMALY,81.98,HIGH
neptune,ANOMALY,80.38,HIGH
neptune,ANOMALY,86.41,HIGH
neptune,ANOMALY,82.2,HIGH
normal,NORMAL,7.53,LOW
httptunnel,ANOMALY,62.33,MEDIUM
warezmaster,NORMAL,28.13,LOW
normal,NORMAL,4.08,LOW
neptune,ANOMALY,81.28,HIGH
neptune,ANOMALY,85.79,HIGH
normal,NORMAL,19.9,LOW
back,NORMAL,16.94,LOW
mailbomb,NORMAL,12.16,LOW
nmap,ANOMALY,82.21,HIGH
neptune,ANOMALY,82.44,HIGH
normal,ANOMALY,60.73,MEDIUM
normal,NORMAL,0.33,LOW
httptunnel,NORMAL,33.09,MEDIUM
guess_passwd,NORMAL,10.63,LOW
normal,NORMAL,26.31,LOW
normal,NORMAL,12.29,LOW
back,NORMAL,37.78,MEDIUM
neptune,ANOMALY,81.28,HIGH
mscan,ANOMALY,80.85,HIGH
smurf,NORMAL,40.5,MEDIUM
normal,NORMAL,49.62,MEDIUM
guess_passwd,NORMAL,12.68,LOW
mscan,ANOMALY,74.93,HIGH
normal,NORMAL,1.73,LOW
guess_passwd,NORMAL,10.54,LOW
normal,NORMAL,17.65,LOW
neptune,ANOMALY,74.23,HIGH
neptune,ANOMALY,88.4,HIGH
normal,NORMAL,9.32,LOW
normal,NORMAL,2.99,LOW
normal,NORMAL,22.31,LOW
neptune,ANOMALY,80.37,HIGH
normal,NORMAL,3.46,LOW
apache2,ANOMALY,67.54,MEDIUM
httptunnel,ANOMALY,62.5,MEDIUM
portsweep,ANOMALY,77.05,HIGH
normal,NORMAL,15.95,LOW
normal,NORMAL,19.95,LOW
satan,ANOMALY,94.3,HIGH
smurf,NORMAL,34.91,MEDIUM
neptune,ANOMALY,76.63,HIGH
neptune,ANOMALY,80.72,HIGH
normal,NORMAL,17.13,LOW
mscan,ANOMALY,78.0,HIGH
normal,NORMAL,4.9,LOW
neptune,ANOMALY,76.89,HIGH
normal,NORMAL,0.7,LOW
normal,NORMAL,16.72,LOW
normal,NORMAL,4.28,LOW
normal,NORMAL,7.13,LOW
httptunnel,NORMAL,33.74,MEDIUM
normal,NORMAL,4.75,LOW
processtable,NORMAL,45.87,MEDIUM
guess_passwd,NORMAL,9.48,LOW
normal,NORMAL,1.24,LOW
normal,NORMAL,49.72,MEDIUM
saint,ANOMALY,52.15,MEDIUM
normal,NORMAL,6.27,LOW
mailbomb,NORMAL,33.02,MEDIUM
mscan,ANOMALY,67.24,MEDIUM
neptune,ANOMALY,76.56,HIGH
normal,NORMAL,2.86,LOW
normal,NORMAL,1.69,LOW
neptune,ANOMALY,82.16,HIGH
neptune,ANOMALY,85.53,HIGH
snmpguess,NORMAL,26.32,LOW
neptune,ANOMALY,84.35,HIGH
neptune,ANOMALY,80.43,HIGH
guess_passwd,NORMAL,11.25,LOW
pod,NORMAL,50.18,MEDIUM
normal,NORMAL,3.6,LOW
normal,NORMAL,1.81,LOW
neptune,ANOMALY,74.42,HIGH
normal,NORMAL,1.61,LOW
smurf,NORMAL,48.04,MEDIUM
normal,NORMAL,3.98,LOW
neptune,ANOMALY,80.18,HIGH
neptune,ANOMALY,85.54,HIGH
normal,NORMAL,0.46,LOW
guess_passwd,NORMAL,13.9,LOW
warezmaster,NORMAL,31.57,MEDIUM
satan,ANOMALY,98.47,HIGH
neptune,ANOMALY,81.4,HIGH
neptune,ANOMALY,85.9,HIGH
mscan,ANOMALY,83.86,HIGH
processtable,ANOMALY,55.38,MEDIUM
normal,NORMAL,2.08,LOW
neptune,ANOMALY,82.8,HIGH
warezmaster,NORMAL,27.27,LOW
mscan,ANOMALY,75.26,HIGH
neptune,ANOMALY,80.68,HIGH
processtable,NORMAL,37.85,MEDIUM
snmpgetattack,NORMAL,28.08,LOW
mscan,ANOMALY,80.31,HIGH
satan,ANOMALY,68.65,MEDIUM
mscan,ANOMALY,75.96,HIGH
portsweep,ANOMALY,76.92,HIGH
snmpguess,NORMAL,26.5,LOW
normal,NORMAL,17.77,LOW
normal,NORMAL,0.54,LOW
normal,NORMAL,2.38,LOW
normal,NORMAL,19.25,LOW
normal,NORMAL,7.97,LOW
normal,NORMAL,13.22,LOW
apache2,ANOMALY,66.42,MEDIUM
normal,NORMAL,10.07,LOW
neptune,ANOMALY,80.39,HIGH
saint,ANOMALY,88.63,HIGH
smurf,NORMAL,45.27,MEDIUM
neptune,ANOMALY,86.98,HIGH
apache2,ANOMALY,61.66,MEDIUM
normal,NORMAL,40.4,MEDIUM
normal,NORMAL,44.05,MEDIUM
normal,NORMAL,23.38,LOW
neptune,ANOMALY,81.85,HIGH
satan,ANOMALY,64.45,MEDIUM
normal,ANOMALY,61.72,MEDIUM
satan,ANOMALY,92.5,HIGH
normal,NORMAL,9.18,LOW
processtable,ANOMALY,75.41,HIGH
neptune,ANOMALY,76.07,HIGH
neptune,ANOMALY,74.53,HIGH
normal,ANOMALY,62.58,MEDIUM
normal,NORMAL,0.46,LOW
neptune,ANOMALY,82.07,HIGH
apache2,NORMAL,23.3,LOW
neptune,ANOMALY,82.32,HIGH
httptunnel,ANOMALY,62.48,MEDIUM
neptune,ANOMALY,75.02,HIGH
normal,NORMAL,2.69,LOW
normal,NORMAL,22.02,LOW
neptune,ANOMALY,81.27,HIGH
normal,NORMAL,3.87,LOW
normal,NORMAL,1.12,LOW
satan,ANOMALY,91.73,HIGH
normal,NORMAL,13.53,LOW
smurf,NORMAL,50.1,MEDIUM
normal,NORMAL,1.57,LOW
normal,NORMAL,24.6,LOW
normal,NORMAL,0.25,LOW
apache2,ANOMALY,68.74,MEDIUM
neptune,ANOMALY,87.33,HIGH
normal,NORMAL,23.12,LOW
normal,NORMAL,4.01,LOW
snmpguess,NORMAL,37.83,MEDIUM
neptune,ANOMALY,76.4,HIGH
guess_passwd,NORMAL,10.11,LOW
normal,NORMAL,0.45,LOW
mscan,ANOMALY,78.84,HIGH
normal,NORMAL,26.48,LOW
normal,NORMAL,0.74,LOW
neptune,ANOMALY,85.92,HIGH
normal,NORMAL,4.76,LOW
warezmaster,NORMAL,23.01,LOW
guess_passwd,NORMAL,10.51,LOW
normal,NORMAL,2.61,LOW
satan,ANOMALY,65.91,MEDIUM
neptune,ANOMALY,76.58,HIGH
mailbomb,NORMAL,17.85,LOW
snmpguess,NORMAL,41.17,MEDIUM
normal,NORMAL,0.25,LOW
neptune,ANOMALY,80.19,HIGH
ipsweep,NORMAL,51.61,MEDIUM
neptune,ANOMALY,82.15,HIGH
normal,NORMAL,46.18,MEDIUM
neptune,ANOMALY,81.97,HIGH
neptune,ANOMALY,82.7,HIGH
satan,ANOMALY,66.38,MEDIUM
normal,NORMAL,3.2,LOW
guess_passwd,NORMAL,9.06,LOW
neptune,ANOMALY,82.16,HIGH
neptune,ANOMALY,80.23,HIGH
satan,ANOMALY,55.62,MEDIUM
smurf,NORMAL,39.14,MEDIUM
processtable,ANOMALY,67.03,MEDIUM
normal,NORMAL,0.27,LOW
guess_passwd,NORMAL,9.41,LOW
snmpguess,NORMAL,26.37,LOW
normal,NORMAL,3.0,LOW
normal,NORMAL,22.54,LOW
guess_passwd,NORMAL,13.43,LOW
normal,NORMAL,22.69,LOW
normal,NORMAL,1.92,LOW
normal,NORMAL,1.02,LOW
snmpguess,NORMAL,26.5,LOW
normal,NORMAL,3.76,LOW
warezmaster,NORMAL,38.09,MEDIUM
normal,NORMAL,0.37,LOW
mscan,ANOMALY,71.86,HIGH
processtable,NORMAL,49.95,MEDIUM
normal,NORMAL,5.8,LOW
normal,NORMAL,50.49,MEDIUM
normal,NORMAL,21.33,LOW
guess_passwd,NORMAL,11.74,LOW
processtable,NORMAL,37.04,MEDIUM
normal,NORMAL,13.04,LOW
normal,NORMAL,19.34,LOW
neptune,ANOMALY,87.18,HIGH
httptunnel,ANOMALY,65.84,MEDIUM
normal,NORMAL,22.0,LOW
ipsweep,NORMAL,42.09,MEDIUM
snmpgetattack,NORMAL,26.88,LOW
processtable,ANOMALY,66.86,MEDIUM
normal,NORMAL,0.48,LOW
normal,NORMAL,2.18,LOW
normal,NORMAL,12.66,LOW
mailbomb,NORMAL,30.43,MEDIUM
mscan,NORMAL,45.5,MEDIUM
mscan,ANOMALY,76.05,HIGH
normal,NORMAL,3.35,LOW
apache2,ANOMALY,65.94,MEDIUM
neptune,ANOMALY,81.85,HIGH
snmpguess,NORMAL,26.63,LOW
neptune,ANOMALY,75.47,HIGH
normal,NORMAL,21.36,LOW
normal,NORMAL,1.13,LOW
normal,NORMAL,2.18,LOW
satan,ANOMALY,63.38,MEDIUM
normal,NORMAL,25.29,LOW
mscan,ANOMALY,71.24,HIGH
neptune,ANOMALY,80.87,HIGH
back,NORMAL,15.32,LOW
normal,NORMAL,2.69,LOW
neptune,ANOMALY,79.89,HIGH
warezmaster,NORMAL,31.7,MEDIUM
normal,NORMAL,5.27,LOW
neptune,ANOMALY,83.52,HIGH
normal,NORMAL,5.07,LOW
normal,NORMAL,50.11,MEDIUM
processtable,NORMAL,37.85,MEDIUM
guess_passwd,NORMAL,10.03,LOW
neptune,ANOMALY,80.05,HIGH
neptune,ANOMALY,81.11,HIGH
normal,NORMAL,2.7,LOW
neptune,ANOMALY,81.23,HIGH
warezmaster,ANOMALY,52.46,MEDIUM
neptune,ANOMALY,86.44,HIGH
warezmaster,NORMAL,34.32,MEDIUM
normal,NORMAL,0.35,LOW
normal,NORMAL,21.19,LOW
normal,NORMAL,10.73,LOW
ipsweep,ANOMALY,55.32,MEDIUM
neptune,ANOMALY,81.57,HIGH
normal,NORMAL,18.92,LOW
normal,NORMAL,2.72,LOW
normal,NORMAL,0.53,LOW
normal,NORMAL,2.66,LOW
mailbomb,NORMAL,19.31,LOW
neptune,ANOMALY,76.78,HIGH
warezmaster,NORMAL,38.09,MEDIUM
normal,NORMAL,0.48,LOW
mscan,ANOMALY,64.63,MEDIUM
neptune,ANOMALY,75.56,HIGH
neptune,ANOMALY,76.52,HIGH
normal,NORMAL,1.24,LOW
satan,ANOMALY,82.39,HIGH
normal,NORMAL,22.69,LOW
normal,NORMAL,4.3,LOW
neptune,ANOMALY,81.75,HIGH
normal,NORMAL,26.96,LOW
processtable,ANOMALY,63.5,MEDIUM
normal,NORMAL,39.38,MEDIUM
saint,ANOMALY,53.43,MEDIUM
normal,NORMAL,17.5,LOW
neptune,ANOMALY,84.42,HIGH
normal,NORMAL,0.32,LOW
normal,NORMAL,39.39,MEDIUM
apache2,NORMAL,50.68,MEDIUM
smurf,NORMAL,45.54,MEDIUM
warezmaster,NORMAL,28.32,LOW
normal,NORMAL,49.65,MEDIUM
normal,NORMAL,1.28,LOW
neptune,ANOMALY,86.51,HIGH
guess_passwd,NORMAL,11.73,LOW
normal,NORMAL,2.96,LOW
neptune,ANOMALY,76.96,HIGH
satan,ANOMALY,94.5,HIGH
normal,NORMAL,0.71,LOW
normal,NORMAL,50.45,MEDIUM
normal,NORMAL,1.39,LOW
smurf,NORMAL,36.73,MEDIUM
normal,NORMAL,3.61,LOW
normal,NORMAL,4.97,LOW
normal,NORMAL,2.33,LOW
normal,NORMAL,14.42,LOW
smurf,NORMAL,50.46,MEDIUM
normal,NORMAL,0.63,LOW
normal,NORMAL,18.26,LOW
satan,ANOMALY,66.59,MEDIUM
normal,NORMAL,3.4,LOW
normal,NORMAL,7.55,LOW
snmpgetattack,NORMAL,45.09,MEDIUM
normal,NORMAL,1.93,LOW
normal,NORMAL,11.49,LOW
neptune,ANOMALY,86.15,HIGH
normal,ANOMALY,64.88,MEDIUM
normal,NORMAL,1.55,LOW
neptune,ANOMALY,86.24,HIGH
warezmaster,NORMAL,29.37,LOW
neptune,ANOMALY,80.55,HIGH
neptune,ANOMALY,77.94,HIGH
normal,NORMAL,3.32,LOW
normal,NORMAL,5.43,LOW
back,NORMAL,13.86,LOW
normal,NORMAL,22.88,LOW
normal,NORMAL,2.0,LOW
warezmaster,NORMAL,38.41,MEDIUM
neptune,ANOMALY,82.45,HIGH
neptune,ANOMALY,74.75,HIGH
normal,NORMAL,2.97,LOW
normal,NORMAL,37.81,MEDIUM
normal,NORMAL,3.32,LOW
normal,NORMAL,1.23,LOW
guess_passwd,NORMAL,10.93,LOW
normal,NORMAL,0.63,LOW
mscan,ANOMALY,72.32,HIGH
guess_passwd,NORMAL,28.82,LOW
normal,NORMAL,1.75,LOW
normal,NORMAL,2.32,LOW
normal,NORMAL,3.11,LOW
normal,NORMAL,50.56,MEDIUM
smurf,NORMAL,49.99,MEDIUM
normal,NORMAL,16.82,LOW
mscan,ANOMALY,70.51,HIGH
normal,NORMAL,46.68,MEDIUM
apache2,ANOMALY,58.43,MEDIUM
normal,NORMAL,1.12,LOW
normal,NORMAL,2.36,LOW
neptune,ANOMALY,80.21,HIGH
normal,NORMAL,5.86,LOW
normal,NORMAL,40.4,MEDIUM
normal,NORMAL,0.81,LOW
mailbomb,NORMAL,26.83,LOW
normal,NORMAL,2.67,LOW
normal,NORMAL,6.58,LOW
guess_passwd,NORMAL,10.42,LOW
normal,NORMAL,8.49,LOW
normal,NORMAL,4.66,LOW
processtable,NORMAL,50.12,MEDIUM
normal,NORMAL,4.51,LOW
normal,ANOMALY,67.58,MEDIUM
neptune,ANOMALY,76.58,HIGH
normal,NORMAL,2.13,LOW
processtable,ANOMALY,75.95,HIGH
normal,NORMAL,1.96,LOW
normal,NORMAL,0.38,LOW
saint,ANOMALY,93.07,HIGH
guess_passwd,NORMAL,10.07,LOW
normal,NORMAL,0.86,LOW
normal,NORMAL,9.83,LOW
neptune,ANOMALY,80.05,HIGH
mscan,ANOMALY,72.26,HIGH
normal,NORMAL,3.04,LOW
guess_passwd,NORMAL,12.01,LOW
mscan,ANOMALY,57.62,MEDIUM
neptune,ANOMALY,74.51,HIGH
normal,NORMAL,1.01,LOW
neptune,ANOMALY,76.63,HIGH
neptune,ANOMALY,76.06,HIGH
neptune,ANOMALY,74.63,HIGH
warezmaster,NORMAL,29.24,LOW
smurf,NORMAL,40.83,MEDIUM
normal,NORMAL,23.32,LOW
normal,NORMAL,1.95,LOW
normal,NORMAL,17.83,LOW
neptune,ANOMALY,79.96,HIGH
normal,NORMAL,2.56,LOW
neptune,ANOMALY,81.75,HIGH
normal,NORMAL,0.7,LOW
neptune,ANOMALY,82.04,HIGH
normal,NORMAL,3.54,LOW
mscan,ANOMALY,72.08,HIGH
mailbomb,NORMAL,26.81,LOW
normal,NORMAL,1.44,LOW
normal,NORMAL,49.69,MEDIUM
smurf,NORMAL,42.81,MEDIUM
neptune,ANOMALY,81.06,HIGH
warezmaster,NORMAL,28.6,LOW
neptune,ANOMALY,81.68,HIGH
neptune,ANOMALY,75.46,HIGH
neptune,ANOMALY,82.64,HIGH
normal,NORMAL,5.71,LOW
smurf,NORMAL,40.47,MEDIUM
normal,NORMAL,15.8,LOW
neptune,ANOMALY,81.22,HIGH
neptune,ANOMALY,86.63,HIGH
neptune,ANOMALY,80.18,HIGH
neptune,ANOMALY,81.5,HIGH
mailbomb,NORMAL,30.17,MEDIUM
normal,NORMAL,2.44,LOW
portsweep,ANOMALY,80.38,HIGH
normal,NORMAL,1.5,LOW
neptune,ANOMALY,86.6,HIGH
normal,NORMAL,1.64,LOW
guess_passwd,NORMAL,9.41,LOW
normal,NORMAL,1.68,LOW
normal,NORMAL,2.35,LOW
normal,NORMAL,27.08,LOW
neptune,ANOMALY,75.92,HIGH
normal,NORMAL,2.01,LOW
normal,NORMAL,6.54,LOW
processtable,ANOMALY,63.31,MEDIUM
processtable,ANOMALY,67.04,MEDIUM
mscan,ANOMALY,81.32,HIGH
mscan,ANOMALY,71.06,HIGH
processtable,NORMAL,37.73,MEDIUM
normal,NORMAL,3.66,LOW
nmap,ANOMALY,82.2,HIGH
smurf,NORMAL,45.27,MEDIUM
normal,NORMAL,1.35,LOW
processtable,NORMAL,50.5,MEDIUM
warezmaster,NORMAL,23.48,LOW
guess_passwd,NORMAL,13.89,LOW
guess_passwd,NORMAL,21.63,LOW
normal,NORMAL,1.4,LOW
neptune,ANOMALY,78.79,HIGH
normal,NORMAL,49.69,MEDIUM
normal,NORMAL,32.43,MEDIUM
guess_passwd,NORMAL,11.93,LOW
normal,NORMAL,0.53,LOW
normal,ANOMALY,65.91,MEDIUM
neptune,ANOMALY,79.4,HIGH
normal,NORMAL,5.9,LOW
normal,NORMAL,2.31,LOW
snmpguess,NORMAL,26.67,LOW
neptune,ANOMALY,86.36,HIGH
normal,NORMAL,0.93,LOW
guess_passwd,NORMAL,18.68,LOW
guess_passwd,NORMAL,34.68,MEDIUM
normal,NORMAL,24.78,LOW
mscan,ANOMALY,62.18,MEDIUM
normal,NORMAL,0.48,LOW
normal,NORMAL,1.97,LOW
saint,ANOMALY,98.36,HIGH
normal,NORMAL,26.13,LOW
normal,NORMAL,0.48,LOW
guess_passwd,NORMAL,21.83,LOW
normal,NORMAL,2.39,LOW
neptune,ANOMALY,82.15,HIGH
normal,NORMAL,15.37,LOW
normal,NORMAL,0.84,LOW
mscan,ANOMALY,70.88,HIGH
normal,NORMAL,0.38,LOW
snmpgetattack,NORMAL,29.43,LOW
normal,NORMAL,1.36,LOW
neptune,ANOMALY,80.66,HIGH
normal,NORMAL,11.62,LOW
mailbomb,NORMAL,19.13,LOW
normal,NORMAL,1.26,LOW
mscan,ANOMALY,64.33,MEDIUM
normal,NORMAL,0.72,LOW
mscan,ANOMALY,83.34,HIGH
satan,ANOMALY,67.44,MEDIUM
normal,NORMAL,0.28,LOW
guess_passwd,NORMAL,11.28,LOW
normal,NORMAL,0.21,LOW
warezmaster,NORMAL,31.0,MEDIUM
neptune,ANOMALY,82.07,HIGH
neptune,ANOMALY,80.5,HIGH
mailbomb,NORMAL,24.4,LOW
normal,NORMAL,1.24,LOW
normal,NORMAL,16.67,LOW
normal,NORMAL,2.78,LOW
neptune,ANOMALY,82.14,HIGH
normal,NORMAL,43.69,MEDIUM
normal,NORMAL,21.71,LOW
normal,NORMAL,1.03,LOW
normal,NORMAL,1.39,LOW
warezmaster,NORMAL,34.99,MEDIUM
mscan,ANOMALY,66.82,MEDIUM
normal,NORMAL,1.69,LOW
normal,NORMAL,4.36,LOW
satan,ANOMALY,95.27,HIGH
normal,NORMAL,3.46,LOW
normal,NORMAL,0.23,LOW
normal,NORMAL,3.33,LOW
neptune,ANOMALY,75.7,HIGH
normal,NORMAL,1.0,LOW
normal,NORMAL,2.01,LOW
neptune,ANOMALY,81.65,HIGH
smurf,ANOMALY,52.04,MEDIUM
neptune,ANOMALY,85.5,HIGH
neptune,ANOMALY,80.36,HIGH
normal,NORMAL,9.45,LOW
normal,NORMAL,14.89,LOW
normal,NORMAL,0.25,LOW
normal,NORMAL,0.9,LOW
warezmaster,NORMAL,45.3,MEDIUM
normal,NORMAL,18.73,LOW
normal,NORMAL,0.22,LOW
neptune,ANOMALY,86.52,HIGH
normal,NORMAL,2.76,LOW
mscan,ANOMALY,83.23,HIGH
neptune,ANOMALY,79.94,HIGH
pod,NORMAL,34.41,MEDIUM
warezmaster,NORMAL,29.03,LOW
normal,NORMAL,0.68,LOW
mailbomb,NORMAL,25.02,LOW
normal,NORMAL,29.39,LOW
neptune,ANOMALY,86.76,HIGH
neptune,ANOMALY,81.64,HIGH
normal,NORMAL,17.97,LOW
normal,NORMAL,28.16,LOW
mscan,ANOMALY,72.38,HIGH
normal,NORMAL,7.97,LOW
normal,NORMAL,22.77,LOW
normal,NORMAL,26.83,LOW
normal,NORMAL,1.02,LOW
normal,NORMAL,1.36,LOW
normal,NORMAL,20.87,LOW
normal,NORMAL,21.79,LOW
neptune,ANOMALY,75.34,HIGH
normal,NORMAL,2.08,LOW
guess_passwd,NORMAL,24.21,LOW
satan,ANOMALY,64.31,MEDIUM
normal,NORMAL,6.28,LOW
snmpgetattack,NORMAL,27.68,LOW
normal,NORMAL,23.78,LOW
satan,ANOMALY,94.64,HIGH
apache2,ANOMALY,56.48,MEDIUM
snmpguess,NORMAL,26.49,LOW
smurf,NORMAL,44.1,MEDIUM
normal,NORMAL,17.19,LOW
neptune,ANOMALY,82.09,HIGH
normal,NORMAL,49.69,MEDIUM
normal,NORMAL,4.32,LOW
apache2,NORMAL,51.31,MEDIUM
neptune,ANOMALY,77.04,HIGH
neptune,ANOMALY,79.69,HIGH
guess_passwd,NORMAL,20.82,LOW
normal,NORMAL,0.92,LOW
neptune,ANOMALY,76.81,HIGH
normal,NORMAL,17.41,LOW
normal,NORMAL,26.79,LOW
smurf,NORMAL,50.67,MEDIUM
normal,NORMAL,2.51,LOW
guess_passwd,NORMAL,9.9,LOW
neptune,ANOMALY,86.23,HIGH
neptune,ANOMALY,81.02,HIGH
normal,NORMAL,9.68,LOW
normal,NORMAL,6.5,LOW
apache2,ANOMALY,52.32,MEDIUM
normal,NORMAL,7.89,LOW
smurf,NORMAL,46.65,MEDIUM
ipsweep,NORMAL,51.74,MEDIUM
neptune,ANOMALY,81.32,HIGH
normal,NORMAL,6.02,LOW
normal,NORMAL,0.76,LOW
satan,ANOMALY,62.81,MEDIUM
neptune,ANOMALY,76.68,HIGH
mailbomb,NORMAL,22.08,LOW
normal,NORMAL,2.7,LOW
smurf,NORMAL,40.74,MEDIUM
neptune,ANOMALY,85.54,HIGH
satan,ANOMALY,92.5,HIGH
normal,NORMAL,37.41,MEDIUM
snmpguess,NORMAL,26.47,LOW
satan,ANOMALY,92.01,HIGH
normal,NORMAL,2.52,LOW
neptune,ANOMALY,85.64,HIGH
normal,NORMAL,11.3,LOW
normal,NORMAL,40.28,MEDIUM
guess_passwd,NORMAL,10.25,LOW
normal,NORMAL,2.05,LOW
normal,NORMAL,0.3,LOW
normal,NORMAL,1.69,LOW
normal,NORMAL,7.59,LOW
mailbomb,NORMAL,25.84,LOW
processtable,ANOMALY,65.34,MEDIUM
neptune,ANOMALY,74.51,HIGH
sendmail,NORMAL,30.51,MEDIUM
normal,ANOMALY,76.98,HIGH
normal,NORMAL,1.04,LOW
guess_passwd,NORMAL,27.76,LOW
neptune,ANOMALY,83.9,HIGH
ipsweep,ANOMALY,52.15,MEDIUM
normal,NORMAL,2.12,LOW
apache2,ANOMALY,73.65,HIGH
neptune,ANOMALY,83.79,HIGH
neptune,ANOMALY,81.65,HIGH
normal,NORMAL,15.09,LOW
normal,NORMAL,27.31,LOW
normal,NORMAL,18.55,LOW
normal,NORMAL,0.26,LOW
neptune,ANOMALY,81.76,HIGH
processtable,ANOMALY,55.84,MEDIUM
saint,ANOMALY,53.32,MEDIUM
normal,NORMAL,0.45,LOW
mscan,ANOMALY,67.61,MEDIUM
normal,NORMAL,26.46,LOW
processtable,NORMAL,43.88,MEDIUM
saint,ANOMALY,93.3,HIGH
normal,NORMAL,15.01,LOW
normal,NORMAL,11.51,LOW
normal,NORMAL,18.11,LOW
normal,NORMAL,19.34,LOW
guess_passwd,NORMAL,22.24,LOW
neptune,ANOMALY,81.82,HIGH
normal,NORMAL,5.61,LOW
normal,NORMAL,1.71,LOW
neptune,ANOMALY,76.09,HIGH
neptune,ANOMALY,85.21,HIGH
neptune,ANOMALY,80.24,HIGH
neptune,ANOMALY,86.28,HIGH
neptune,ANOMALY,81.92,HIGH
normal,NORMAL,0.61,LOW
smurf,NORMAL,46.65,MEDIUM
normal,NORMAL,20.53,LOW
neptune,ANOMALY,79.3,HIGH
normal,NORMAL,1.42,LOW
normal,NORMAL,0.25,LOW
neptune,ANOMALY,78.86,HIGH
normal,NORMAL,3.19,LOW
normal,NORMAL,0.35,LOW
satan,ANOMALY,65.54,MEDIUM
normal,NORMAL,0.95,LOW
normal,NORMAL,2.8,LOW
mscan,ANOMALY,78.82,HIGH
snmpgetattack,NORMAL,27.0,LOW
neptune,ANOMALY,79.87,HIGH
back,NORMAL,46.69,MEDIUM
normal,NORMAL,8.83,LOW
back,NORMAL,41.89,MEDIUM
normal,NORMAL,1.25,LOW
normal,NORMAL,0.24,LOW
neptune,ANOMALY,76.29,HIGH
portsweep,ANOMALY,72.01,HIGH
normal,NORMAL,3.16,LOW
portsweep,ANOMALY,76.4,HIGH
normal,NORMAL,2.01,LOW
neptune,ANOMALY,81.5,HIGH
normal,NORMAL,1.25,LOW
normal,NORMAL,2.03,LOW
guess_passwd,NORMAL,11.1,LOW
mailbomb,NORMAL,31.62,MEDIUM
normal,NORMAL,0.9,LOW
warezmaster,NORMAL,38.93,MEDIUM
smurf,NORMAL,44.34,MEDIUM
portsweep,ANOMALY,76.62,HIGH
normal,NORMAL,1.31,LOW
neptune,ANOMALY,85.97,HIGH
neptune,ANOMALY,82.16,HIGH
neptune,ANOMALY,74.88,HIGH
normal,NORMAL,1.43,LOW
snmpguess,NORMAL,26.44,LOW
satan,ANOMALY,94.09,HIGH
neptune,ANOMALY,86.33,HIGH
neptune,ANOMALY,87.29,HIGH
smurf,NORMAL,40.74,MEDIUM
processtable,ANOMALY,75.98,HIGH
neptune,ANOMALY,84.29,HIGH
guess_passwd,NORMAL,10.01,LOW
normal,NORMAL,1.07,LOW
normal,NORMAL,2.74,LOW
normal,NORMAL,0.33,LOW
guess_passwd,NORMAL,13.74,LOW
normal,NORMAL,1.66,LOW
neptune,ANOMALY,76.93,HIGH
mscan,ANOMALY,81.83,HIGH
snmpguess,NORMAL,26.83,LOW
normal,NORMAL,2.19,LOW
guess_passwd,NORMAL,9.7,LOW
normal,NORMAL,6.1,LOW
normal,NORMAL,0.87,LOW
normal,NORMAL,0.42,LOW
neptune,ANOMALY,82.27,HIGH
normal,NORMAL,27.48,LOW
apache2,ANOMALY,76.57,HIGH
snmpguess,NORMAL,26.14,LOW
saint,ANOMALY,93.54,HIGH
snmpguess,NORMAL,26.36,LOW
warezmaster,NORMAL,18.11,LOW
neptune,ANOMALY,87.13,HIGH
normal,NORMAL,4.0,LOW
neptune,ANOMALY,86.65,HIGH
neptune,ANOMALY,87.28,HIGH
normal,NORMAL,5.47,LOW
warezmaster,NORMAL,30.13,MEDIUM
saint,ANOMALY,52.02,MEDIUM
snmpgetattack,NORMAL,41.46,MEDIUM
neptune,ANOMALY,82.07,HIGH
warezmaster,NORMAL,29.15,LOW
mailbomb,NORMAL,29.55,LOW
normal,NORMAL,30.39,MEDIUM
normal,NORMAL,19.88,LOW
normal,NORMAL,0.36,LOW
normal,NORMAL,0.58,LOW
neptune,ANOMALY,82.29,HIGH
neptune,ANOMALY,80.6,HIGH
normal,NORMAL,27.02,LOW
normal,NORMAL,11.83,LOW
normal,NORMAL,2.31,LOW
mscan,ANOMALY,67.49,MEDIUM
normal,NORMAL,49.2,MEDIUM
satan,ANOMALY,92.32,HIGH
mscan,ANOMALY,80.25,HIGH
warezmaster,NORMAL,38.79,MEDIUM
guess_passwd,NORMAL,10.54,LOW
neptune,ANOMALY,80.52,HIGH
neptune,ANOMALY,85.64,HIGH
back,NORMAL,17.93,LOW
apache2,ANOMALY,71.32,HIGH
neptune,ANOMALY,80.39,HIGH
apache2,ANOMALY,52.52,MEDIUM
smurf,NORMAL,48.81,MEDIUM
neptune,ANOMALY,81.41,HIGH
neptune,ANOMALY,80.29,HIGH
neptune,ANOMALY,81.49,HIGH
httptunnel,ANOMALY,70.1,HIGH
normal,NORMAL,2.29,LOW
satan,ANOMALY,94.6,HIGH
normal,NORMAL,4.98,LOW
normal,NORMAL,4.16,LOW
normal,NORMAL,2.8,LOW
normal,NORMAL,1.38,LOW
warezmaster,NORMAL,34.44,MEDIUM
guess_passwd,NORMAL,9.93,LOW
normal,NORMAL,10.4,LOW
normal,NORMAL,1.28,LOW
saint,ANOMALY,93.4,HIGH
neptune,ANOMALY,85.76,HIGH
apache2,ANOMALY,77.12,HIGH
neptune,ANOMALY,80.01,HIGH
normal,ANOMALY,65.17,MEDIUM
normal,NORMAL,1.51,LOW
normal,NORMAL,1.47,LOW
apache2,ANOMALY,71.36,HIGH
satan,ANOMALY,64.16,MEDIUM
satan,ANOMALY,64.61,MEDIUM
mscan,ANOMALY,75.25,HIGH
normal,NORMAL,28.58,LOW
normal,NORMAL,0.57,LOW
neptune,ANOMALY,81.66,HIGH
normal,NORMAL,2.57,LOW
saint,ANOMALY,95.12,HIGH
smurf,ANOMALY,52.19,MEDIUM
smurf,ANOMALY,54.8,MEDIUM
back,NORMAL,17.15,LOW
normal,NORMAL,23.74,LOW
neptune,ANOMALY,81.77,HIGH
normal,NORMAL,48.79,MEDIUM
neptune,ANOMALY,78.69,HIGH
neptune,ANOMALY,82.43,HIGH
normal,NORMAL,1.17,LOW
saint,ANOMALY,94.07,HIGH
mailbomb,NORMAL,29.2,LOW
normal,NORMAL,8.55,LOW
warezmaster,NORMAL,46.07,MEDIUM
apache2,ANOMALY,63.54,MEDIUM
apache2,ANOMALY,57.57,MEDIUM
mscan,ANOMALY,82.54,HIGH
normal,NORMAL,3.27,LOW
warezmaster,NORMAL,27.27,LOW
neptune,ANOMALY,86.51,HIGH
mailbomb,NORMAL,17.12,LOW
warezmaster,NORMAL,28.83,LOW
neptune,ANOMALY,87.61,HIGH
normal,NORMAL,0.51,LOW
normal,NORMAL,30.05,MEDIUM
satan,ANOMALY,63.35,MEDIUM
normal,NORMAL,0.64,LOW
normal,NORMAL,0.25,LOW
normal,NORMAL,1.43,LOW
smurf,NORMAL,43.25,MEDIUM
back,NORMAL,16.62,LOW
normal,NORMAL,11.46,LOW
neptune,ANOMALY,87.31,HIGH
normal,NORMAL,15.32,LOW
apache2,ANOMALY,62.12,MEDIUM
neptune,ANOMALY,81.4,HIGH
neptune,ANOMALY,81.66,HIGH
normal,NORMAL,16.73,LOW
normal,NORMAL,2.51,LOW
neptune,ANOMALY,86.34,HIGH
normal,NORMAL,23.6,LOW
neptune,ANOMALY,82.04,HIGH
neptune,ANOMALY,80.38,HIGH
normal,NORMAL,25.51,LOW
neptune,ANOMALY,80.03,HIGH
saint,ANOMALY,93.69,HIGH
neptune,ANOMALY,85.65,HIGH
normal,NORMAL,22.02,LOW
mscan,ANOMALY,75.78,HIGH
normal,NORMAL,0.48,LOW
normal,NORMAL,29.87,LOW
guess_passwd,NORMAL,11.86,LOW
normal,NORMAL,24.0,LOW
normal,NORMAL,34.14,MEDIUM
normal,NORMAL,2.69,LOW
httptunnel,ANOMALY,62.9,MEDIUM
neptune,ANOMALY,77.34,HIGH
satan,ANOMALY,64.12,MEDIUM
normal,NORMAL,3.63,LOW
warezmaster,NORMAL,30.19,MEDIUM
guess_passwd,NORMAL,10.52,LOW
httptunnel,ANOMALY,62.91,MEDIUM
back,NORMAL,32.38,MEDIUM
neptune,ANOMALY,81.85,HIGH
normal,NORMAL,4.09,LOW
neptune,ANOMALY,82.18,HIGH
normal,NORMAL,2.46,LOW
apache2,ANOMALY,67.53,MEDIUM
neptune,ANOMALY,82.18,HIGH
mscan,ANOMALY,79.49,HIGH
normal,NORMAL,0.38,LOW
warezmaster,NORMAL,25.61,LOW
processtable,NORMAL,46.79,MEDIUM
normal,NORMAL,1.09,LOW
neptune,ANOMALY,74.6,HIGH
normal,NORMAL,2.07,LOW
neptune,ANOMALY,80.94,HIGH
warezmaster,NORMAL,47.02,MEDIUM
normal,NORMAL,1.39,LOW
apache2,NORMAL,50.51,MEDIUM
smurf,NORMAL,39.12,MEDIUM
back,NORMAL,16.33,LOW
satan,ANOMALY,93.1,HIGH
warezmaster,NORMAL,34.1,MEDIUM
normal,NORMAL,50.46,MEDIUM
normal,NORMAL,37.13,MEDIUM
mailbomb,NORMAL,27.42,LOW
neptune,ANOMALY,86.36,HIGH
mailbomb,NORMAL,16.64,LOW
neptune,ANOMALY,88.49,HIGH
normal,NORMAL,1.09,LOW
snmpguess,NORMAL,26.66,LOW
mscan,NORMAL,46.76,MEDIUM
portsweep,ANOMALY,76.01,HIGH
normal,NORMAL,1.31,LOW
processtable,ANOMALY,66.8,MEDIUM
loadmodule,NORMAL,50.85,MEDIUM
normal,NORMAL,5.63,LOW
normal,NORMAL,1.05,LOW
neptune,ANOMALY,80.84,HIGH
normal,NORMAL,2.52,LOW
snmpguess,NORMAL,25.97,LOW
neptune,ANOMALY,80.92,HIGH
snmpguess,NORMAL,26.52,LOW
processtable,NORMAL,45.06,MEDIUM
normal,NORMAL,1.53,LOW
neptune,ANOMALY,80.5,HIGH
guess_passwd,NORMAL,27.48,LOW
normal,NORMAL,0.44,LOW
normal,NORMAL,1.9,LOW
normal,NORMAL,1.09,LOW
normal,NORMAL,21.8,LOW
normal,NORMAL,39.11,MEDIUM
mscan,ANOMALY,67.85,MEDIUM
normal,NORMAL,2.23,LOW
normal,NORMAL,31.75,MEDIUM
guess_passwd,NORMAL,28.88,LOW
neptune,ANOMALY,79.73,HIGH
normal,NORMAL,50.56,MEDIUM
normal,NORMAL,3.19,LOW
normal,NORMAL,13.77,LOW
satan,ANOMALY,94.13,HIGH
normal,NORMAL,0.32,LOW
guess_passwd,NORMAL,28.81,LOW
warezmaster,NORMAL,25.28,LOW
normal,NORMAL,7.37,LOW
apache2,ANOMALY,74.56,HIGH
mscan,ANOMALY,85.05,HIGH
normal,NORMAL,49.71,MEDIUM
neptune,ANOMALY,82.04,HIGH
normal,NORMAL,8.04,LOW
neptune,ANOMALY,77.67,HIGH
normal,NORMAL,1.56,LOW
normal,NORMAL,13.1,LOW
normal,NORMAL,26.45,LOW
normal,NORMAL,49.69,MEDIUM
normal,NORMAL,1.38,LOW
normal,NORMAL,7.72,LOW
normal,NORMAL,5.4,LOW
smurf,NORMAL,36.07,MEDIUM
normal,NORMAL,21.05,LOW
normal,NORMAL,0.24,LOW
normal,NORMAL,20.45,LOW
normal,NORMAL,0.73,LOW
normal,NORMAL,3.66,LOW
neptune,ANOMALY,78.82,HIGH
neptune,ANOMALY,80.31,HIGH
satan,ANOMALY,94.3,HIGH
neptune,ANOMALY,87.9,HIGH
normal,NORMAL,15.8,LOW
normal,NORMAL,1.04,LOW
neptune,ANOMALY,83.08,HIGH
normal,NORMAL,2.14,LOW
normal,NORMAL,48.82,MEDIUM
normal,NORMAL,26.56,LOW
neptune,ANOMALY,82.34,HIGH
normal,NORMAL,12.42,LOW
satan,ANOMALY,66.55,MEDIUM
neptune,ANOMALY,79.9,HIGH
normal,NORMAL,0.94,LOW
neptune,ANOMALY,80.02,HIGH
processtable,NORMAL,49.95,MEDIUM
normal,NORMAL,1.04,LOW
neptune,ANOMALY,76.2,HIGH
neptune,ANOMALY,80.54,HIGH
normal,NORMAL,2.21,LOW
httptunnel,ANOMALY,69.63,MEDIUM
apache2,ANOMALY,77.09,HIGH
guess_passwd,NORMAL,14.0,LOW
mscan,ANOMALY,76.16,HIGH
neptune,ANOMALY,82.48,HIGH
neptune,ANOMALY,80.17,HIGH
normal,NORMAL,1.16,LOW
normal,NORMAL,1.37,LOW
neptune,ANOMALY,75.98,HIGH
warezmaster,NORMAL,37.49,MEDIUM
normal,NORMAL,2.56,LOW
normal,NORMAL,2.75,LOW
smurf,NORMAL,40.15,MEDIUM
normal,NORMAL,26.72,LOW
portsweep,ANOMALY,78.32,HIGH
normal,NORMAL,1.66,LOW
apache2,ANOMALY,75.91,HIGH
normal,NORMAL,2.79,LOW
normal,NORMAL,3.28,LOW
neptune,ANOMALY,79.08,HIGH
satan,ANOMALY,95.07,HIGH
mscan,ANOMALY,77.77,HIGH
normal,NORMAL,32.39,MEDIUM
neptune,ANOMALY,82.11,HIGH
mscan,ANOMALY,65.14,MEDIUM
mscan,ANOMALY,75.95,HIGH
guess_passwd,NORMAL,10.29,LOW
portsweep,ANOMALY,72.82,HIGH
neptune,ANOMALY,78.84,HIGH
normal,NORMAL,33.99,MEDIUM
normal,NORMAL,49.69,MEDIUM
neptune,ANOMALY,81.63,HIGH
smurf,ANOMALY,54.83,MEDIUM
neptune,ANOMALY,76.52,HIGH
normal,NORMAL,1.44,LOW
guess_passwd,ANOMALY,53.5,MEDIUM
normal,NORMAL,1.56,LOW
warezmaster,NORMAL,35.18,MEDIUM
normal,NORMAL,0.69,LOW
guess_passwd,NORMAL,10.07,LOW
snmpguess,NORMAL,26.8,LOW
neptune,ANOMALY,79.85,HIGH
neptune,ANOMALY,79.68,HIGH
neptune,ANOMALY,75.12,HIGH
normal,NORMAL,1.53,LOW
neptune,ANOMALY,87.08,HIGH
mscan,ANOMALY,66.84,MEDIUM
ps,NORMAL,19.68,LOW
normal,NORMAL,8.01,LOW
normal,NORMAL,0.66,LOW
neptune,ANOMALY,81.57,HIGH
warezmaster,NORMAL,27.85,LOW
normal,NORMAL,7.27,LOW
neptune,ANOMALY,82.2,HIGH
neptune,ANOMALY,86.4,HIGH
satan,ANOMALY,92.42,HIGH
mailbomb,NORMAL,13.29,LOW
normal,NORMAL,22.36,LOW
normal,ANOMALY,63.13,MEDIUM
normal,NORMAL,2.4,LOW
normal,NORMAL,14.09,LOW
satan,ANOMALY,65.51,MEDIUM
neptune,ANOMALY,74.28,HIGH
guess_passwd,NORMAL,10.77,LOW
guess_passwd,NORMAL,21.73,LOW
mscan,ANOMALY,77.54,HIGH
normal,NORMAL,3.16,LOW
neptune,ANOMALY,82.15,HIGH
mailbomb,NORMAL,29.3,LOW
normal,NORMAL,26.51,LOW
neptune,ANOMALY,82.02,HIGH
processtable,NORMAL,48.13,MEDIUM
normal,NORMAL,5.34,LOW
neptune,ANOMALY,80.39,HIGH
mscan,ANOMALY,83.11,HIGH
normal,NORMAL,0.24,LOW
satan,ANOMALY,93.0,HIGH
smurf,NORMAL,39.32,MEDIUM
ipsweep,ANOMALY,52.17,MEDIUM
smurf,ANOMALY,52.48,MEDIUM
normal,NORMAL,27.12,LOW
normal,NORMAL,5.74,LOW
normal,NORMAL,4.14,LOW
satan,ANOMALY,94.3,HIGH
normal,NORMAL,1.19,LOW
normal,NORMAL,2.46,LOW
normal,NORMAL,17.12,LOW
smurf,NORMAL,41.25,MEDIUM
normal,NORMAL,16.83,LOW
normal,NORMAL,2.79,LOW
normal,NORMAL,0.38,LOW
normal,NORMAL,3.87,LOW
neptune,ANOMALY,81.93,HIGH
normal,NORMAL,0.34,LOW
mscan,ANOMALY,70.33,HIGH
neptune,ANOMALY,84.63,HIGH
smurf,NORMAL,43.25,MEDIUM
normal,NORMAL,0.58,LOW
normal,NORMAL,0.45,LOW
normal,NORMAL,2.6,LOW
mscan,ANOMALY,67.98,MEDIUM
neptune,ANOMALY,79.79,HIGH
warezmaster,NORMAL,31.04,MEDIUM
satan,ANOMALY,68.65,MEDIUM
neptune,ANOMALY,82.24,HIGH
neptune,ANOMALY,80.08,HIGH
guess_passwd,NORMAL,10.54,LOW
normal,NORMAL,3.72,LOW
httptunnel,ANOMALY,62.66,MEDIUM
neptune,ANOMALY,74.44,HIGH
neptune,ANOMALY,81.74,HIGH
neptune,ANOMALY,75.7,HIGH
neptune,ANOMALY,80.32,HIGH
normal,NORMAL,0.58,LOW
neptune,ANOMALY,79.21,HIGH
normal,NORMAL,0.79,LOW
guess_passwd,NORMAL,28.06,LOW
neptune,ANOMALY,81.09,HIGH
neptune,ANOMALY,81.12,HIGH
normal,NORMAL,15.14,LOW
smurf,ANOMALY,52.06,MEDIUM
normal,ANOMALY,68.73,MEDIUM
normal,NORMAL,1.54,LOW
smurf,ANOMALY,60.64,MEDIUM
neptune,ANOMALY,79.92,HIGH
smurf,NORMAL,50.67,MEDIUM
guess_passwd,NORMAL,27.66,LOW
neptune,ANOMALY,79.92,HIGH
normal,NORMAL,2.39,LOW
neptune,ANOMALY,85.74,HIGH
snmpguess,NORMAL,26.67,LOW
normal,NORMAL,0.95,LOW
neptune,ANOMALY,73.73,HIGH
satan,ANOMALY,64.8,MEDIUM
apache2,ANOMALY,69.69,MEDIUM
mscan,ANOMALY,82.94,HIGH
normal,NORMAL,0.52,LOW
neptune,ANOMALY,82.18,HIGH
normal,NORMAL,24.41,LOW
apache2,ANOMALY,73.79,HIGH
processtable,ANOMALY,67.23,MEDIUM
processtable,ANOMALY,75.78,HIGH
smurf,NORMAL,44.82,MEDIUM
neptune,ANOMALY,81.93,HIGH
guess_passwd,NORMAL,20.3,LOW
neptune,ANOMALY,83.98,HIGH
neptune,ANOMALY,81.97,HIGH
processtable,NORMAL,51.43,MEDIUM
mailbomb,NORMAL,23.63,LOW
neptune,ANOMALY,79.9,HIGH
normal,NORMAL,0.48,LOW
processtable,NORMAL,49.83,MEDIUM
neptune,ANOMALY,80.26,HIGH
back,NORMAL,19.04,LOW
normal,NORMAL,39.62,MEDIUM
normal,NORMAL,2.36,LOW
processtable,ANOMALY,59.68,MEDIUM
normal,NORMAL,11.67,LOW
normal,NORMAL,0.52,LOW
back,NORMAL,17.41,LOW
mscan,ANOMALY,71.88,HIGH
normal,NORMAL,49.12,MEDIUM
normal,NORMAL,27.92,LOW
normal,NORMAL,3.07,LOW
mscan,ANOMALY,73.5,HIGH
normal,NORMAL,1.08,LOW
normal,NORMAL,3.48,LOW
normal,ANOMALY,59.55,MEDIUM
satan,ANOMALY,91.77,HIGH
saint,ANOMALY,56.04,MEDIUM
normal,NORMAL,1.49,LOW
apache2,ANOMALY,57.67,MEDIUM
normal,NORMAL,25.69,LOW
normal,NORMAL,2.38,LOW
neptune,ANOMALY,74.83,HIGH
normal,NORMAL,1.01,LOW
normal,NORMAL,1.03,LOW
smurf,NORMAL,49.84,MEDIUM
normal,NORMAL,27.05,LOW
normal,NORMAL,0.35,LOW
smurf,NORMAL,40.74,MEDIUM
normal,NORMAL,1.9,LOW
smurf,ANOMALY,61.47,MEDIUM
normal,NORMAL,2.08,LOW
guess_passwd,NORMAL,10.03,LOW
mscan,ANOMALY,79.73,HIGH
mscan,ANOMALY,66.63,MEDIUM
normal,NORMAL,39.72,MEDIUM
normal,NORMAL,3.58,LOW
normal,NORMAL,23.98,LOW
neptune,ANOMALY,80.63,HIGH
normal,NORMAL,1.08,LOW
neptune,ANOMALY,73.81,HIGH
mscan,ANOMALY,77.97,HIGH
multihop,NORMAL,39.7,MEDIUM
normal,NORMAL,3.12,LOW
saint,ANOMALY,53.33,MEDIUM
warezmaster,NORMAL,30.32,MEDIUM
normal,NORMAL,2.64,LOW
back,NORMAL,42.6,MEDIUM
normal,NORMAL,0.68,LOW
apache2,ANOMALY,72.5,HIGH
normal,NORMAL,16.12,LOW
guess_passwd,NORMAL,20.63,LOW
neptune,ANOMALY,80.74,HIGH
normal,NORMAL,19.88,LOW
normal,NORMAL,1.11,LOW
normal,NORMAL,49.69,MEDIUM
neptune,ANOMALY,76.85,HIGH
normal,ANOMALY,66.51,MEDIUM
normal,NORMAL,31.41,MEDIUM
normal,NORMAL,2.98,LOW
normal,NORMAL,1.99,LOW
neptune,ANOMALY,86.02,HIGH
normal,NORMAL,2.39,LOW
neptune,ANOMALY,82.0,HIGH
normal,NORMAL,0.44,LOW
normal,NORMAL,6.8,LOW
mscan,NORMAL,45.5,MEDIUM
normal,NORMAL,5.42,LOW
neptune,ANOMALY,76.49,HIGH
warezmaster,NORMAL,18.24,LOW
warezmaster,ANOMALY,55.25,MEDIUM
normal,NORMAL,20.63,LOW
nmap,ANOMALY,82.17,HIGH
processtable,NORMAL,42.27,MEDIUM
mscan,ANOMALY,68.98,MEDIUM
apache2,NORMAL,50.23,MEDIUM
warezmaster,NORMAL,22.74,LOW
normal,NORMAL,26.59,LOW
back,NORMAL,19.3,LOW
normal,NORMAL,2.84,LOW
normal,NORMAL,0.32,LOW
neptune,ANOMALY,74.57,HIGH
apache2,ANOMALY,61.76,MEDIUM
neptune,ANOMALY,76.11,HIGH
normal,NORMAL,0.56,LOW
processtable,ANOMALY,54.48,MEDIUM
normal,NORMAL,2.47,LOW
neptune,ANOMALY,75.93,HIGH
portsweep,ANOMALY,75.96,HIGH
normal,NORMAL,33.95,MEDIUM
processtable,ANOMALY,76.19,HIGH
neptune,ANOMALY,86.45,HIGH
neptune,ANOMALY,78.89,HIGH
smurf,NORMAL,41.44,MEDIUM
guess_passwd,NORMAL,23.88,LOW
neptune,ANOMALY,73.94,HIGH
apache2,ANOMALY,61.34,MEDIUM
neptune,ANOMALY,75.09,HIGH
normal,NORMAL,34.08,MEDIUM
mscan,ANOMALY,72.35,HIGH
processtable,ANOMALY,67.82,MEDIUM
warezmaster,NORMAL,35.46,MEDIUM
mailbomb,NORMAL,30.24,MEDIUM
normal,NORMAL,0.45,LOW
neptune,ANOMALY,82.02,HIGH
warezmaster,NORMAL,29.47,LOW
normal,NORMAL,1.53,LOW
normal,NORMAL,41.98,MEDIUM
normal,NORMAL,0.56,LOW
processtable,ANOMALY,52.34,MEDIUM
normal,NORMAL,4.28,LOW
normal,NORMAL,1.04,LOW
normal,NORMAL,30.57,MEDIUM
normal,NORMAL,2.25,LOW
guess_passwd,NORMAL,11.85,LOW
neptune,ANOMALY,76.06,HIGH
processtable,NORMAL,44.61,MEDIUM
normal,NORMAL,32.12,MEDIUM
neptune,ANOMALY,80.35,HIGH
snmpguess,NORMAL,26.5,LOW
normal,NORMAL,19.14,LOW
normal,NORMAL,0.48,LOW
normal,NORMAL,8.0,LOW
normal,NORMAL,2.88,LOW
neptune,ANOMALY,76.83,HIGH
apache2,ANOMALY,62.78,MEDIUM
satan,ANOMALY,93.2,HIGH
neptune,ANOMALY,80.52,HIGH
normal,NORMAL,2.89,LOW
normal,ANOMALY,57.3,MEDIUM
guess_passwd,ANOMALY,54.02,MEDIUM
neptune,ANOMALY,81.72,HIGH
smurf,ANOMALY,55.85,MEDIUM
guess_passwd,NORMAL,9.36,LOW
normal,NORMAL,0.95,LOW
warezmaster,NORMAL,24.41,LOW
smurf,NORMAL,50.14,MEDIUM
normal,NORMAL,3.91,LOW
neptune,ANOMALY,85.86,HIGH
normal,NORMAL,19.69,LOW
neptune,ANOMALY,80.56,HIGH
processtable,ANOMALY,75.54,HIGH
processtable,NORMAL,50.66,MEDIUM
neptune,ANOMALY,77.49,HIGH
normal,NORMAL,2.54,LOW
normal,NORMAL,5.91,LOW
normal,NORMAL,2.38,LOW
neptune,ANOMALY,81.88,HIGH
normal,NORMAL,1.74,LOW
neptune,ANOMALY,80.31,HIGH
normal,NORMAL,17.96,LOW
normal,NORMAL,3.63,LOW
normal,NORMAL,9.72,LOW
saint,ANOMALY,98.44,HIGH
apache2,ANOMALY,60.61,MEDIUM
neptune,ANOMALY,80.28,HIGH
guess_passwd,NORMAL,10.77,LOW
normal,NORMAL,1.36,LOW
processtable,NORMAL,48.69,MEDIUM
neptune,ANOMALY,81.85,HIGH
normal,NORMAL,1.24,LOW
httptunnel,ANOMALY,62.66,MEDIUM
normal,NORMAL,5.39,LOW
xterm,ANOMALY,62.72,MEDIUM
normal,NORMAL,0.69,LOW
normal,NORMAL,2.11,LOW
buffer_overflow,NORMAL,22.49,LOW
neptune,ANOMALY,88.96,HIGH
normal,NORMAL,10.61,LOW
normal,NORMAL,7.44,LOW
back,NORMAL,14.24,LOW
guess_passwd,NORMAL,27.84,LOW
neptune,ANOMALY,84.43,HIGH
neptune,ANOMALY,84.26,HIGH
neptune,ANOMALY,82.46,HIGH
back,NORMAL,44.05,MEDIUM
guess_passwd,NORMAL,27.41,LOW
apache2,ANOMALY,68.0,MEDIUM
processtable,NORMAL,50.54,MEDIUM
neptune,ANOMALY,82.43,HIGH
guess_passwd,NORMAL,20.48,LOW
normal,NORMAL,20.71,LOW
saint,ANOMALY,94.16,HIGH
normal,NORMAL,20.27,LOW
normal,NORMAL,5.41,LOW
satan,ANOMALY,93.6,HIGH
mscan,ANOMALY,76.15,HIGH
neptune,ANOMALY,82.6,HIGH
normal,NORMAL,0.53,LOW
normal,NORMAL,1.94,LOW
satan,ANOMALY,95.16,HIGH
normal,NORMAL,0.87,LOW
smurf,ANOMALY,53.19,MEDIUM
normal,NORMAL,13.36,LOW
neptune,ANOMALY,86.33,HIGH
normal,NORMAL,0.37,LOW
normal,NORMAL,1.68,LOW
neptune,ANOMALY,79.81,HIGH
processtable,ANOMALY,81.6,HIGH
normal,NORMAL,0.64,LOW
neptune,ANOMALY,81.93,HIGH
neptune,ANOMALY,81.81,HIGH
normal,NORMAL,2.33,LOW
mscan,ANOMALY,65.32,MEDIUM
neptune,ANOMALY,81.23,HIGH
normal,NORMAL,0.56,LOW
neptune,ANOMALY,76.01,HIGH
neptune,ANOMALY,91.69,HIGH
normal,ANOMALY,62.06,MEDIUM
normal,NORMAL,1.83,LOW
snmpguess,NORMAL,26.67,LOW
normal,NORMAL,2.51,LOW
normal,NORMAL,2.33,LOW
mscan,ANOMALY,66.3,MEDIUM
neptune,ANOMALY,77.79,HIGH
warezmaster,ANOMALY,52.22,MEDIUM
normal,NORMAL,3.4,LOW
normal,NORMAL,3.77,LOW
warezmaster,NORMAL,34.17,MEDIUM
normal,NORMAL,3.09,LOW
normal,NORMAL,0.71,LOW
neptune,ANOMALY,77.13,HIGH
normal,ANOMALY,64.99,MEDIUM
apache2,ANOMALY,59.35,MEDIUM
apache2,ANOMALY,73.48,HIGH
normal,NORMAL,1.42,LOW
normal,NORMAL,3.6,LOW
warezmaster,NORMAL,36.47,MEDIUM
neptune,ANOMALY,82.16,HIGH
normal,NORMAL,18.11,LOW
normal,NORMAL,49.8,MEDIUM
normal,NORMAL,49.62,MEDIUM
normal,NORMAL,2.66,LOW
normal,NORMAL,1.91,LOW
normal,NORMAL,0.69,LOW
saint,ANOMALY,53.95,MEDIUM
neptune,ANOMALY,86.71,HIGH
neptune,ANOMALY,82.02,HIGH
snmpgetattack,NORMAL,40.4,MEDIUM
normal,NORMAL,1.73,LOW
processtable,NORMAL,39.6,MEDIUM
normal,NORMAL,3.79,LOW
normal,NORMAL,0.78,LOW
normal,NORMAL,0.38,LOW
mscan,ANOMALY,77.87,HIGH
neptune,ANOMALY,86.54,HIGH
normal,NORMAL,1.29,LOW
normal,NORMAL,0.54,LOW
warezmaster,NORMAL,33.94,MEDIUM
mscan,ANOMALY,75.39,HIGH
normal,NORMAL,23.17,LOW
guess_passwd,NORMAL,35.12,MEDIUM
normal,NORMAL,3.3,LOW
processtable,NORMAL,47.88,MEDIUM
neptune,ANOMALY,74.68,HIGH
normal,NORMAL,2.04,LOW
mscan,ANOMALY,77.67,HIGH
back,NORMAL,15.13,LOW
neptune,ANOMALY,80.35,HIGH
normal,ANOMALY,52.16,MEDIUM
normal,NORMAL,33.62,MEDIUM
normal,NORMAL,19.64,LOW
saint,ANOMALY,93.4,HIGH
neptune,ANOMALY,75.65,HIGH
guess_passwd,NORMAL,20.93,LOW
normal,NORMAL,2.78,LOW
saint,ANOMALY,93.18,HIGH
guess_passwd,NORMAL,15.43,LOW
neptune,ANOMALY,80.57,HIGH
neptune,ANOMALY,83.79,HIGH
smurf,ANOMALY,52.66,MEDIUM
smurf,NORMAL,41.15,MEDIUM
saint,ANOMALY,99.63,HIGH
satan,ANOMALY,93.38,HIGH
back,NORMAL,25.62,LOW
satan,ANOMALY,95.0,HIGH
mscan,ANOMALY,59.69,MEDIUM
nmap,ANOMALY,82.55,HIGH
neptune,ANOMALY,74.4,HIGH
normal,NORMAL,31.92,MEDIUM
normal,NORMAL,2.21,LOW
normal,NORMAL,16.96,LOW
snmpguess,NORMAL,26.61,LOW
processtable,NORMAL,45.96,MEDIUM
saint,ANOMALY,54.21,MEDIUM
normal,NORMAL,22.94,LOW
normal,NORMAL,1.54,LOW
normal,NORMAL,19.11,LOW
normal,NORMAL,11.4,LOW
neptune,ANOMALY,81.64,HIGH
normal,NORMAL,0.86,LOW
guess_passwd,NORMAL,23.06,LOW
neptune,ANOMALY,82.9,HIGH
warezmaster,NORMAL,30.23,MEDIUM
processtable,NORMAL,41.18,MEDIUM
normal,NORMAL,2.68,LOW
normal,NORMAL,12.98,LOW
normal,NORMAL,1.93,LOW
normal,NORMAL,28.2,LOW
normal,NORMAL,21.32,LOW
normal,NORMAL,33.93,MEDIUM
back,NORMAL,16.85,LOW
mscan,ANOMALY,83.52,HIGH
normal,NORMAL,2.11,LOW
normal,NORMAL,0.47,LOW
normal,NORMAL,1.22,LOW
normal,NORMAL,17.36,LOW
mscan,ANOMALY,66.17,MEDIUM
mscan,ANOMALY,67.05,MEDIUM
normal,NORMAL,49.73,MEDIUM
normal,NORMAL,2.24,LOW
httptunnel,ANOMALY,61.74,MEDIUM
satan,ANOMALY,94.3,HIGH
normal,NORMAL,1.26,LOW
normal,NORMAL,1.2,LOW
mscan,ANOMALY,74.92,HIGH
warezmaster,NORMAL,41.67,MEDIUM
normal,NORMAL,17.29,LOW
normal,NORMAL,35.25,MEDIUM
normal,NORMAL,2.62,LOW
neptune,ANOMALY,83.21,HIGH
normal,NORMAL,0.71,LOW
apache2,ANOMALY,62.6,MEDIUM
normal,NORMAL,2.31,LOW
guess_passwd,NORMAL,22.85,LOW
guess_passwd,NORMAL,18.68,LOW
normal,NORMAL,1.61,LOW
normal,NORMAL,0.95,LOW
satan,ANOMALY,99.19,HIGH
normal,ANOMALY,65.63,MEDIUM
normal,NORMAL,0.48,LOW
normal,NORMAL,2.19,LOW
normal,NORMAL,6.28,LOW
mailbomb,NORMAL,13.13,LOW
smurf,ANOMALY,52.82,MEDIUM
normal,NORMAL,1.97,LOW
guess_passwd,NORMAL,20.63,LOW
processtable,NORMAL,50.56,MEDIUM
mscan,ANOMALY,72.24,HIGH
nmap,ANOMALY,76.31,HIGH
normal,NORMAL,4.77,LOW
normal,NORMAL,0.86,LOW
neptune,ANOMALY,75.73,HIGH
normal,ANOMALY,63.86,MEDIUM
apache2,ANOMALY,72.79,HIGH
normal,NORMAL,0.54,LOW
normal,NORMAL,1.26,LOW
neptune,ANOMALY,81.84,HIGH
normal,NORMAL,1.05,LOW
neptune,ANOMALY,81.94,HIGH
normal,NORMAL,2.95,LOW
normal,NORMAL,1.86,LOW
neptune,ANOMALY,85.49,HIGH
normal,NORMAL,4.84,LOW
neptune,ANOMALY,86.31,HIGH
neptune,ANOMALY,80.81,HIGH
neptune,ANOMALY,77.01,HIGH
normal,NORMAL,2.29,LOW
normal,NORMAL,1.86,LOW
neptune,ANOMALY,81.34,HIGH
guess_passwd,NORMAL,9.45,LOW
processtable,NORMAL,48.73,MEDIUM
neptune,ANOMALY,80.47,HIGH
normal,NORMAL,1.63,LOW
warezmaster,NORMAL,26.08,LOW
httptunnel,ANOMALY,62.28,MEDIUM
normal,NORMAL,2.82,LOW
mscan,ANOMALY,73.08,HIGH
mscan,ANOMALY,70.0,HIGH
normal,NORMAL,1.12,LOW
neptune,ANOMALY,87.72,HIGH
neptune,ANOMALY,76.14,HIGH
normal,NORMAL,0.4,LOW
normal,NORMAL,17.6,LOW
normal,NORMAL,0.33,LOW
normal,NORMAL,16.51,LOW
normal,NORMAL,15.13,LOW
normal,NORMAL,6.34,LOW
normal,NORMAL,17.62,LOW
satan,ANOMALY,98.14,HIGH
normal,NORMAL,1.22,LOW
satan,ANOMALY,95.12,HIGH
processtable,ANOMALY,66.38,MEDIUM
normal,NORMAL,1.53,LOW
normal,NORMAL,1.44,LOW
apache2,NORMAL,51.42,MEDIUM
normal,NORMAL,17.85,LOW
normal,NORMAL,2.97,LOW
normal,NORMAL,5.63,LOW
neptune,ANOMALY,79.46,HIGH
satan,ANOMALY,67.31,MEDIUM
normal,NORMAL,2.22,LOW
neptune,ANOMALY,76.13,HIGH
guess_passwd,NORMAL,10.53,LOW
normal,NORMAL,38.61,MEDIUM
normal,NORMAL,2.26,LOW
normal,NORMAL,2.06,LOW
neptune,ANOMALY,81.34,HIGH
normal,NORMAL,3.67,LOW
guess_passwd,NORMAL,28.32,LOW
smurf,NORMAL,48.04,MEDIUM
normal,NORMAL,5.05,LOW
normal,NORMAL,1.02,LOW
warezmaster,NORMAL,33.74,MEDIUM
normal,NORMAL,1.27,LOW
normal,NORMAL,0.96,LOW
normal,NORMAL,1.34,LOW
normal,NORMAL,1.14,LOW
normal,NORMAL,49.63,MEDIUM
neptune,ANOMALY,86.5,HIGH
warezmaster,NORMAL,37.06,MEDIUM
neptune,ANOMALY,81.57,HIGH
guess_passwd,NORMAL,14.51,LOW
normal,NORMAL,3.29,LOW
mscan,ANOMALY,66.84,MEDIUM
normal,NORMAL,20.12,LOW
guess_passwd,NORMAL,9.96,LOW
smurf,NORMAL,38.87,MEDIUM
neptune,ANOMALY,80.32,HIGH
normal,NORMAL,4.0,LOW
warezmaster,NORMAL,25.51,LOW
processtable,ANOMALY,56.31,MEDIUM
guess_passwd,NORMAL,13.89,LOW
neptune,ANOMALY,81.93,HIGH
normal,NORMAL,22.72,LOW
mscan,ANOMALY,73.62,HIGH
warezmaster,NORMAL,28.33,LOW
normal,NORMAL,5.95,LOW
normal,NORMAL,2.38,LOW
neptune,ANOMALY,86.15,HIGH
normal,NORMAL,49.72,MEDIUM
normal,NORMAL,0.41,LOW
neptune,ANOMALY,80.6,HIGH
normal,NORMAL,2.41,LOW
portsweep,ANOMALY,73.08,HIGH
normal,NORMAL,26.05,LOW
normal,NORMAL,2.81,LOW
httptunnel,ANOMALY,61.94,MEDIUM
mscan,ANOMALY,78.5,HIGH
normal,NORMAL,2.47,LOW
guess_passwd,NORMAL,11.16,LOW
normal,NORMAL,2.7,LOW
apache2,ANOMALY,55.56,MEDIUM
normal,NORMAL,1.19,LOW
normal,ANOMALY,62.27,MEDIUM
apache2,ANOMALY,56.61,MEDIUM
normal,NORMAL,1.72,LOW
normal,NORMAL,0.56,LOW
neptune,ANOMALY,74.65,HIGH
normal,NORMAL,3.4,LOW
neptune,ANOMALY,80.99,HIGH
smurf,NORMAL,44.2,MEDIUM
neptune,ANOMALY,74.46,HIGH
normal,NORMAL,2.55,LOW
neptune,ANOMALY,75.58,HIGH
ps,NORMAL,24.18,LOW
pod,NORMAL,41.46,MEDIUM
normal,NORMAL,0.54,LOW
normal,NORMAL,1.2,LOW
normal,NORMAL,16.62,LOW
normal,NORMAL,1.45,LOW
normal,NORMAL,3.05,LOW
normal,NORMAL,12.17,LOW
neptune,ANOMALY,80.28,HIGH
neptune,ANOMALY,81.69,HIGH
smurf,NORMAL,39.12,MEDIUM
ipsweep,NORMAL,51.61,MEDIUM
smurf,NORMAL,40.51,MEDIUM
saint,ANOMALY,53.62,MEDIUM
smurf,NORMAL,46.11,MEDIUM
warezmaster,NORMAL,30.3,MEDIUM
neptune,ANOMALY,86.54,HIGH
normal,NORMAL,1.7,LOW
apache2,ANOMALY,61.23,MEDIUM
back,NORMAL,18.06,LOW
neptune,ANOMALY,82.52,HIGH
neptune,ANOMALY,75.22,HIGH
guess_passwd,NORMAL,12.29,LOW
guess_passwd,NORMAL,10.62,LOW
guess_passwd,NORMAL,21.59,LOW
mailbomb,NORMAL,27.48,LOW
satan,ANOMALY,95.1,HIGH
neptune,ANOMALY,84.75,HIGH
back,NORMAL,18.33,LOW
normal,NORMAL,26.5,LOW
neptune,ANOMALY,86.71,HIGH
neptune,ANOMALY,80.46,HIGH
xterm,ANOMALY,60.8,MEDIUM
processtable,ANOMALY,53.35,MEDIUM
warezmaster,NORMAL,28.62,LOW
normal,NORMAL,24.46,LOW
normal,NORMAL,3.24,LOW
neptune,ANOMALY,74.16,HIGH
neptune,ANOMALY,84.94,HIGH
normal,NORMAL,1.4,LOW
smurf,ANOMALY,53.52,MEDIUM
mscan,ANOMALY,67.04,MEDIUM
normal,NORMAL,6.35,LOW
processtable,NORMAL,50.32,MEDIUM
normal,NORMAL,2.18,LOW
normal,NORMAL,31.36,MEDIUM
warezmaster,NORMAL,36.71,MEDIUM
satan,ANOMALY,93.91,HIGH
normal,NORMAL,49.63,MEDIUM
normal,NORMAL,1.68,LOW
normal,NORMAL,1.11,LOW
warezmaster,NORMAL,27.9,LOW
neptune,ANOMALY,80.83,HIGH
neptune,ANOMALY,87.57,HIGH
neptune,ANOMALY,86.02,HIGH
normal,NORMAL,1.15,LOW
normal,NORMAL,21.55,LOW
normal,NORMAL,0.27,LOW
neptune,ANOMALY,83.87,HIGH
normal,NORMAL,1.13,LOW
snmpguess,NORMAL,26.39,LOW
normal,NORMAL,2.94,LOW
normal,ANOMALY,52.09,MEDIUM
normal,NORMAL,1.39,LOW
mscan,ANOMALY,76.67,HIGH
processtable,NORMAL,43.01,MEDIUM
normal,NORMAL,4.63,LOW
apache2,ANOMALY,76.24,HIGH
normal,NORMAL,28.5,LOW
normal,NORMAL,22.85,LOW
warezmaster,NORMAL,31.81,MEDIUM
neptune,ANOMALY,80.87,HIGH
neptune,ANOMALY,80.31,HIGH
neptune,ANOMALY,85.12,HIGH
normal,NORMAL,1.53,LOW
normal,NORMAL,3.63,LOW
smurf,ANOMALY,55.21,MEDIUM
normal,NORMAL,0.99,LOW
normal,ANOMALY,73.33,HIGH
normal,NORMAL,2.77,LOW
normal,NORMAL,1.81,LOW
guess_passwd,NORMAL,11.75,LOW
saint,ANOMALY,54.57,MEDIUM
neptune,ANOMALY,85.38,HIGH
neptune,ANOMALY,74.46,HIGH
neptune,ANOMALY,85.97,HIGH
normal,NORMAL,12.85,LOW
neptune,ANOMALY,86.92,HIGH
mailbomb,NORMAL,12.89,LOW
normal,NORMAL,1.0,LOW
guess_passwd,NORMAL,13.74,LOW
mailbomb,NORMAL,29.52,LOW
neptune,ANOMALY,81.25,HIGH
mscan,ANOMALY,65.86,MEDIUM
normal,NORMAL,2.6,LOW
normal,NORMAL,7.4,LOW
neptune,ANOMALY,87.03,HIGH
normal,NORMAL,9.9,LOW
mscan,ANOMALY,74.88,HIGH
neptune,ANOMALY,81.45,HIGH
normal,NORMAL,1.05,LOW
normal,NORMAL,0.59,LOW
smurf,NORMAL,50.01,MEDIUM
normal,NORMAL,1.9,LOW
normal,NORMAL,49.71,MEDIUM
normal,NORMAL,26.83,LOW
neptune,ANOMALY,86.57,HIGH
normal,NORMAL,34.89,MEDIUM
neptune,ANOMALY,83.05,HIGH
apache2,ANOMALY,67.38,MEDIUM
neptune,ANOMALY,86.99,HIGH
normal,NORMAL,0.47,LOW
mscan,ANOMALY,80.68,HIGH
smurf,ANOMALY,51.98,MEDIUM
satan,ANOMALY,73.61,HIGH
apache2,ANOMALY,62.6,MEDIUM
neptune,ANOMALY,76.56,HIGH
normal,NORMAL,1.75,LOW
back,NORMAL,14.16,LOW
neptune,ANOMALY,80.52,HIGH
normal,NORMAL,0.53,LOW
neptune,ANOMALY,76.57,HIGH
mscan,ANOMALY,79.06,HIGH
snmpguess,NORMAL,26.5,LOW
neptune,ANOMALY,81.96,HIGH
back,NORMAL,17.26,LOW
normal,ANOMALY,66.45,MEDIUM
mscan,ANOMALY,82.73,HIGH
warezmaster,NORMAL,29.56,LOW
warezmaster,NORMAL,28.75,LOW
neptune,ANOMALY,74.85,HIGH
satan,ANOMALY,93.72,HIGH
neptune,ANOMALY,81.85,HIGH
smurf,NORMAL,40.74,MEDIUM
neptune,ANOMALY,79.58,HIGH
neptune,ANOMALY,86.57,HIGH
apache2,ANOMALY,65.08,MEDIUM
normal,NORMAL,1.99,LOW
normal,NORMAL,0.63,LOW
normal,NORMAL,0.58,LOW
guess_passwd,NORMAL,20.82,LOW
satan,ANOMALY,94.61,HIGH
normal,NORMAL,29.44,LOW
normal,NORMAL,4.57,LOW
normal,NORMAL,1.06,LOW
normal,NORMAL,2.53,LOW
normal,NORMAL,1.75,LOW
normal,NORMAL,24.02,LOW
mscan,ANOMALY,67.18,MEDIUM
satan,ANOMALY,94.11,HIGH
normal,NORMAL,49.72,MEDIUM
normal,NORMAL,7.36,LOW
normal,NORMAL,49.72,MEDIUM
neptune,ANOMALY,86.61,HIGH
normal,NORMAL,2.08,LOW
normal,NORMAL,49.65,MEDIUM
normal,NORMAL,1.75,LOW
processtable,NORMAL,45.56,MEDIUM
neptune,ANOMALY,69.81,MEDIUM
neptune,ANOMALY,85.27,HIGH
normal,NORMAL,5.86,LOW
warezmaster,NORMAL,23.46,LOW
normal,NORMAL,9.62,LOW
neptune,ANOMALY,77.36,HIGH
normal,NORMAL,3.54,LOW
normal,NORMAL,19.23,LOW
warezmaster,NORMAL,27.43,LOW
ipsweep,NORMAL,33.06,MEDIUM
neptune,ANOMALY,74.88,HIGH
satan,ANOMALY,67.76,MEDIUM
normal,NORMAL,10.43,LOW
normal,NORMAL,1.54,LOW
normal,NORMAL,2.21,LOW
satan,ANOMALY,64.93,MEDIUM
neptune,ANOMALY,86.19,HIGH
normal,NORMAL,2.85,LOW
neptune,ANOMALY,85.14,HIGH
normal,NORMAL,18.77,LOW
normal,NORMAL,0.43,LOW
normal,NORMAL,6.02,LOW
neptune,ANOMALY,76.52,HIGH
neptune,ANOMALY,81.73,HIGH
warezmaster,NORMAL,33.85,MEDIUM
back,NORMAL,14.47,LOW
snmpgetattack,NORMAL,28.21,LOW
warezmaster,NORMAL,26.35,LOW
normal,NORMAL,0.82,LOW
normal,NORMAL,32.28,MEDIUM
normal,NORMAL,1.18,LOW
neptune,ANOMALY,84.22,HIGH
normal,NORMAL,2.75,LOW
apache2,ANOMALY,58.03,MEDIUM
guess_passwd,NORMAL,10.23,LOW
normal,NORMAL,8.11,LOW
guess_passwd,NORMAL,21.27,LOW
normal,NORMAL,4.49,LOW
guess_passwd,NORMAL,40.44,MEDIUM
apache2,ANOMALY,56.11,MEDIUM
normal,NORMAL,6.63,LOW
normal,NORMAL,18.8,LOW
neptune,ANOMALY,85.55,HIGH
normal,NORMAL,1.37,LOW
normal,NORMAL,0.46,LOW
neptune,ANOMALY,81.42,HIGH
neptune,ANOMALY,78.46,HIGH
normal,NORMAL,1.98,LOW
normal,NORMAL,0.36,LOW
normal,NORMAL,26.59,LOW
normal,NORMAL,0.33,LOW
neptune,ANOMALY,80.19,HIGH
normal,NORMAL,33.37,MEDIUM
normal,NORMAL,0.37,LOW
neptune,ANOMALY,76.76,HIGH
warezmaster,NORMAL,23.97,LOW
warezmaster,NORMAL,28.71,LOW
neptune,ANOMALY,81.25,HIGH
neptune,ANOMALY,86.61,HIGH
neptune,ANOMALY,76.4,HIGH
normal,NORMAL,17.43,LOW
warezmaster,NORMAL,18.52,LOW
snmpgetattack,NORMAL,26.88,LOW
guess_passwd,NORMAL,20.68,LOW
processtable,NORMAL,38.71,MEDIUM
apache2,ANOMALY,76.8,HIGH
normal,NORMAL,39.55,MEDIUM
normal,NORMAL,46.11,MEDIUM
normal,NORMAL,1.39,LOW
normal,NORMAL,15.61,LOW
normal,NORMAL,5.99,LOW
apache2,NORMAL,43.49,MEDIUM
normal,NORMAL,49.37,MEDIUM
normal,NORMAL,9.45,LOW
processtable,ANOMALY,53.94,MEDIUM
normal,NORMAL,1.83,LOW
processtable,NORMAL,43.51,MEDIUM
snmpguess,NORMAL,26.4,LOW
mscan,ANOMALY,68.06,MEDIUM
guess_passwd,NORMAL,11.34,LOW
saint,ANOMALY,75.65,HIGH
back,NORMAL,23.43,LOW
processtable,NORMAL,46.97,MEDIUM
back,NORMAL,15.4,LOW
normal,NORMAL,2.89,LOW
neptune,ANOMALY,76.13,HIGH
mscan,ANOMALY,76.2,HIGH
normal,NORMAL,0.56,LOW
normal,NORMAL,1.75,LOW
normal,NORMAL,46.51,MEDIUM
normal,NORMAL,4.82,LOW
normal,NORMAL,2.51,LOW
normal,NORMAL,2.65,LOW
normal,NORMAL,1.83,LOW
neptune,ANOMALY,84.59,HIGH
neptune,ANOMALY,73.62,HIGH
normal,NORMAL,49.4,MEDIUM
normal,NORMAL,1.08,LOW
pod,NORMAL,50.18,MEDIUM
guess_passwd,NORMAL,10.77,LOW
guess_passwd,NORMAL,11.4,LOW
neptune,ANOMALY,80.19,HIGH
satan,ANOMALY,94.88,HIGH
normal,NORMAL,9.39,LOW
normal,NORMAL,47.28,MEDIUM
guess_passwd,NORMAL,10.53,LOW
normal,NORMAL,2.08,LOW
neptune,ANOMALY,86.95,HIGH
normal,NORMAL,0.5,LOW
normal,NORMAL,14.54,LOW
neptune,ANOMALY,81.82,HIGH
normal,NORMAL,2.93,LOW
smurf,NORMAL,43.05,MEDIUM
neptune,ANOMALY,81.72,HIGH
neptune,ANOMALY,86.87,HIGH
neptune,ANOMALY,81.76,HIGH
normal,NORMAL,2.93,LOW
normal,NORMAL,21.19,LOW
normal,NORMAL,18.04,LOW
normal,NORMAL,0.83,LOW
normal,NORMAL,3.01,LOW
neptune,ANOMALY,82.36,HIGH
normal,NORMAL,0.24,LOW
normal,NORMAL,2.79,LOW
normal,NORMAL,1.57,LOW
normal,NORMAL,3.51,LOW
apache2,ANOMALY,64.84,MEDIUM
guess_passwd,NORMAL,20.59,LOW
normal,NORMAL,0.78,LOW
normal,NORMAL,2.35,LOW
satan,ANOMALY,64.29,MEDIUM
processtable,ANOMALY,85.24,HIGH
neptune,ANOMALY,75.97,HIGH
normal,NORMAL,2.18,LOW
warezmaster,NORMAL,27.14,LOW
normal,NORMAL,1.46,LOW
neptune,ANOMALY,86.71,HIGH
normal,NORMAL,1.68,LOW
neptune,ANOMALY,81.11,HIGH
mscan,ANOMALY,77.34,HIGH
guess_passwd,NORMAL,10.53,LOW
neptune,ANOMALY,76.11,HIGH
apache2,ANOMALY,56.02,MEDIUM
neptune,ANOMALY,91.24,HIGH
mailbomb,NORMAL,24.4,LOW
mscan,ANOMALY,81.61,HIGH
normal,NORMAL,48.47,MEDIUM
normal,NORMAL,12.04,LOW
normal,NORMAL,7.07,LOW
normal,NORMAL,36.89,MEDIUM
guess_passwd,NORMAL,21.17,LOW
neptune,ANOMALY,82.02,HIGH
guess_passwd,NORMAL,20.85,LOW
normal,NORMAL,1.12,LOW
normal,NORMAL,2.06,LOW
neptune,ANOMALY,81.52,HIGH
satan,ANOMALY,96.65,HIGH
guess_passwd,NORMAL,9.48,LOW
normal,NORMAL,1.27,LOW
normal,NORMAL,0.48,LOW
normal,NORMAL,29.14,LOW
neptune,ANOMALY,81.88,HIGH
neptune,ANOMALY,76.47,HIGH
normal,NORMAL,10.37,LOW
warezmaster,NORMAL,26.69,LOW
mscan,ANOMALY,78.76,HIGH
guess_passwd,NORMAL,27.34,LOW
neptune,ANOMALY,84.44,HIGH
mscan,ANOMALY,65.11,MEDIUM
warezmaster,NORMAL,32.0,MEDIUM
neptune,ANOMALY,86.33,HIGH
normal,NORMAL,10.95,LOW
warezmaster,NORMAL,36.3,MEDIUM
normal,NORMAL,31.91,MEDIUM
normal,NORMAL,0.94,LOW
normal,NORMAL,5.0,LOW
mailbomb,NORMAL,43.4,MEDIUM
guess_passwd,NORMAL,13.88,LOW
satan,ANOMALY,64.0,MEDIUM
mscan,ANOMALY,74.65,HIGH
normal,NORMAL,0.53,LOW
normal,NORMAL,36.32,MEDIUM
normal,NORMAL,7.44,LOW
satan,ANOMALY,93.9,HIGH
apache2,ANOMALY,61.53,MEDIUM
nmap,ANOMALY,83.0,HIGH
normal,NORMAL,11.64,LOW
guess_passwd,NORMAL,9.68,LOW
normal,NORMAL,0.31,LOW
apache2,ANOMALY,53.89,MEDIUM
neptune,ANOMALY,86.61,HIGH
normal,NORMAL,2.87,LOW
normal,NORMAL,0.38,LOW
normal,NORMAL,0.52,LOW
normal,NORMAL,1.43,LOW
smurf,NORMAL,38.96,MEDIUM
warezmaster,NORMAL,30.37,MEDIUM
neptune,ANOMALY,79.98,HIGH
smurf,ANOMALY,57.62,MEDIUM
normal,NORMAL,27.71,LOW
apache2,ANOMALY,52.81,MEDIUM
mscan,ANOMALY,72.52,HIGH
snmpguess,NORMAL,46.3,MEDIUM
normal,ANOMALY,73.99,HIGH
normal,NORMAL,0.75,LOW
mscan,ANOMALY,75.76,HIGH
mailbomb,NORMAL,13.72,LOW
neptune,ANOMALY,89.78,HIGH
normal,NORMAL,4.41,LOW
smurf,NORMAL,41.28,MEDIUM
normal,NORMAL,16.61,LOW
neptune,ANOMALY,80.72,HIGH
normal,NORMAL,1.74,LOW
neptune,ANOMALY,84.94,HIGH
neptune,ANOMALY,75.41,HIGH
normal,NORMAL,3.08,LOW
httptunnel,ANOMALY,62.09,MEDIUM
normal,NORMAL,8.93,LOW
guess_passwd,NORMAL,11.5,LOW
normal,NORMAL,1.58,LOW
warezmaster,NORMAL,50.12,MEDIUM
httptunnel,ANOMALY,62.4,MEDIUM
processtable,NORMAL,46.0,MEDIUM
neptune,ANOMALY,85.42,HIGH
neptune,ANOMALY,82.04,HIGH
mailbomb,NORMAL,18.36,LOW
normal,NORMAL,15.04,LOW
normal,NORMAL,3.81,LOW
neptune,ANOMALY,86.43,HIGH
normal,NORMAL,0.62,LOW
normal,NORMAL,45.06,MEDIUM
neptune,ANOMALY,79.94,HIGH
neptune,ANOMALY,85.52,HIGH
normal,NORMAL,2.48,LOW
smurf,NORMAL,43.25,MEDIUM
normal,NORMAL,0.61,LOW
normal,NORMAL,0.21,LOW
normal,NORMAL,26.67,LOW
mailbomb,NORMAL,13.15,LOW
normal,NORMAL,0.39,LOW
worm,NORMAL,21.83,LOW
normal,NORMAL,0.38,LOW
guess_passwd,NORMAL,10.04,LOW
warezmaster,NORMAL,28.38,LOW
normal,NORMAL,1.32,LOW
normal,NORMAL,5.75,LOW
smurf,ANOMALY,60.21,MEDIUM
neptune,ANOMALY,76.34,HIGH
neptune,ANOMALY,80.7,HIGH
processtable,ANOMALY,51.81,MEDIUM
smurf,NORMAL,37.52,MEDIUM
neptune,ANOMALY,76.49,HIGH
guess_passwd,NORMAL,13.87,LOW
normal,NORMAL,1.77,LOW
normal,NORMAL,49.71,MEDIUM
normal,NORMAL,0.31,LOW
normal,NORMAL,2.25,LOW
neptune,ANOMALY,87.13,HIGH
warezmaster,NORMAL,27.87,LOW
normal,NORMAL,0.68,LOW
mscan,ANOMALY,72.5,HIGH
mscan,ANOMALY,59.74,MEDIUM
normal,NORMAL,12.31,LOW
normal,NORMAL,2.43,LOW
processtable,NORMAL,39.48,MEDIUM
snmpgetattack,NORMAL,27.05,LOW
neptune,ANOMALY,80.94,HIGH
neptune,ANOMALY,81.14,HIGH
warezmaster,NORMAL,37.25,MEDIUM
saint,ANOMALY,93.52,HIGH
neptune,ANOMALY,87.59,HIGH
neptune,ANOMALY,87.36,HIGH
teardrop,NORMAL,33.44,MEDIUM
normal,NORMAL,3.53,LOW
normal,NORMAL,3.36,LOW
normal,NORMAL,0.93,LOW
guess_passwd,NORMAL,9.9,LOW
guess_passwd,ANOMALY,59.8,MEDIUM
neptune,ANOMALY,82.02,HIGH
warezmaster,NORMAL,28.58,LOW
normal,NORMAL,2.41,LOW
normal,NORMAL,1.56,LOW
satan,ANOMALY,92.9,HIGH
neptune,ANOMALY,89.57,HIGH
neptune,ANOMALY,81.2,HIGH
satan,ANOMALY,92.26,HIGH
snmpguess,NORMAL,26.55,LOW
normal,NORMAL,0.93,LOW
warezmaster,NORMAL,25.3,LOW
neptune,ANOMALY,79.22,HIGH
normal,NORMAL,2.34,LOW
normal,NORMAL,0.94,LOW
normal,NORMAL,19.12,LOW
neptune,ANOMALY,76.15,HIGH
neptune,ANOMALY,82.18,HIGH
neptune,ANOMALY,91.52,HIGH
normal,NORMAL,4.43,LOW
normal,NORMAL,0.44,LOW
normal,NORMAL,1.78,LOW
normal,NORMAL,3.01,LOW
neptune,ANOMALY,80.52,HIGH
neptune,ANOMALY,80.25,HIGH
normal,NORMAL,1.37,LOW
normal,NORMAL,4.55,LOW
apache2,ANOMALY,73.7,HIGH
normal,NORMAL,34.41,MEDIUM
normal,NORMAL,2.07,LOW
normal,NORMAL,20.75,LOW
neptune,ANOMALY,75.05,HIGH
back,NORMAL,17.53,LOW
mscan,ANOMALY,68.67,MEDIUM
neptune,ANOMALY,82.36,HIGH
guess_passwd,NORMAL,19.53,LOW
normal,NORMAL,2.93,LOW
normal,NORMAL,1.12,LOW
normal,NORMAL,13.77,LOW
normal,NORMAL,38.24,MEDIUM
normal,NORMAL,14.16,LOW
ps,NORMAL,29.46,LOW
normal,NORMAL,5.69,LOW
neptune,ANOMALY,74.45,HIGH
smurf,ANOMALY,55.04,MEDIUM
back,NORMAL,17.9,LOW
snmpguess,NORMAL,26.77,LOW
apache2,NORMAL,50.98,MEDIUM
neptune,ANOMALY,80.93,HIGH
normal,NORMAL,13.24,LOW
normal,NORMAL,18.76,LOW
back,NORMAL,18.88,LOW
smurf,ANOMALY,52.99,MEDIUM
normal,NORMAL,49.69,MEDIUM
mscan,ANOMALY,65.64,MEDIUM
normal,NORMAL,1.8,LOW
snmpgetattack,NORMAL,26.66,LOW
mscan,ANOMALY,72.4,HIGH
normal,NORMAL,22.91,LOW
saint,ANOMALY,93.83,HIGH
normal,NORMAL,0.36,LOW
processtable,NORMAL,49.57,MEDIUM
normal,NORMAL,5.36,LOW
normal,NORMAL,2.9,LOW
normal,NORMAL,0.27,LOW
normal,NORMAL,1.05,LOW
neptune,ANOMALY,86.43,HIGH
neptune,ANOMALY,78.59,HIGH
neptune,ANOMALY,85.6,HIGH
buffer_overflow,NORMAL,30.2,MEDIUM
neptune,ANOMALY,82.16,HIGH
normal,NORMAL,0.73,LOW
guess_passwd,NORMAL,26.73,LOW
normal,NORMAL,4.68,LOW
neptune,ANOMALY,87.03,HIGH
warezmaster,ANOMALY,55.25,MEDIUM
mailbomb,NORMAL,30.45,MEDIUM
guess_passwd,NORMAL,18.76,LOW
normal,NORMAL,1.57,LOW
guess_passwd,NORMAL,11.78,LOW
guess_passwd,NORMAL,9.22,LOW
neptune,ANOMALY,75.98,HIGH
neptune,ANOMALY,74.09,HIGH
neptune,ANOMALY,77.97,HIGH
satan,ANOMALY,66.12,MEDIUM
normal,NORMAL,2.74,LOW
neptune,ANOMALY,78.95,HIGH
normal,NORMAL,0.42,LOW
normal,NORMAL,16.48,LOW
normal,NORMAL,18.61,LOW
normal,NORMAL,2.19,LOW
mscan,ANOMALY,76.43,HIGH
normal,NORMAL,0.56,LOW
guess_passwd,NORMAL,9.37,LOW
normal,NORMAL,4.23,LOW
processtable,NORMAL,38.12,MEDIUM
normal,NORMAL,1.49,LOW
normal,NORMAL,26.6,LOW
apache2,ANOMALY,61.16,MEDIUM
normal,NORMAL,50.09,MEDIUM
guess_passwd,NORMAL,13.16,LOW
normal,NORMAL,18.43,LOW
back,NORMAL,18.2,LOW
normal,NORMAL,3.44,LOW
snmpguess,NORMAL,26.53,LOW
normal,NORMAL,0.53,LOW
neptune,ANOMALY,80.33,HIGH
normal,NORMAL,1.74,LOW
neptune,ANOMALY,83.03,HIGH
processtable,ANOMALY,75.94,HIGH
neptune,ANOMALY,82.23,HIGH
normal,NORMAL,1.61,LOW
normal,NORMAL,1.31,LOW
neptune,ANOMALY,76.56,HIGH
normal,NORMAL,0.89,LOW
normal,NORMAL,2.34,LOW
normal,NORMAL,9.81,LOW
warezmaster,NORMAL,25.16,LOW
neptune,ANOMALY,75.97,HIGH
neptune,ANOMALY,81.68,HIGH
guess_passwd,NORMAL,10.35,LOW
neptune,ANOMALY,82.2,HIGH
neptune,ANOMALY,81.85,HIGH
mscan,ANOMALY,70.74,HIGH
normal,NORMAL,27.15,LOW
normal,NORMAL,4.56,LOW
apache2,ANOMALY,62.25,MEDIUM
neptune,ANOMALY,81.22,HIGH
snmpguess,NORMAL,26.43,LOW
warezmaster,NORMAL,28.84,LOW
satan,ANOMALY,68.33,MEDIUM
portsweep,ANOMALY,68.79,MEDIUM
normal,NORMAL,0.35,LOW
normal,NORMAL,2.61,LOW
neptune,ANOMALY,81.65,HIGH
saint,ANOMALY,55.3,MEDIUM
snmpguess,NORMAL,26.13,LOW
apache2,ANOMALY,65.22,MEDIUM
normal,NORMAL,20.91,LOW
normal,NORMAL,2.65,LOW
neptune,ANOMALY,80.7,HIGH
mscan,ANOMALY,72.26,HIGH
normal,NORMAL,1.77,LOW
satan,ANOMALY,94.24,HIGH
guess_passwd,NORMAL,13.56,LOW
normal,NORMAL,1.71,LOW
back,NORMAL,18.51,LOW
satan,ANOMALY,68.16,MEDIUM
normal,NORMAL,0.72,LOW
snmpguess,NORMAL,26.48,LOW
warezmaster,NORMAL,49.04,MEDIUM
normal,NORMAL,0.34,LOW
back,NORMAL,39.62,MEDIUM
apache2,ANOMALY,65.02,MEDIUM
guess_passwd,NORMAL,9.42,LOW
normal,NORMAL,0.3,LOW
mscan,ANOMALY,77.34,HIGH
httptunnel,ANOMALY,62.92,MEDIUM
normal,NORMAL,37.7,MEDIUM
normal,NORMAL,0.55,LOW
neptune,ANOMALY,76.47,HIGH
neptune,ANOMALY,87.18,HIGH
normal,NORMAL,1.9,LOW
normal,NORMAL,2.17,LOW
neptune,ANOMALY,75.84,HIGH
mscan,ANOMALY,67.77,MEDIUM
neptune,ANOMALY,86.28,HIGH
satan,ANOMALY,86.14,HIGH
normal,NORMAL,26.54,LOW
normal,NORMAL,50.56,MEDIUM
guess_passwd,NORMAL,21.45,LOW
guess_passwd,NORMAL,11.69,LOW
normal,NORMAL,50.27,MEDIUM
normal,NORMAL,0.49,LOW
normal,ANOMALY,60.57,MEDIUM
normal,NORMAL,35.37,MEDIUM
processtable,NORMAL,46.7,MEDIUM
smurf,NORMAL,39.09,MEDIUM
normal,NORMAL,3.29,LOW
neptune,ANOMALY,87.49,HIGH
normal,NORMAL,4.83,LOW
neptune,ANOMALY,81.77,HIGH
neptune,ANOMALY,87.13,HIGH
neptune,ANOMALY,83.59,HIGH
normal,NORMAL,17.94,LOW
satan,ANOMALY,56.46,MEDIUM
warezmaster,NORMAL,34.02,MEDIUM
normal,NORMAL,1.49,LOW
apache2,ANOMALY,74.6,HIGH
normal,NORMAL,3.04,LOW
mscan,ANOMALY,81.36,HIGH
normal,NORMAL,0.66,LOW
normal,NORMAL,2.34,LOW
guess_passwd,NORMAL,10.64,LOW
neptune,ANOMALY,80.65,HIGH
apache2,ANOMALY,74.07,HIGH
apache2,ANOMALY,55.09,MEDIUM
normal,NORMAL,0.63,LOW
normal,NORMAL,0.7,LOW
saint,NORMAL,41.12,MEDIUM
neptune,ANOMALY,79.28,HIGH
neptune,ANOMALY,81.0,HIGH
neptune,ANOMALY,81.45,HIGH
neptune,ANOMALY,80.86,HIGH
normal,NORMAL,5.25,LOW
normal,NORMAL,15.13,LOW
neptune,ANOMALY,75.73,HIGH
normal,NORMAL,2.89,LOW
portsweep,ANOMALY,87.43,HIGH
normal,NORMAL,1.39,LOW
apache2,NORMAL,48.56,MEDIUM
normal,NORMAL,28.95,LOW
neptune,ANOMALY,76.54,HIGH
processtable,ANOMALY,59.19,MEDIUM
neptune,ANOMALY,80.87,HIGH
normal,NORMAL,49.73,MEDIUM
normal,NORMAL,1.97,LOW
mailbomb,NORMAL,16.62,LOW
normal,NORMAL,2.82,LOW
mscan,ANOMALY,64.89,MEDIUM
normal,NORMAL,2.98,LOW
satan,ANOMALY,93.73,HIGH
apache2,ANOMALY,60.36,MEDIUM
mscan,ANOMALY,75.57,HIGH
neptune,ANOMALY,82.25,HIGH
normal,NORMAL,5.72,LOW
normal,NORMAL,15.61,LOW
normal,NORMAL,1.46,LOW
guess_passwd,NORMAL,10.95,LOW
normal,NORMAL,18.58,LOW
apache2,ANOMALY,73.76,HIGH
warezmaster,NORMAL,40.65,MEDIUM
normal,NORMAL,1.86,LOW
smurf,NORMAL,50.33,MEDIUM
normal,NORMAL,10.18,LOW
satan,ANOMALY,95.21,HIGH
apache2,ANOMALY,76.38,HIGH
normal,NORMAL,0.82,LOW
normal,NORMAL,23.19,LOW
mscan,ANOMALY,72.09,HIGH
ipsweep,NORMAL,50.98,MEDIUM
normal,NORMAL,1.32,LOW
mscan,ANOMALY,69.44,MEDIUM
apache2,ANOMALY,60.41,MEDIUM
normal,NORMAL,3.44,LOW
neptune,ANOMALY,86.87,HIGH
guess_passwd,NORMAL,30.58,MEDIUM
snmpguess,NORMAL,26.24,LOW
portsweep,ANOMALY,81.89,HIGH
processtable,ANOMALY,76.03,HIGH
apache2,ANOMALY,74.73,HIGH
normal,NORMAL,18.89,LOW
normal,NORMAL,3.37,LOW
normal,NORMAL,0.88,LOW
neptune,ANOMALY,82.16,HIGH
neptune,ANOMALY,79.77,HIGH
snmpguess,NORMAL,26.06,LOW
guess_passwd,NORMAL,24.73,LOW
neptune,ANOMALY,74.52,HIGH
normal,NORMAL,20.88,LOW
neptune,ANOMALY,81.77,HIGH
processtable,NORMAL,43.77,MEDIUM
apache2,ANOMALY,54.98,MEDIUM
normal,NORMAL,49.69,MEDIUM
mscan,ANOMALY,67.04,MEDIUM
normal,NORMAL,51.04,MEDIUM
smurf,NORMAL,50.7,MEDIUM
normal,NORMAL,5.9,LOW
back,NORMAL,15.68,LOW
processtable,NORMAL,37.49,MEDIUM
snmpguess,NORMAL,26.32,LOW
neptune,ANOMALY,81.79,HIGH
warezmaster,NORMAL,32.57,MEDIUM
normal,NORMAL,0.44,LOW
mscan,ANOMALY,71.44,HIGH
neptune,ANOMALY,81.55,HIGH
normal,NORMAL,10.41,LOW
saint,ANOMALY,94.43,HIGH
normal,NORMAL,0.4,LOW
normal,NORMAL,26.69,LOW
mscan,ANOMALY,78.26,HIGH
neptune,ANOMALY,87.36,HIGH
neptune,ANOMALY,71.46,HIGH
processtable,ANOMALY,75.95,HIGH
normal,NORMAL,24.64,LOW
smurf,NORMAL,49.07,MEDIUM
normal,NORMAL,0.59,LOW
guess_passwd,NORMAL,9.41,LOW
guess_passwd,NORMAL,21.77,LOW
normal,NORMAL,3.06,LOW
processtable,NORMAL,43.78,MEDIUM
guess_passwd,NORMAL,11.66,LOW
normal,NORMAL,1.33,LOW
neptune,ANOMALY,76.16,HIGH
normal,NORMAL,3.77,LOW
apache2,NORMAL,46.48,MEDIUM
neptune,ANOMALY,81.81,HIGH
mscan,ANOMALY,90.33,HIGH
normal,NORMAL,0.72,LOW
mscan,ANOMALY,70.34,HIGH
portsweep,ANOMALY,85.56,HIGH
mscan,ANOMALY,78.95,HIGH
normal,NORMAL,29.08,LOW
mscan,ANOMALY,78.16,HIGH
normal,NORMAL,16.67,LOW
neptune,ANOMALY,80.87,HIGH
normal,NORMAL,9.45,LOW
snmpguess,NORMAL,26.46,LOW
normal,NORMAL,26.59,LOW
normal,NORMAL,9.23,LOW
snmpguess,NORMAL,26.36,LOW
smurf,NORMAL,38.29,MEDIUM
normal,NORMAL,2.91,LOW
guess_passwd,NORMAL,10.61,LOW
guess_passwd,NORMAL,23.87,LOW
neptune,ANOMALY,86.86,HIGH
satan,ANOMALY,86.93,HIGH
neptune,ANOMALY,75.63,HIGH
normal,NORMAL,0.71,LOW
guess_passwd,NORMAL,20.38,LOW
mscan,ANOMALY,64.44,MEDIUM
neptune,ANOMALY,76.65,HIGH
neptune,ANOMALY,80.22,HIGH
snmpgetattack,NORMAL,27.06,LOW
normal,NORMAL,49.67,MEDIUM
normal,NORMAL,1.59,LOW
mailbomb,NORMAL,13.02,LOW
apache2,ANOMALY,58.64,MEDIUM
normal,NORMAL,1.4,LOW
neptune,ANOMALY,81.8,HIGH
neptune,ANOMALY,76.49,HIGH
normal,NORMAL,30.8,MEDIUM
mscan,ANOMALY,81.89,HIGH
normal,NORMAL,12.77,LOW
named,NORMAL,33.95,MEDIUM
mscan,ANOMALY,64.44,MEDIUM
normal,NORMAL,16.95,LOW
normal,NORMAL,44.9,MEDIUM
normal,ANOMALY,70.9,HIGH
normal,NORMAL,1.28,LOW
normal,NORMAL,8.81,LOW
smurf,ANOMALY,56.75,MEDIUM
apache2,ANOMALY,57.66,MEDIUM
neptune,ANOMALY,80.65,HIGH
mscan,NORMAL,46.7,MEDIUM
warezmaster,NORMAL,15.92,LOW
normal,NORMAL,33.48,MEDIUM
saint,ANOMALY,94.11,HIGH
apache2,ANOMALY,60.39,MEDIUM
normal,NORMAL,49.71,MEDIUM
normal,NORMAL,1.06,LOW
neptune,ANOMALY,76.43,HIGH
guess_passwd,NORMAL,10.68,LOW
normal,NORMAL,2.07,LOW
neptune,ANOMALY,77.26,HIGH
normal,NORMAL,0.78,LOW
warezmaster,NORMAL,28.27,LOW
smurf,ANOMALY,52.82,MEDIUM
normal,NORMAL,26.82,LOW
satan,ANOMALY,94.07,HIGH
neptune,ANOMALY,81.17,HIGH
normal,NORMAL,5.66,LOW
normal,NORMAL,3.16,LOW
normal,NORMAL,8.56,LOW
normal,NORMAL,2.45,LOW
snmpgetattack,NORMAL,28.16,LOW
back,NORMAL,16.97,LOW
neptune,ANOMALY,86.27,HIGH
warezmaster,NORMAL,45.63,MEDIUM
saint,ANOMALY,52.67,MEDIUM
guess_passwd,NORMAL,28.24,LOW
normal,NORMAL,1.73,LOW
warezmaster,NORMAL,35.31,MEDIUM
guess_passwd,NORMAL,23.39,LOW
normal,NORMAL,20.85,LOW
processtable,NORMAL,39.6,MEDIUM
normal,ANOMALY,59.93,MEDIUM
neptune,ANOMALY,81.97,HIGH
normal,NORMAL,0.61,LOW
normal,NORMAL,5.45,LOW
neptune,ANOMALY,74.82,HIGH
apache2,ANOMALY,55.0,MEDIUM
neptune,ANOMALY,80.74,HIGH
normal,NORMAL,0.6,LOW
normal,NORMAL,30.02,MEDIUM
normal,NORMAL,3.18,LOW
normal,NORMAL,2.27,LOW
guess_passwd,NORMAL,14.6,LOW
smurf,NORMAL,45.2,MEDIUM
guess_passwd,NORMAL,25.19,LOW
normal,NORMAL,35.63,MEDIUM
guess_passwd,NORMAL,15.06,LOW
neptune,ANOMALY,81.28,HIGH
normal,NORMAL,0.25,LOW
normal,NORMAL,31.0,MEDIUM
mscan,ANOMALY,81.7,HIGH
guess_passwd,NORMAL,9.58,LOW
normal,NORMAL,16.41,LOW
neptune,ANOMALY,80.52,HIGH
normal,NORMAL,36.89,MEDIUM
normal,NORMAL,3.52,LOW
neptune,ANOMALY,74.95,HIGH
satan,ANOMALY,93.66,HIGH
normal,ANOMALY,56.77,MEDIUM
neptune,ANOMALY,81.32,HIGH
normal,NORMAL,1.77,LOW
smurf,NORMAL,48.04,MEDIUM
mscan,ANOMALY,78.06,HIGH
snmpgetattack,NORMAL,26.96,LOW
neptune,ANOMALY,82.34,HIGH
normal,NORMAL,0.31,LOW
snmpguess,NORMAL,35.56,MEDIUM
guess_passwd,NORMAL,20.73,LOW
mscan,ANOMALY,83.25,HIGH
satan,ANOMALY,91.81,HIGH
normal,NORMAL,1.81,LOW
normal,NORMAL,16.25,LOW
warezmaster,NORMAL,27.02,LOW
normal,NORMAL,3.64,LOW
apache2,ANOMALY,67.42,MEDIUM
neptune,ANOMALY,82.39,HIGH
warezmaster,NORMAL,49.94,MEDIUM
normal,NORMAL,18.63,LOW
normal,NORMAL,3.96,LOW
neptune,ANOMALY,85.5,HIGH
apache2,ANOMALY,62.25,MEDIUM
normal,NORMAL,25.05,LOW
normal,NORMAL,3.3,LOW
normal,NORMAL,15.16,LOW
warezmaster,NORMAL,27.75,LOW
normal,NORMAL,1.6,LOW
portsweep,ANOMALY,76.81,HIGH
processtable,ANOMALY,67.95,MEDIUM
saint,ANOMALY,55.46,MEDIUM
mailbomb,NORMAL,16.34,LOW
normal,NORMAL,16.35,LOW
neptune,ANOMALY,81.97,HIGH
back,NORMAL,17.31,LOW
smurf,NORMAL,50.23,MEDIUM
nmap,ANOMALY,82.64,HIGH
warezmaster,NORMAL,26.34,LOW
neptune,ANOMALY,81.59,HIGH
satan,ANOMALY,65.77,MEDIUM
normal,NORMAL,1.85,LOW
normal,NORMAL,2.29,LOW
neptune,ANOMALY,86.85,HIGH
normal,NORMAL,0.78,LOW
normal,NORMAL,17.46,LOW
neptune,ANOMALY,73.5,HIGH
normal,NORMAL,24.07,LOW
neptune,ANOMALY,80.65,HIGH
neptune,ANOMALY,86.31,HIGH
normal,NORMAL,0.46,LOW
apache2,ANOMALY,57.82,MEDIUM
neptune,ANOMALY,79.57,HIGH
normal,NORMAL,0.36,LOW
normal,NORMAL,1.03,LOW
normal,NORMAL,0.77,LOW
neptune,ANOMALY,76.54,HIGH
mailbomb,NORMAL,32.65,MEDIUM
neptune,ANOMALY,81.51,HIGH
saint,ANOMALY,94.16,HIGH
neptune,ANOMALY,76.11,HIGH
neptune,ANOMALY,81.7,HIGH
normal,NORMAL,0.46,LOW
normal,NORMAL,43.33,MEDIUM
normal,NORMAL,0.53,LOW
normal,NORMAL,2.99,LOW
neptune,ANOMALY,82.15,HIGH
back,NORMAL,16.17,LOW
normal,NORMAL,23.96,LOW
smurf,NORMAL,45.84,MEDIUM
smurf,NORMAL,38.87,MEDIUM
xterm,ANOMALY,62.99,MEDIUM
neptune,ANOMALY,85.56,HIGH
neptune,ANOMALY,79.21,HIGH
warezmaster,NORMAL,42.36,MEDIUM
normal,NORMAL,0.29,LOW
guess_passwd,NORMAL,15.22,LOW
normal,NORMAL,6.45,LOW
neptune,ANOMALY,79.92,HIGH
normal,NORMAL,16.01,LOW
neptune,ANOMALY,74.77,HIGH
neptune,ANOMALY,75.16,HIGH
saint,ANOMALY,51.8,MEDIUM
normal,NORMAL,28.95,LOW
normal,NORMAL,1.06,LOW
neptune,ANOMALY,79.16,HIGH
saint,ANOMALY,94.36,HIGH
back,NORMAL,16.63,LOW
normal,NORMAL,26.34,LOW
normal,NORMAL,0.61,LOW
satan,ANOMALY,60.09,MEDIUM
mscan,ANOMALY,71.89,HIGH
back,NORMAL,22.35,LOW
normal,NORMAL,1.07,LOW
normal,NORMAL,30.35,MEDIUM
neptune,ANOMALY,86.31,HIGH
satan,ANOMALY,63.32,MEDIUM
smurf,NORMAL,48.7,MEDIUM
apache2,NORMAL,45.61,MEDIUM
neptune,ANOMALY,76.57,HIGH
normal,NORMAL,23.26,LOW
neptune,ANOMALY,76.02,HIGH
processtable,NORMAL,38.57,MEDIUM
saint,ANOMALY,54.35,MEDIUM
apache2,ANOMALY,72.73,HIGH
processtable,ANOMALY,57.01,MEDIUM
normal,NORMAL,2.44,LOW
guess_passwd,NORMAL,9.29,LOW
satan,ANOMALY,95.1,HIGH
neptune,ANOMALY,74.83,HIGH
neptune,ANOMALY,82.07,HIGH
neptune,ANOMALY,86.41,HIGH
normal,NORMAL,16.81,LOW
processtable,NORMAL,41.54,MEDIUM
saint,ANOMALY,53.96,MEDIUM
neptune,ANOMALY,82.57,HIGH
normal,NORMAL,0.59,LOW
normal,NORMAL,0.62,LOW
neptune,ANOMALY,80.36,HIGH
neptune,ANOMALY,89.77,HIGH
neptune,ANOMALY,76.04,HIGH
neptune,ANOMALY,85.28,HIGH
mscan,ANOMALY,77.02,HIGH
normal,NORMAL,45.58,MEDIUM
satan,ANOMALY,98.93,HIGH
neptune,ANOMALY,76.76,HIGH
mailbomb,NORMAL,31.87,MEDIUM
normal,NORMAL,16.91,LOW
normal,NORMAL,4.97,LOW
warezmaster,NORMAL,32.54,MEDIUM
neptune,ANOMALY,73.71,HIGH
smurf,ANOMALY,53.63,MEDIUM
normal,NORMAL,36.39,MEDIUM
neptune,ANOMALY,81.05,HIGH
httptunnel,ANOMALY,61.9,MEDIUM
normal,NORMAL,22.65,LOW
normal,NORMAL,20.07,LOW
neptune,ANOMALY,85.07,HIGH
neptune,ANOMALY,80.36,HIGH
guess_passwd,NORMAL,10.19,LOW
neptune,ANOMALY,80.65,HIGH
normal,NORMAL,50.45,MEDIUM
neptune,ANOMALY,76.74,HIGH
smurf,ANOMALY,56.26,MEDIUM
neptune,ANOMALY,84.3,HIGH
neptune,ANOMALY,74.12,HIGH
normal,NORMAL,3.09,LOW
processtable,ANOMALY,66.99,MEDIUM
satan,ANOMALY,84.75,HIGH
neptune,ANOMALY,81.1,HIGH
normal,NORMAL,17.0,LOW
normal,NORMAL,16.81,LOW
normal,NORMAL,3.44,LOW
normal,NORMAL,0.98,LOW
mscan,ANOMALY,66.14,MEDIUM
snmpguess,NORMAL,26.46,LOW
mscan,ANOMALY,81.14,HIGH
guess_passwd,NORMAL,14.57,LOW
smurf,ANOMALY,52.42,MEDIUM
normal,NORMAL,0.53,LOW
normal,NORMAL,3.41,LOW
normal,NORMAL,1.48,LOW
warezmaster,NORMAL,32.02,MEDIUM
normal,NORMAL,1.12,LOW
neptune,ANOMALY,73.86,HIGH
normal,NORMAL,2.84,LOW
neptune,ANOMALY,81.68,HIGH
warezmaster,NORMAL,32.77,MEDIUM
neptune,ANOMALY,79.23,HIGH
snmpguess,NORMAL,26.49,LOW
back,NORMAL,16.41,LOW
neptune,ANOMALY,85.6,HIGH
back,NORMAL,20.13,LOW
normal,NORMAL,1.06,LOW
satan,ANOMALY,65.99,MEDIUM
normal,NORMAL,1.44,LOW
satan,ANOMALY,67.11,MEDIUM
guess_passwd,NORMAL,11.75,LOW
normal,NORMAL,0.79,LOW
snmpguess,NORMAL,27.93,LOW
normal,NORMAL,8.9,LOW
processtable,NORMAL,42.53,MEDIUM
mailbomb,NORMAL,24.05,LOW
normal,NORMAL,1.24,LOW
normal,NORMAL,1.09,LOW
smurf,NORMAL,43.29,MEDIUM
snmpguess,NORMAL,26.49,LOW
normal,NORMAL,2.24,LOW
apache2,ANOMALY,64.77,MEDIUM
normal,NORMAL,1.7,LOW
normal,NORMAL,0.66,LOW
normal,NORMAL,9.83,LOW
normal,NORMAL,5.88,LOW
smurf,NORMAL,43.02,MEDIUM
normal,NORMAL,19.89,LOW
apache2,NORMAL,44.68,MEDIUM
normal,NORMAL,0.95,LOW
normal,NORMAL,49.99,MEDIUM
smurf,NORMAL,36.66,MEDIUM
normal,NORMAL,3.78,LOW
normal,NORMAL,18.22,LOW
mscan,ANOMALY,73.72,HIGH
normal,NORMAL,1.67,LOW
normal,NORMAL,0.94,LOW
portsweep,ANOMALY,76.79,HIGH
guess_passwd,NORMAL,19.39,LOW
normal,NORMAL,17.61,LOW
normal,NORMAL,7.42,LOW
normal,NORMAL,5.13,LOW
normal,NORMAL,4.92,LOW
guess_passwd,NORMAL,21.57,LOW
warezmaster,NORMAL,28.31,LOW
normal,NORMAL,21.32,LOW
apache2,ANOMALY,61.6,MEDIUM
warezmaster,NORMAL,29.46,LOW
satan,ANOMALY,60.51,MEDIUM
mscan,ANOMALY,79.92,HIGH
warezmaster,NORMAL,40.27,MEDIUM
normal,NORMAL,0.79,LOW
smurf,ANOMALY,60.38,MEDIUM
guess_passwd,NORMAL,24.68,LOW
smurf,ANOMALY,52.19,MEDIUM
normal,NORMAL,0.62,LOW
neptune,ANOMALY,80.32,HIGH
ipsweep,ANOMALY,52.74,MEDIUM
normal,NORMAL,48.69,MEDIUM
neptune,ANOMALY,87.11,HIGH
warezmaster,NORMAL,42.62,MEDIUM
neptune,ANOMALY,76.89,HIGH
neptune,ANOMALY,82.11,HIGH
processtable,NORMAL,50.46,MEDIUM
processtable,ANOMALY,75.67,HIGH
warezmaster,NORMAL,28.32,LOW
processtable,ANOMALY,67.16,MEDIUM
saint,ANOMALY,85.86,HIGH
normal,NORMAL,1.73,LOW
apache2,ANOMALY,66.74,MEDIUM
normal,NORMAL,2.76,LOW
warezmaster,NORMAL,34.27,MEDIUM
normal,NORMAL,2.22,LOW
normal,NORMAL,1.62,LOW
normal,NORMAL,0.32,LOW
processtable,NORMAL,50.69,MEDIUM
normal,NORMAL,18.47,LOW
normal,NORMAL,4.22,LOW
normal,NORMAL,0.61,LOW
satan,ANOMALY,92.19,HIGH
normal,ANOMALY,67.71,MEDIUM
satan,ANOMALY,92.13,HIGH
guess_passwd,NORMAL,20.93,LOW
normal,NORMAL,35.23,MEDIUM
normal,NORMAL,0.14,LOW
normal,NORMAL,0.93,LOW
mscan,ANOMALY,80.88,HIGH
neptune,ANOMALY,86.67,HIGH
normal,NORMAL,2.19,LOW
normal,NORMAL,4.65,LOW
mscan,ANOMALY,64.72,MEDIUM
mscan,ANOMALY,71.71,HIGH
neptune,ANOMALY,81.39,HIGH
neptune,ANOMALY,81.64,HIGH
smurf,NORMAL,41.95,MEDIUM
warezmaster,NORMAL,32.27,MEDIUM
back,NORMAL,23.62,LOW
normal,NORMAL,0.78,LOW
normal,NORMAL,1.54,LOW
neptune,ANOMALY,74.51,HIGH
normal,NORMAL,0.43,LOW
neptune,ANOMALY,81.34,HIGH
guess_passwd,NORMAL,11.22,LOW
normal,NORMAL,9.03,LOW
neptune,ANOMALY,76.11,HIGH
smurf,NORMAL,48.23,MEDIUM
neptune,ANOMALY,80.26,HIGH
smurf,NORMAL,35.62,MEDIUM
saint,ANOMALY,53.53,MEDIUM
mailbomb,NORMAL,17.37,LOW
normal,NORMAL,49.69,MEDIUM
normal,NORMAL,1.21,LOW
normal,NORMAL,1.82,LOW
normal,NORMAL,2.84,LOW
guess_passwd,NORMAL,10.67,LOW
smurf,NORMAL,36.66,MEDIUM
neptune,ANOMALY,85.97,HIGH
neptune,ANOMALY,86.52,HIGH
neptune,ANOMALY,74.57,HIGH
guess_passwd,NORMAL,35.23,MEDIUM
neptune,ANOMALY,86.99,HIGH
normal,NORMAL,0.64,LOW
httptunnel,NORMAL,26.86,LOW
normal,NORMAL,1.86,LOW
smurf,NORMAL,47.58,MEDIUM
apache2,ANOMALY,60.5,MEDIUM
normal,NORMAL,0.23,LOW
snmpguess,NORMAL,26.41,LOW
saint,ANOMALY,53.18,MEDIUM
guess_passwd,NORMAL,10.22,LOW
neptune,ANOMALY,76.61,HIGH
normal,NORMAL,6.31,LOW
neptune,ANOMALY,87.84,HIGH
processtable,ANOMALY,66.16,MEDIUM
normal,NORMAL,1.65,LOW
neptune,ANOMALY,80.29,HIGH
apache2,ANOMALY,74.05,HIGH
neptune,ANOMALY,86.93,HIGH
mscan,ANOMALY,85.1,HIGH
neptune,ANOMALY,82.45,HIGH
sendmail,NORMAL,34.96,MEDIUM
mailbomb,NORMAL,16.29,LOW
mscan,ANOMALY,75.18,HIGH
neptune,ANOMALY,75.59,HIGH
normal,NORMAL,50.48,MEDIUM
guess_passwd,NORMAL,21.02,LOW
normal,NORMAL,49.69,MEDIUM
normal,NORMAL,23.4,LOW
smurf,ANOMALY,52.48,MEDIUM
normal,NORMAL,1.01,LOW
neptune,ANOMALY,81.95,HIGH
normal,NORMAL,1.24,LOW
normal,NORMAL,3.37,LOW
normal,NORMAL,31.6,MEDIUM
smurf,NORMAL,43.61,MEDIUM
normal,NORMAL,20.44,LOW
apache2,ANOMALY,68.05,MEDIUM
snmpguess,NORMAL,26.24,LOW
neptune,ANOMALY,89.76,HIGH
normal,NORMAL,1.86,LOW
neptune,ANOMALY,81.77,HIGH
processtable,ANOMALY,52.34,MEDIUM
neptune,ANOMALY,74.8,HIGH
normal,NORMAL,22.92,LOW
neptune,ANOMALY,76.34,HIGH
normal,ANOMALY,53.61,MEDIUM
guess_passwd,NORMAL,12.27,LOW
neptune,ANOMALY,86.43,HIGH
normal,NORMAL,2.25,LOW
normal,NORMAL,1.61,LOW
mscan,ANOMALY,80.31,HIGH
neptune,ANOMALY,82.0,HIGH
neptune,ANOMALY,82.09,HIGH
normal,NORMAL,17.58,LOW
normal,NORMAL,31.67,MEDIUM
portsweep,ANOMALY,66.52,MEDIUM
nmap,ANOMALY,82.04,HIGH
normal,NORMAL,49.72,MEDIUM
normal,NORMAL,17.34,LOW
saint,ANOMALY,92.43,HIGH
guess_passwd,NORMAL,12.49,LOW
processtable,NORMAL,50.03,MEDIUM
neptune,ANOMALY,79.2,HIGH
normal,NORMAL,0.32,LOW
normal,NORMAL,9.24,LOW
neptune,ANOMALY,81.77,HIGH
back,NORMAL,18.2,LOW
neptune,ANOMALY,81.55,HIGH
guess_passwd,NORMAL,20.38,LOW
normal,NORMAL,0.49,LOW
neptune,ANOMALY,85.58,HIGH
normal,NORMAL,0.18,LOW
mscan,ANOMALY,79.03,HIGH
normal,NORMAL,3.75,LOW
normal,NORMAL,19.12,LOW
normal,NORMAL,1.17,LOW
guess_passwd,NORMAL,10.53,LOW
guess_passwd,NORMAL,10.08,LOW
normal,NORMAL,1.45,LOW
satan,ANOMALY,64.23,MEDIUM
guess_passwd,NORMAL,11.8,LOW
neptune,ANOMALY,80.77,HIGH
normal,NORMAL,3.35,LOW
normal,NORMAL,16.58,LOW
normal,NORMAL,10.0,LOW
apache2,ANOMALY,76.11,HIGH
normal,ANOMALY,66.26,MEDIUM
normal,NORMAL,33.48,MEDIUM
normal,NORMAL,18.78,LOW
normal,NORMAL,17.41,LOW
guess_passwd,NORMAL,27.25,LOW
ipsweep,ANOMALY,52.74,MEDIUM
normal,NORMAL,1.22,LOW
guess_passwd,NORMAL,10.35,LOW
guess_passwd,NORMAL,21.79,LOW
normal,NORMAL,2.69,LOW
normal,NORMAL,12.34,LOW
normal,NORMAL,1.07,LOW
mscan,ANOMALY,72.95,HIGH
neptune,ANOMALY,77.64,HIGH
warezmaster,NORMAL,15.54,LOW
warezmaster,NORMAL,29.43,LOW
neptune,ANOMALY,86.8,HIGH
neptune,ANOMALY,82.07,HIGH
normal,NORMAL,26.11,LOW
neptune,ANOMALY,76.78,HIGH
normal,NORMAL,4.73,LOW
normal,NORMAL,0.61,LOW
neptune,ANOMALY,76.43,HIGH
normal,NORMAL,18.22,LOW
snmpguess,NORMAL,26.2,LOW
normal,NORMAL,0.55,LOW
guess_passwd,NORMAL,12.19,LOW
httptunnel,ANOMALY,61.72,MEDIUM
normal,NORMAL,5.46,LOW
normal,NORMAL,28.97,LOW
neptune,ANOMALY,81.22,HIGH
neptune,ANOMALY,80.33,HIGH
normal,NORMAL,19.59,LOW
guess_passwd,NORMAL,10.34,LOW
normal,NORMAL,2.14,LOW
neptune,ANOMALY,86.97,HIGH
guess_passwd,NORMAL,12.58,LOW
guess_passwd,NORMAL,10.52,LOW
buffer_overflow,NORMAL,39.32,MEDIUM
guess_passwd,NORMAL,27.67,LOW
saint,ANOMALY,92.92,HIGH
mscan,ANOMALY,71.44,HIGH
normal,NORMAL,0.21,LOW
neptune,ANOMALY,76.22,HIGH
mscan,ANOMALY,66.93,MEDIUM
normal,NORMAL,3.03,LOW
neptune,ANOMALY,85.42,HIGH
neptune,ANOMALY,80.13,HIGH
normal,NORMAL,50.09,MEDIUM
normal,NORMAL,34.45,MEDIUM
normal,NORMAL,17.92,LOW
normal,NORMAL,2.7,LOW
warezmaster,NORMAL,32.35,MEDIUM
processtable,ANOMALY,83.66,HIGH
mscan,ANOMALY,78.12,HIGH
snmpguess,NORMAL,26.1,LOW
snmpguess,NORMAL,26.35,LOW
normal,NORMAL,0.5,LOW
normal,NORMAL,45.52,MEDIUM
warezmaster,NORMAL,33.71,MEDIUM
normal,NORMAL,1.41,LOW
normal,NORMAL,1.45,LOW
snmpguess,NORMAL,26.36,LOW
normal,NORMAL,29.43,LOW
neptune,ANOMALY,86.5,HIGH
neptune,ANOMALY,85.74,HIGH
normal,NORMAL,0.49,LOW
neptune,ANOMALY,87.61,HIGH
normal,NORMAL,2.17,LOW
guess_passwd,NORMAL,23.46,LOW
normal,NORMAL,3.71,LOW
normal,NORMAL,22.02,LOW
normal,NORMAL,1.9,LOW
smurf,NORMAL,43.25,MEDIUM
normal,NORMAL,18.05,LOW
satan,ANOMALY,91.81,HIGH
warezmaster,NORMAL,37.06,MEDIUM
mscan,NORMAL,45.03,MEDIUM
normal,NORMAL,0.52,LOW
normal,NORMAL,20.72,LOW
apache2,ANOMALY,73.7,HIGH
neptune,ANOMALY,81.33,HIGH
neptune,ANOMALY,81.54,HIGH
smurf,ANOMALY,56.45,MEDIUM
neptune,ANOMALY,80.75,HIGH
normal,NORMAL,2.28,LOW
mscan,ANOMALY,66.27,MEDIUM
apache2,ANOMALY,66.54,MEDIUM
apache2,ANOMALY,76.96,HIGH
processtable,ANOMALY,76.47,HIGH
normal,NORMAL,19.5,LOW
neptune,ANOMALY,80.87,HIGH
mailbomb,NORMAL,13.16,LOW
normal,NORMAL,20.29,LOW
portsweep,ANOMALY,88.69,HIGH
satan,ANOMALY,68.49,MEDIUM
rootkit,NORMAL,21.41,LOW
neptune,ANOMALY,87.33,HIGH
normal,NORMAL,6.43,LOW
normal,NORMAL,14.97,LOW
smurf,NORMAL,51.53,MEDIUM
smurf,NORMAL,48.7,MEDIUM
snmpgetattack,NORMAL,27.01,LOW
normal,NORMAL,18.34,LOW
normal,NORMAL,0.51,LOW
xlock,NORMAL,25.49,LOW
smurf,NORMAL,41.43,MEDIUM
normal,NORMAL,36.42,MEDIUM
neptune,ANOMALY,86.13,HIGH
normal,NORMAL,36.26,MEDIUM
neptune,ANOMALY,86.95,HIGH
saint,ANOMALY,94.11,HIGH
saint,ANOMALY,91.85,HIGH
normal,NORMAL,4.22,LOW
normal,NORMAL,0.38,LOW
mailbomb,NORMAL,25.91,LOW
back,NORMAL,18.05,LOW
normal,NORMAL,1.06,LOW
normal,NORMAL,18.75,LOW
mscan,ANOMALY,86.41,HIGH
neptune,ANOMALY,87.41,HIGH
smurf,ANOMALY,54.52,MEDIUM
normal,NORMAL,1.81,LOW
processtable,NORMAL,45.6,MEDIUM
neptune,ANOMALY,82.4,HIGH
normal,NORMAL,49.89,MEDIUM
normal,NORMAL,19.77,LOW
normal,NORMAL,27.12,LOW
neptune,ANOMALY,81.68,HIGH
snmpguess,NORMAL,26.41,LOW
neptune,ANOMALY,77.81,HIGH
neptune,ANOMALY,78.69,HIGH
satan,ANOMALY,65.03,MEDIUM
neptune,ANOMALY,75.58,HIGH
guess_passwd,NORMAL,11.03,LOW
normal,NORMAL,3.37,LOW
normal,NORMAL,1.4,LOW
normal,NORMAL,5.56,LOW
mscan,ANOMALY,62.19,MEDIUM
neptune,ANOMALY,87.13,HIGH
normal,NORMAL,0.41,LOW
neptune,ANOMALY,80.47,HIGH
normal,NORMAL,11.62,LOW
satan,ANOMALY,91.55,HIGH
processtable,ANOMALY,75.93,HIGH
neptune,ANOMALY,86.33,HIGH
satan,ANOMALY,66.2,MEDIUM
neptune,ANOMALY,79.36,HIGH
guess_passwd,NORMAL,11.6,LOW
normal,NORMAL,3.46,LOW
apache2,ANOMALY,57.41,MEDIUM
normal,NORMAL,0.48,LOW
snmpgetattack,NORMAL,28.24,LOW
normal,NORMAL,1.41,LOW
satan,ANOMALY,67.5,MEDIUM
pod,ANOMALY,56.23,MEDIUM
normal,NORMAL,8.65,LOW
smurf,NORMAL,35.91,MEDIUM
normal,NORMAL,25.15,LOW
normal,NORMAL,47.75,MEDIUM
normal,NORMAL,17.58,LOW
normal,NORMAL,2.01,LOW
normal,ANOMALY,89.25,HIGH
nmap,ANOMALY,82.2,HIGH
neptune,ANOMALY,81.76,HIGH
satan,ANOMALY,95.16,HIGH
normal,NORMAL,4.08,LOW
normal,NORMAL,1.78,LOW
normal,NORMAL,2.24,LOW
normal,NORMAL,23.01,LOW
back,NORMAL,15.78,LOW
normal,NORMAL,40.25,MEDIUM
back,NORMAL,45.71,MEDIUM
snmpguess,NORMAL,26.71,LOW
normal,NORMAL,1.63,LOW
normal,NORMAL,8.45,LOW
processtable,NORMAL,40.25,MEDIUM
neptune,ANOMALY,82.57,HIGH
snmpgetattack,NORMAL,27.73,LOW
normal,NORMAL,0.41,LOW
normal,NORMAL,1.56,LOW
apache2,ANOMALY,57.87,MEDIUM
apache2,ANOMALY,57.19,MEDIUM
neptune,ANOMALY,81.9,HIGH
normal,NORMAL,3.93,LOW
guess_passwd,NORMAL,13.29,LOW
warezmaster,NORMAL,28.81,LOW
mscan,ANOMALY,59.11,MEDIUM
smurf,NORMAL,39.33,MEDIUM
neptune,ANOMALY,80.35,HIGH
nmap,ANOMALY,81.95,HIGH
neptune,ANOMALY,74.08,HIGH
normal,NORMAL,49.71,MEDIUM
neptune,ANOMALY,74.26,HIGH
neptune,ANOMALY,91.77,HIGH
neptune,ANOMALY,76.13,HIGH
normal,NORMAL,4.33,LOW
normal,NORMAL,2.47,LOW
normal,NORMAL,1.94,LOW
satan,ANOMALY,94.23,HIGH
normal,NORMAL,2.84,LOW
snmpguess,NORMAL,26.6,LOW
ipsweep,ANOMALY,52.74,MEDIUM
normal,NORMAL,3.37,LOW
processtable,ANOMALY,75.96,HIGH
mscan,ANOMALY,75.44,HIGH
normal,NORMAL,0.22,LOW
neptune,ANOMALY,81.23,HIGH
normal,NORMAL,4.8,LOW
normal,NORMAL,3.38,LOW
processtable,NORMAL,47.21,MEDIUM
normal,NORMAL,2.89,LOW
normal,NORMAL,1.23,LOW
normal,NORMAL,22.9,LOW
mailbomb,NORMAL,17.72,LOW
normal,NORMAL,0.83,LOW
neptune,ANOMALY,86.85,HIGH
neptune,ANOMALY,77.05,HIGH
guess_passwd,NORMAL,28.72,LOW
mscan,ANOMALY,64.97,MEDIUM
neptune,ANOMALY,80.82,HIGH
normal,NORMAL,2.49,LOW
normal,NORMAL,2.29,LOW
mscan,ANOMALY,64.78,MEDIUM
normal,NORMAL,11.49,LOW
back,NORMAL,16.25,LOW
guess_passwd,NORMAL,10.07,LOW
satan,ANOMALY,63.31,MEDIUM
mscan,ANOMALY,65.29,MEDIUM
normal,NORMAL,1.28,LOW
normal,NORMAL,0.31,LOW
normal,NORMAL,2.24,LOW
normal,NORMAL,0.65,LOW
normal,NORMAL,1.24,LOW
processtable,ANOMALY,66.38,MEDIUM
processtable,NORMAL,43.73,MEDIUM
normal,NORMAL,18.35,LOW
normal,NORMAL,0.64,LOW
normal,NORMAL,2.0,LOW
mailbomb,NORMAL,26.39,LOW
normal,NORMAL,2.41,LOW
normal,NORMAL,1.46,LOW
normal,NORMAL,15.48,LOW
guess_passwd,NORMAL,24.01,LOW
perl,NORMAL,41.71,MEDIUM
guess_passwd,NORMAL,21.32,LOW
neptune,ANOMALY,81.97,HIGH
processtable,NORMAL,38.01,MEDIUM
processtable,NORMAL,37.85,MEDIUM
normal,NORMAL,3.48,LOW
back,NORMAL,31.86,MEDIUM
smurf,NORMAL,50.99,MEDIUM
normal,NORMAL,3.15,LOW
back,NORMAL,16.34,LOW
normal,NORMAL,18.75,LOW
back,NORMAL,17.15,LOW
guess_passwd,NORMAL,13.8,LOW
normal,NORMAL,21.15,LOW
neptune,ANOMALY,80.84,HIGH
normal,NORMAL,2.24,LOW
normal,NORMAL,6.33,LOW
neptune,ANOMALY,80.7,HIGH
normal,NORMAL,2.23,LOW
guess_passwd,NORMAL,8.6,LOW
guess_passwd,NORMAL,27.86,LOW
normal,NORMAL,17.13,LOW
normal,NORMAL,17.13,LOW
neptune,ANOMALY,82.29,HIGH
normal,NORMAL,2.0,LOW
mscan,ANOMALY,76.85,HIGH
neptune,ANOMALY,82.09,HIGH
normal,NORMAL,0.73,LOW
normal,ANOMALY,74.1,HIGH
normal,NORMAL,0.48,LOW
normal,NORMAL,2.33,LOW
neptune,ANOMALY,80.31,HIGH
normal,NORMAL,26.86,LOW
mailbomb,NORMAL,12.91,LOW
normal,NORMAL,0.32,LOW
normal,NORMAL,5.95,LOW
mscan,ANOMALY,67.88,MEDIUM
apache2,ANOMALY,68.34,MEDIUM
guess_passwd,NORMAL,27.65,LOW
mailbomb,NORMAL,24.06,LOW
normal,NORMAL,0.23,LOW
normal,NORMAL,1.79,LOW
guess_passwd,NORMAL,20.45,LOW
smurf,NORMAL,38.06,MEDIUM
normal,NORMAL,11.03,LOW
saint,ANOMALY,93.12,HIGH
smurf,NORMAL,38.66,MEDIUM
mscan,ANOMALY,71.82,HIGH
normal,NORMAL,22.75,LOW
mscan,ANOMALY,80.18,HIGH
normal,NORMAL,8.05,LOW
normal,NORMAL,13.06,LOW
mailbomb,NORMAL,32.01,MEDIUM
guess_passwd,NORMAL,11.4,LOW
neptune,ANOMALY,81.52,HIGH
back,NORMAL,18.77,LOW
neptune,ANOMALY,75.63,HIGH
apache2,ANOMALY,55.31,MEDIUM
normal,NORMAL,0.44,LOW
satan,ANOMALY,67.28,MEDIUM
normal,NORMAL,0.85,LOW
neptune,ANOMALY,84.51,HIGH
normal,NORMAL,3.53,LOW
guess_passwd,NORMAL,9.46,LOW
neptune,ANOMALY,79.94,HIGH
neptune,ANOMALY,86.75,HIGH
guess_passwd,NORMAL,21.01,LOW
neptune,ANOMALY,85.76,HIGH
guess_passwd,NORMAL,9.96,LOW
satan,ANOMALY,94.13,HIGH
normal,NORMAL,0.35,LOW
normal,NORMAL,27.28,LOW
normal,NORMAL,2.31,LOW
guess_passwd,NORMAL,10.23,LOW
normal,NORMAL,1.06,LOW
normal,NORMAL,4.91,LOW
normal,NORMAL,1.76,LOW
guess_passwd,NORMAL,10.9,LOW
neptune,ANOMALY,87.36,HIGH
warezmaster,NORMAL,28.82,LOW
processtable,ANOMALY,51.78,MEDIUM
warezmaster,NORMAL,16.48,LOW
warezmaster,NORMAL,38.37,MEDIUM
normal,NORMAL,25.79,LOW
satan,ANOMALY,91.73,HIGH
neptune,ANOMALY,79.94,HIGH
back,NORMAL,18.31,LOW
neptune,ANOMALY,86.98,HIGH
neptune,ANOMALY,76.33,HIGH
normal,NORMAL,0.95,LOW
normal,NORMAL,2.79,LOW
mscan,ANOMALY,66.65,MEDIUM
normal,NORMAL,0.76,LOW
neptune,ANOMALY,86.48,HIGH
normal,NORMAL,1.36,LOW
neptune,ANOMALY,80.71,HIGH
ipsweep,ANOMALY,56.41,MEDIUM
normal,NORMAL,6.76,LOW
normal,NORMAL,1.79,LOW
normal,NORMAL,1.42,LOW
warezmaster,ANOMALY,52.1,MEDIUM
mscan,ANOMALY,59.67,MEDIUM
normal,NORMAL,1.33,LOW
processtable,NORMAL,39.6,MEDIUM
neptune,ANOMALY,75.26,HIGH
neptune,ANOMALY,87.24,HIGH
normal,NORMAL,2.15,LOW
satan,ANOMALY,92.19,HIGH
neptune,ANOMALY,81.19,HIGH
normal,NORMAL,0.47,LOW
guess_passwd,NORMAL,10.02,LOW
apache2,ANOMALY,65.93,MEDIUM
normal,NORMAL,3.33,LOW
neptune,ANOMALY,81.87,HIGH
guess_passwd,NORMAL,14.37,LOW
back,NORMAL,14.85,LOW
neptune,ANOMALY,79.3,HIGH
neptune,ANOMALY,82.27,HIGH
normal,NORMAL,14.1,LOW
neptune,ANOMALY,76.03,HIGH
neptune,ANOMALY,80.42,HIGH
normal,NORMAL,0.85,LOW
apache2,NORMAL,46.33,MEDIUM
normal,NORMAL,1.38,LOW
guess_passwd,NORMAL,19.53,LOW
mscan,ANOMALY,81.35,HIGH
ps,NORMAL,20.87,LOW
snmpguess,NORMAL,26.5,LOW
neptune,ANOMALY,80.6,HIGH
normal,NORMAL,5.33,LOW
normal,NORMAL,2.63,LOW
processtable,ANOMALY,67.07,MEDIUM
saint,ANOMALY,93.35,HIGH
neptune,ANOMALY,81.37,HIGH
normal,NORMAL,1.8,LOW
processtable,ANOMALY,82.5,HIGH
satan,ANOMALY,92.9,HIGH
neptune,ANOMALY,76.65,HIGH
normal,ANOMALY,71.6,HIGH
normal,NORMAL,7.99,LOW
apache2,ANOMALY,52.64,MEDIUM
warezmaster,NORMAL,17.68,LOW
normal,NORMAL,6.12,LOW
normal,NORMAL,2.21,LOW
warezmaster,NORMAL,37.37,MEDIUM
neptune,ANOMALY,86.48,HIGH
normal,NORMAL,20.25,LOW
neptune,ANOMALY,79.81,HIGH
neptune,ANOMALY,81.71,HIGH
normal,NORMAL,32.83,MEDIUM
normal,NORMAL,3.05,LOW
neptune,ANOMALY,80.57,HIGH
normal,NORMAL,0.85,LOW
mscan,ANOMALY,74.7,HIGH
normal,NORMAL,0.79,LOW
normal,NORMAL,24.08,LOW
mscan,ANOMALY,72.21,HIGH
normal,NORMAL,0.54,LOW
snmpgetattack,NORMAL,26.96,LOW
normal,NORMAL,0.26,LOW
normal,NORMAL,26.56,LOW
neptune,ANOMALY,83.5,HIGH
neptune,ANOMALY,86.87,HIGH
normal,NORMAL,2.18,LOW
normal,NORMAL,8.67,LOW
saint,ANOMALY,93.37,HIGH
processtable,ANOMALY,51.77,MEDIUM
snmpguess,NORMAL,26.2,LOW
satan,ANOMALY,95.13,HIGH
processtable,NORMAL,45.92,MEDIUM
mscan,ANOMALY,86.3,HIGH
neptune,ANOMALY,80.76,HIGH
back,NORMAL,16.75,LOW
saint,ANOMALY,93.72,HIGH
normal,NORMAL,0.29,LOW
normal,NORMAL,0.3,LOW
normal,NORMAL,8.88,LOW
mscan,ANOMALY,76.16,HIGH
normal,NORMAL,1.07,LOW
neptune,ANOMALY,75.45,HIGH
mscan,ANOMALY,79.51,HIGH
neptune,ANOMALY,77.45,HIGH
normal,NORMAL,0.75,LOW
normal,NORMAL,7.51,LOW
normal,NORMAL,2.98,LOW
ps,ANOMALY,70.78,HIGH
smurf,NORMAL,50.39,MEDIUM
satan,ANOMALY,95.18,HIGH
normal,NORMAL,50.09,MEDIUM
neptune,ANOMALY,82.07,HIGH
normal,NORMAL,18.0,LOW
normal,NORMAL,0.82,LOW
normal,NORMAL,0.98,LOW
processtable,NORMAL,38.01,MEDIUM
guess_passwd,NORMAL,15.21,LOW
guess_passwd,NORMAL,10.09,LOW
normal,NORMAL,17.84,LOW
normal,NORMAL,1.68,LOW
neptune,ANOMALY,86.58,HIGH
normal,NORMAL,0.96,LOW
neptune,ANOMALY,86.71,HIGH
normal,NORMAL,0.76,LOW
neptune,ANOMALY,81.69,HIGH
normal,NORMAL,16.95,LOW
normal,NORMAL,0.76,LOW
normal,NORMAL,1.87,LOW
neptune,ANOMALY,81.57,HIGH
processtable,ANOMALY,67.61,MEDIUM
satan,ANOMALY,95.0,HIGH
normal,NORMAL,11.34,LOW
neptune,ANOMALY,83.6,HIGH
smurf,NORMAL,43.61,MEDIUM
normal,NORMAL,29.22,LOW
normal,NORMAL,22.68,LOW
warezmaster,NORMAL,27.91,LOW
guess_passwd,NORMAL,29.39,LOW
processtable,NORMAL,41.4,MEDIUM
normal,NORMAL,35.65,MEDIUM
normal,NORMAL,24.46,LOW
neptune,ANOMALY,75.3,HIGH
normal,NORMAL,0.65,LOW
neptune,ANOMALY,81.72,HIGH
normal,NORMAL,4.08,LOW
apache2,ANOMALY,57.34,MEDIUM
neptune,ANOMALY,81.79,HIGH
guess_passwd,NORMAL,12.71,LOW
saint,NORMAL,35.88,MEDIUM
normal,NORMAL,4.26,LOW
normal,NORMAL,3.34,LOW
normal,NORMAL,26.29,LOW
normal,NORMAL,0.63,LOW
normal,NORMAL,2.13,LOW
guess_passwd,NORMAL,11.67,LOW
normal,NORMAL,2.54,LOW
neptune,ANOMALY,85.92,HIGH
normal,NORMAL,0.32,LOW
normal,NORMAL,0.26,LOW
neptune,ANOMALY,81.29,HIGH
normal,NORMAL,50.56,MEDIUM
saint,ANOMALY,52.6,MEDIUM
neptune,ANOMALY,83.3,HIGH
normal,NORMAL,1.49,LOW
neptune,ANOMALY,87.46,HIGH
normal,NORMAL,12.64,LOW
snmpguess,NORMAL,26.56,LOW
normal,NORMAL,22.24,LOW
normal,NORMAL,32.51,MEDIUM
saint,ANOMALY,53.3,MEDIUM
mscan,NORMAL,25.07,LOW
normal,NORMAL,5.12,LOW
normal,NORMAL,39.17,MEDIUM
neptune,ANOMALY,86.19,HIGH
normal,NORMAL,14.74,LOW
normal,NORMAL,0.46,LOW
neptune,ANOMALY,81.24,HIGH
satan,ANOMALY,94.42,HIGH
normal,NORMAL,49.76,MEDIUM
normal,NORMAL,0.83,LOW
neptune,ANOMALY,87.33,HIGH
saint,ANOMALY,53.73,MEDIUM
neptune,ANOMALY,80.69,HIGH
portsweep,ANOMALY,75.92,HIGH
normal,NORMAL,1.32,LOW
neptune,ANOMALY,82.15,HIGH
warezmaster,NORMAL,34.01,MEDIUM
normal,NORMAL,27.6,LOW
smurf,NORMAL,50.77,MEDIUM
apache2,NORMAL,48.68,MEDIUM
normal,NORMAL,10.14,LOW
apache2,ANOMALY,52.81,MEDIUM
processtable,NORMAL,39.6,MEDIUM
neptune,ANOMALY,87.31,HIGH
normal,NORMAL,1.55,LOW
normal,NORMAL,19.08,LOW
normal,NORMAL,1.31,LOW
normal,NORMAL,0.3,LOW
mscan,ANOMALY,53.25,MEDIUM
processtable,ANOMALY,83.39,HIGH
smurf,NORMAL,44.2,MEDIUM
mscan,ANOMALY,71.06,HIGH
mscan,ANOMALY,80.74,HIGH
rootkit,NORMAL,27.04,LOW
normal,NORMAL,1.79,LOW
normal,NORMAL,0.38,LOW
mscan,ANOMALY,69.47,MEDIUM
neptune,ANOMALY,81.08,HIGH
normal,NORMAL,2.31,LOW
neptune,ANOMALY,86.15,HIGH
normal,NORMAL,0.9,LOW
normal,NORMAL,0.53,LOW
apache2,ANOMALY,52.69,MEDIUM
neptune,ANOMALY,86.08,HIGH
normal,NORMAL,9.76,LOW
snmpgetattack,NORMAL,40.59,MEDIUM
normal,NORMAL,6.92,LOW
normal,ANOMALY,72.75,HIGH
normal,NORMAL,1.0,LOW
normal,NORMAL,3.06,LOW
normal,NORMAL,13.21,LOW
normal,NORMAL,50.0,MEDIUM
mailbomb,NORMAL,19.31,LOW
normal,NORMAL,48.46,MEDIUM
normal,NORMAL,33.78,MEDIUM
normal,NORMAL,0.3,LOW
normal,NORMAL,2.4,LOW
mailbomb,NORMAL,20.35,LOW
smurf,NORMAL,44.13,MEDIUM
neptune,ANOMALY,83.22,HIGH
normal,NORMAL,3.42,LOW
smurf,NORMAL,49.18,MEDIUM
normal,NORMAL,1.84,LOW
warezmaster,NORMAL,36.1,MEDIUM
normal,NORMAL,27.13,LOW
neptune,ANOMALY,79.4,HIGH
normal,NORMAL,17.63,LOW
warezmaster,NORMAL,27.62,LOW
normal,NORMAL,2.37,LOW
guess_passwd,NORMAL,20.97,LOW
normal,NORMAL,1.25,LOW
processtable,NORMAL,38.94,MEDIUM
normal,NORMAL,1.44,LOW
neptune,ANOMALY,87.16,HIGH
normal,NORMAL,1.92,LOW
normal,NORMAL,0.94,LOW
neptune,ANOMALY,80.37,HIGH
normal,NORMAL,1.92,LOW
normal,NORMAL,0.49,LOW
smurf,NORMAL,47.15,MEDIUM
satan,ANOMALY,59.51,MEDIUM
mscan,ANOMALY,70.67,HIGH
neptune,ANOMALY,78.63,HIGH
neptune,ANOMALY,86.65,HIGH
normal,NORMAL,50.56,MEDIUM
loadmodule,ANOMALY,54.45,MEDIUM
normal,NORMAL,4.95,LOW
normal,NORMAL,0.4,LOW
normal,NORMAL,0.55,LOW
normal,NORMAL,1.74,LOW
normal,NORMAL,1.53,LOW
warezmaster,NORMAL,38.88,MEDIUM
portsweep,ANOMALY,72.1,HIGH
neptune,ANOMALY,81.74,HIGH
normal,NORMAL,1.94,LOW
normal,NORMAL,1.12,LOW
warezmaster,NORMAL,41.94,MEDIUM
normal,NORMAL,4.36,LOW
normal,NORMAL,0.79,LOW
normal,NORMAL,6.17,LOW
warezmaster,NORMAL,35.51,MEDIUM
normal,NORMAL,5.16,LOW
smurf,ANOMALY,54.12,MEDIUM
neptune,ANOMALY,86.23,HIGH
neptune,ANOMALY,86.75,HIGH
neptune,ANOMALY,88.8,HIGH
normal,NORMAL,19.74,LOW
neptune,ANOMALY,86.36,HIGH
satan,ANOMALY,64.14,MEDIUM
mscan,ANOMALY,66.01,MEDIUM
normal,NORMAL,7.69,LOW
neptune,ANOMALY,85.28,HIGH
neptune,ANOMALY,87.36,HIGH
normal,NORMAL,1.92,LOW
portsweep,ANOMALY,73.17,HIGH
portsweep,ANOMALY,85.66,HIGH
normal,NORMAL,0.77,LOW
normal,NORMAL,0.86,LOW
snmpguess,NORMAL,25.97,LOW
warezmaster,NORMAL,29.98,LOW
snmpguess,NORMAL,26.36,LOW
normal,NORMAL,1.19,LOW
neptune,ANOMALY,76.6,HIGH
normal,NORMAL,1.08,LOW
normal,NORMAL,5.44,LOW
apache2,ANOMALY,75.97,HIGH
satan,ANOMALY,83.89,HIGH
normal,NORMAL,5.09,LOW
guess_passwd,NORMAL,11.22,LOW
normal,NORMAL,0.35,LOW
normal,NORMAL,3.95,LOW
normal,NORMAL,1.48,LOW
normal,NORMAL,2.17,LOW
apache2,NORMAL,46.74,MEDIUM
neptune,ANOMALY,86.36,HIGH
neptune,ANOMALY,76.63,HIGH
neptune,ANOMALY,81.39,HIGH
normal,NORMAL,4.27,LOW
neptune,ANOMALY,87.43,HIGH
normal,NORMAL,3.06,LOW
neptune,ANOMALY,79.98,HIGH
warezmaster,NORMAL,28.14,LOW
normal,NORMAL,3.59,LOW
satan,ANOMALY,99.17,HIGH
normal,NORMAL,3.61,LOW
warezmaster,NORMAL,27.9,LOW
warezmaster,NORMAL,28.86,LOW
smurf,ANOMALY,52.82,MEDIUM
neptune,ANOMALY,81.15,HIGH
mscan,ANOMALY,75.5,HIGH
normal,NORMAL,11.85,LOW
mailbomb,NORMAL,29.52,LOW
neptune,ANOMALY,80.44,HIGH
guess_passwd,NORMAL,11.78,LOW
normal,NORMAL,1.81,LOW
normal,NORMAL,4.66,LOW
normal,NORMAL,18.65,LOW
apache2,ANOMALY,56.4,MEDIUM
neptune,ANOMALY,86.6,HIGH
normal,NORMAL,0.96,LOW
normal,ANOMALY,66.69,MEDIUM
portsweep,ANOMALY,85.31,HIGH
normal,NORMAL,19.11,LOW
satan,ANOMALY,64.15,MEDIUM
snmpguess,NORMAL,26.46,LOW
guess_passwd,NORMAL,28.15,LOW
apache2,ANOMALY,60.22,MEDIUM
neptune,ANOMALY,75.75,HIGH
neptune,ANOMALY,81.59,HIGH
neptune,ANOMALY,76.1,HIGH
normal,NORMAL,1.27,LOW
snmpguess,NORMAL,37.87,MEDIUM
satan,ANOMALY,94.05,HIGH
portsweep,ANOMALY,70.28,HIGH
normal,NORMAL,0.42,LOW
warezmaster,NORMAL,27.54,LOW
mscan,ANOMALY,75.13,HIGH
normal,NORMAL,2.07,LOW
normal,NORMAL,24.23,LOW
guess_passwd,NORMAL,12.25,LOW
normal,NORMAL,1.1,LOW
normal,NORMAL,2.58,LOW
mscan,ANOMALY,67.2,MEDIUM
neptune,ANOMALY,75.56,HIGH
normal,NORMAL,2.74,LOW
normal,NORMAL,22.99,LOW
normal,NORMAL,37.26,MEDIUM
normal,NORMAL,5.05,LOW
normal,NORMAL,2.8,LOW
satan,ANOMALY,95.13,HIGH
normal,NORMAL,2.48,LOW
normal,NORMAL,3.72,LOW
snmpgetattack,NORMAL,30.71,MEDIUM
neptune,ANOMALY,76.06,HIGH
normal,NORMAL,26.51,LOW
guess_passwd,NORMAL,27.82,LOW
normal,ANOMALY,62.02,MEDIUM
normal,NORMAL,1.93,LOW
neptune,ANOMALY,81.29,HIGH
snmpguess,NORMAL,26.39,LOW
normal,NORMAL,1.27,LOW
normal,NORMAL,0.39,LOW
neptune,ANOMALY,87.03,HIGH
smurf,ANOMALY,53.32,MEDIUM
mscan,ANOMALY,79.05,HIGH
normal,NORMAL,1.13,LOW
guess_passwd,NORMAL,9.98,LOW
normal,NORMAL,36.57,MEDIUM
neptune,ANOMALY,74.58,HIGH
neptune,ANOMALY,81.7,HIGH
normal,ANOMALY,64.57,MEDIUM
guess_passwd,NORMAL,11.62,LOW
normal,NORMAL,1.79,LOW
guess_passwd,ANOMALY,58.8,MEDIUM
smurf,NORMAL,49.31,MEDIUM
guess_passwd,NORMAL,9.06,LOW
normal,NORMAL,4.26,LOW
neptune,ANOMALY,87.61,HIGH
normal,NORMAL,1.14,LOW
normal,NORMAL,15.75,LOW
normal,NORMAL,2.19,LOW
normal,NORMAL,35.42,MEDIUM
normal,NORMAL,7.0,LOW
guess_passwd,NORMAL,10.21,LOW
normal,NORMAL,4.67,LOW
warezmaster,NORMAL,49.4,MEDIUM
normal,NORMAL,25.31,LOW
normal,NORMAL,6.15,LOW
mailbomb,NORMAL,13.17,LOW
normal,ANOMALY,59.98,MEDIUM
neptune,ANOMALY,76.47,HIGH
guess_passwd,NORMAL,40.85,MEDIUM
normal,NORMAL,7.1,LOW
warezmaster,NORMAL,51.73,MEDIUM
guess_passwd,NORMAL,10.07,LOW
guess_passwd,NORMAL,10.48,LOW
normal,NORMAL,11.39,LOW
saint,ANOMALY,93.43,HIGH
normal,NORMAL,1.35,LOW
satan,ANOMALY,89.35,HIGH
neptune,ANOMALY,75.43,HIGH
guess_passwd,ANOMALY,59.51,MEDIUM
neptune,ANOMALY,86.31,HIGH
satan,ANOMALY,98.52,HIGH
processtable,NORMAL,46.34,MEDIUM
smurf,NORMAL,45.06,MEDIUM
neptune,ANOMALY,80.61,HIGH
httptunnel,ANOMALY,62.69,MEDIUM
normal,NORMAL,32.39,MEDIUM
normal,NORMAL,2.42,LOW
normal,NORMAL,16.52,LOW
apache2,ANOMALY,54.51,MEDIUM
snmpguess,NORMAL,26.46,LOW
normal,NORMAL,3.56,LOW
satan,ANOMALY,64.22,MEDIUM
normal,NORMAL,19.09,LOW
portsweep,ANOMALY,73.77,HIGH
apache2,ANOMALY,54.87,MEDIUM
normal,NORMAL,6.25,LOW
normal,NORMAL,50.12,MEDIUM
normal,NORMAL,0.63,LOW
mscan,ANOMALY,69.01,MEDIUM
neptune,ANOMALY,76.54,HIGH
smurf,NORMAL,40.74,MEDIUM
neptune,ANOMALY,80.53,HIGH
smurf,NORMAL,47.58,MEDIUM
neptune,ANOMALY,87.09,HIGH
satan,ANOMALY,67.02,MEDIUM
normal,NORMAL,4.06,LOW
normal,NORMAL,0.6,LOW
normal,NORMAL,0.61,LOW
portsweep,ANOMALY,76.45,HIGH
normal,NORMAL,1.83,LOW
neptune,ANOMALY,80.84,HIGH
warezmaster,NORMAL,41.07,MEDIUM
normal,NORMAL,20.66,LOW
warezmaster,NORMAL,30.46,MEDIUM
satan,ANOMALY,62.74,MEDIUM
normal,NORMAL,1.77,LOW
ipsweep,ANOMALY,51.93,MEDIUM
neptune,ANOMALY,80.98,HIGH
warezmaster,NORMAL,51.22,MEDIUM
neptune,ANOMALY,76.38,HIGH
mscan,ANOMALY,77.72,HIGH
normal,NORMAL,0.98,LOW
normal,NORMAL,26.74,LOW
normal,NORMAL,6.68,LOW
normal,NORMAL,0.75,LOW
smurf,ANOMALY,59.22,MEDIUM
normal,NORMAL,9.35,LOW
normal,NORMAL,0.7,LOW
normal,NORMAL,0.93,LOW
apache2,ANOMALY,67.49,MEDIUM
nmap,ANOMALY,81.95,HIGH
mscan,ANOMALY,78.98,HIGH
processtable,NORMAL,38.01,MEDIUM
normal,NORMAL,47.26,MEDIUM
normal,NORMAL,3.74,LOW
apache2,NORMAL,49.62,MEDIUM
normal,NORMAL,27.98,LOW
smurf,NORMAL,48.81,MEDIUM
guess_passwd,NORMAL,9.45,LOW
normal,NORMAL,24.12,LOW
smurf,NORMAL,43.61,MEDIUM
normal,NORMAL,1.62,LOW
normal,NORMAL,3.89,LOW
normal,NORMAL,1.73,LOW
guess_passwd,NORMAL,10.95,LOW
neptune,ANOMALY,76.0,HIGH
normal,NORMAL,4.66,LOW
normal,NORMAL,9.66,LOW
mscan,ANOMALY,74.94,HIGH
normal,NORMAL,1.01,LOW
mailbomb,NORMAL,19.4,LOW
normal,NORMAL,1.9,LOW
normal,NORMAL,1.17,LOW
normal,NORMAL,1.26,LOW
normal,NORMAL,2.42,LOW
normal,NORMAL,4.03,LOW
guess_passwd,NORMAL,10.03,LOW
mscan,ANOMALY,76.32,HIGH
normal,NORMAL,6.71,LOW
normal,NORMAL,2.61,LOW
normal,NORMAL,2.74,LOW
neptune,ANOMALY,81.71,HIGH
apache2,ANOMALY,52.24,MEDIUM
normal,NORMAL,0.28,LOW
warezmaster,NORMAL,34.8,MEDIUM
satan,ANOMALY,95.19,HIGH
warezmaster,NORMAL,26.92,LOW
normal,NORMAL,2.82,LOW
smurf,NORMAL,42.45,MEDIUM
snmpguess,NORMAL,26.53,LOW
guess_passwd,NORMAL,21.7,LOW
normal,NORMAL,18.75,LOW
normal,NORMAL,1.45,LOW
mscan,ANOMALY,70.7,HIGH
normal,NORMAL,1.7,LOW
neptune,ANOMALY,82.13,HIGH
normal,ANOMALY,66.9,MEDIUM
normal,NORMAL,34.48,MEDIUM
neptune,ANOMALY,81.94,HIGH
apache2,ANOMALY,60.6,MEDIUM
neptune,ANOMALY,80.26,HIGH
neptune,ANOMALY,79.25,HIGH
neptune,ANOMALY,87.36,HIGH
neptune,ANOMALY,80.18,HIGH
satan,ANOMALY,58.26,MEDIUM
normal,NORMAL,11.76,LOW
normal,NORMAL,4.46,LOW
warezmaster,NORMAL,29.53,LOW
warezmaster,NORMAL,34.69,MEDIUM
normal,NORMAL,1.65,LOW
neptune,ANOMALY,82.34,HIGH
neptune,ANOMALY,86.61,HIGH
guess_passwd,NORMAL,22.97,LOW
mscan,ANOMALY,79.96,HIGH
mscan,ANOMALY,81.87,HIGH
normal,NORMAL,2.54,LOW
normal,NORMAL,0.84,LOW
apache2,ANOMALY,62.37,MEDIUM
warezmaster,NORMAL,32.79,MEDIUM
neptune,ANOMALY,86.73,HIGH
neptune,ANOMALY,89.81,HIGH
neptune,ANOMALY,82.22,HIGH
normal,NORMAL,3.71,LOW
normal,NORMAL,5.17,LOW
httptunnel,ANOMALY,70.33,HIGH
neptune,ANOMALY,85.56,HIGH
normal,NORMAL,5.36,LOW
neptune,ANOMALY,86.75,HIGH
snmpguess,NORMAL,26.32,LOW
neptune,ANOMALY,91.55,HIGH
processtable,NORMAL,45.54,MEDIUM
normal,NORMAL,19.1,LOW
neptune,ANOMALY,82.23,HIGH
snmpguess,NORMAL,26.75,LOW
normal,NORMAL,0.78,LOW
normal,NORMAL,1.06,LOW
normal,NORMAL,1.11,LOW
guess_passwd,NORMAL,20.77,LOW
normal,NORMAL,0.31,LOW
neptune,ANOMALY,84.77,HIGH
normal,NORMAL,3.2,LOW
normal,NORMAL,0.6,LOW
warezmaster,NORMAL,26.64,LOW
normal,NORMAL,9.08,LOW
neptune,ANOMALY,92.37,HIGH
normal,NORMAL,17.97,LOW
neptune,ANOMALY,77.38,HIGH
guess_passwd,NORMAL,23.97,LOW
neptune,ANOMALY,75.75,HIGH
back,NORMAL,17.05,LOW
normal,NORMAL,49.72,MEDIUM
normal,NORMAL,2.46,LOW
normal,NORMAL,7.56,LOW
normal,NORMAL,1.29,LOW
snmpguess,NORMAL,26.06,LOW
apache2,ANOMALY,65.66,MEDIUM
normal,NORMAL,0.18,LOW
warezmaster,NORMAL,28.67,LOW
normal,NORMAL,25.07,LOW
normal,NORMAL,16.33,LOW
normal,NORMAL,1.59,LOW
normal,NORMAL,26.9,LOW
satan,ANOMALY,77.67,HIGH
normal,NORMAL,3.87,LOW
normal,NORMAL,49.69,MEDIUM
warezmaster,NORMAL,50.54,MEDIUM
apache2,ANOMALY,58.51,MEDIUM
neptune,ANOMALY,87.21,HIGH
ipsweep,ANOMALY,56.73,MEDIUM
guess_passwd,NORMAL,27.77,LOW
processtable,NORMAL,49.83,MEDIUM
normal,NORMAL,32.21,MEDIUM
normal,NORMAL,3.38,LOW
normal,NORMAL,2.22,LOW
neptune,ANOMALY,80.88,HIGH
sendmail,NORMAL,20.3,LOW
portsweep,ANOMALY,85.93,HIGH
normal,NORMAL,20.52,LOW
normal,NORMAL,3.25,LOW
smurf,NORMAL,50.42,MEDIUM
normal,NORMAL,0.49,LOW
normal,NORMAL,0.9,LOW
neptune,ANOMALY,81.77,HIGH
normal,NORMAL,5.06,LOW
guess_passwd,NORMAL,12.74,LOW
neptune,ANOMALY,81.81,HIGH
neptune,ANOMALY,81.81,HIGH
normal,NORMAL,1.85,LOW
normal,NORMAL,16.84,LOW
warezmaster,NORMAL,28.31,LOW
normal,NORMAL,6.96,LOW
neptune,ANOMALY,81.81,HIGH
satan,ANOMALY,94.47,HIGH
normal,NORMAL,1.01,LOW
warezmaster,NORMAL,31.69,MEDIUM
processtable,ANOMALY,67.07,MEDIUM
normal,NORMAL,49.74,MEDIUM
normal,NORMAL,0.17,LOW
neptune,ANOMALY,81.26,HIGH
satan,ANOMALY,66.96,MEDIUM
neptune,ANOMALY,82.57,HIGH
processtable,NORMAL,47.43,MEDIUM
neptune,ANOMALY,76.43,HIGH
satan,ANOMALY,95.25,HIGH
neptune,ANOMALY,76.38,HIGH
normal,ANOMALY,63.22,MEDIUM
normal,NORMAL,11.53,LOW
apache2,ANOMALY,56.32,MEDIUM
normal,NORMAL,1.98,LOW
normal,NORMAL,49.63,MEDIUM
normal,NORMAL,5.84,LOW
normal,ANOMALY,54.38,MEDIUM
normal,NORMAL,1.55,LOW
normal,NORMAL,19.07,LOW
neptune,ANOMALY,79.25,HIGH
guess_passwd,NORMAL,10.16,LOW
neptune,ANOMALY,85.69,HIGH
snmpguess,NORMAL,26.71,LOW
neptune,ANOMALY,82.29,HIGH
processtable,ANOMALY,67.16,MEDIUM
processtable,ANOMALY,56.77,MEDIUM
normal,NORMAL,30.81,MEDIUM
normal,NORMAL,1.45,LOW
guess_passwd,NORMAL,21.27,LOW
apache2,ANOMALY,65.85,MEDIUM
normal,NORMAL,2.22,LOW
neptune,ANOMALY,82.07,HIGH
guess_passwd,NORMAL,10.53,LOW
neptune,ANOMALY,81.92,HIGH
neptune,ANOMALY,81.6,HIGH
normal,NORMAL,2.61,LOW
guess_passwd,NORMAL,15.22,LOW
normal,NORMAL,43.64,MEDIUM
normal,NORMAL,24.75,LOW
land,ANOMALY,74.36,HIGH
normal,NORMAL,0.89,LOW
nmap,ANOMALY,82.31,HIGH
normal,ANOMALY,56.83,MEDIUM
neptune,ANOMALY,76.06,HIGH
normal,NORMAL,21.97,LOW
neptune,ANOMALY,80.21,HIGH
neptune,ANOMALY,76.65,HIGH
neptune,ANOMALY,87.38,HIGH
warezmaster,NORMAL,28.85,LOW
guess_passwd,NORMAL,12.45,LOW
neptune,ANOMALY,81.76,HIGH
neptune,ANOMALY,81.55,HIGH
normal,NORMAL,20.55,LOW
normal,NORMAL,21.06,LOW
normal,NORMAL,1.58,LOW
normal,NORMAL,2.37,LOW
normal,NORMAL,2.99,LOW
normal,NORMAL,2.84,LOW
normal,NORMAL,6.99,LOW
neptune,ANOMALY,78.95,HIGH
guess_passwd,NORMAL,10.9,LOW
normal,NORMAL,3.36,LOW
guess_passwd,NORMAL,25.93,LOW
guess_passwd,NORMAL,10.1,LOW
mscan,ANOMALY,77.56,HIGH
neptune,ANOMALY,76.06,HIGH
neptune,ANOMALY,81.65,HIGH
processtable,NORMAL,38.69,MEDIUM
normal,NORMAL,49.6,MEDIUM
normal,NORMAL,4.22,LOW
mailbomb,NORMAL,13.64,LOW
neptune,ANOMALY,81.55,HIGH
guess_passwd,NORMAL,10.99,LOW
normal,NORMAL,0.48,LOW
neptune,ANOMALY,87.19,HIGH
neptune,ANOMALY,80.79,HIGH
neptune,ANOMALY,86.75,HIGH
ipsweep,NORMAL,51.67,MEDIUM
normal,NORMAL,0.56,LOW
normal,NORMAL,0.39,LOW
neptune,ANOMALY,86.36,HIGH
normal,NORMAL,0.6,LOW
normal,NORMAL,2.74,LOW
normal,NORMAL,6.8,LOW
neptune,ANOMALY,80.32,HIGH
mscan,ANOMALY,79.7,HIGH
normal,NORMAL,5.51,LOW
normal,NORMAL,1.38,LOW
back,NORMAL,14.71,LOW
neptune,ANOMALY,81.94,HIGH
mscan,ANOMALY,84.19,HIGH
neptune,ANOMALY,80.26,HIGH
normal,NORMAL,0.3,LOW
neptune,ANOMALY,82.47,HIGH
processtable,ANOMALY,67.23,MEDIUM
normal,NORMAL,17.64,LOW
snmpguess,NORMAL,26.41,LOW
neptune,ANOMALY,82.07,HIGH
mscan,ANOMALY,74.81,HIGH
normal,NORMAL,10.13,LOW
saint,NORMAL,35.16,MEDIUM
mscan,ANOMALY,76.79,HIGH
normal,NORMAL,1.35,LOW
neptune,ANOMALY,76.21,HIGH
normal,NORMAL,10.28,LOW
guess_passwd,NORMAL,11.7,LOW
normal,NORMAL,1.1,LOW
normal,NORMAL,10.97,LOW
portsweep,ANOMALY,79.5,HIGH
normal,NORMAL,0.98,LOW
ipsweep,ANOMALY,51.93,MEDIUM
neptune,ANOMALY,79.72,HIGH
neptune,ANOMALY,89.65,HIGH
saint,ANOMALY,53.32,MEDIUM
warezmaster,NORMAL,28.89,LOW
normal,NORMAL,6.68,LOW
normal,NORMAL,1.3,LOW
satan,ANOMALY,94.64,HIGH
mscan,ANOMALY,71.78,HIGH
normal,NORMAL,1.87,LOW
normal,NORMAL,4.2,LOW
processtable,NORMAL,42.81,MEDIUM
saint,ANOMALY,53.28,MEDIUM
normal,NORMAL,1.55,LOW
guess_passwd,NORMAL,19.62,LOW
normal,NORMAL,32.8,MEDIUM
neptune,ANOMALY,78.5,HIGH
normal,NORMAL,1.79,LOW
satan,ANOMALY,60.32,MEDIUM
normal,NORMAL,50.09,MEDIUM
normal,NORMAL,13.75,LOW
saint,ANOMALY,53.43,MEDIUM
normal,NORMAL,14.87,LOW
snmpguess,NORMAL,26.37,LOW
neptune,ANOMALY,76.98,HIGH
mailbomb,NORMAL,18.64,LOW
apache2,ANOMALY,74.05,HIGH
normal,NORMAL,8.18,LOW
normal,NORMAL,23.26,LOW
neptune,ANOMALY,75.39,HIGH
guess_passwd,NORMAL,20.3,LOW
normal,NORMAL,0.46,LOW
normal,NORMAL,0.95,LOW
normal,NORMAL,2.68,LOW
snmpguess,NORMAL,26.66,LOW
neptune,ANOMALY,81.29,HIGH
normal,NORMAL,0.27,LOW
normal,NORMAL,19.49,LOW
neptune,ANOMALY,81.13,HIGH
neptune,ANOMALY,74.88,HIGH
guess_passwd,NORMAL,21.79,LOW
warezmaster,NORMAL,28.64,LOW
normal,NORMAL,5.89,LOW
normal,NORMAL,4.85,LOW
xlock,NORMAL,27.75,LOW
normal,NORMAL,2.42,LOW
neptune,ANOMALY,74.23,HIGH
normal,NORMAL,21.15,LOW
normal,NORMAL,49.29,MEDIUM
normal,NORMAL,2.74,LOW
neptune,ANOMALY,82.2,HIGH
normal,NORMAL,9.87,LOW
warezmaster,NORMAL,29.47,LOW
processtable,ANOMALY,63.16,MEDIUM
normal,NORMAL,1.71,LOW
normal,NORMAL,18.41,LOW
normal,NORMAL,20.65,LOW
smurf,NORMAL,44.64,MEDIUM
normal,NORMAL,0.66,LOW
guess_passwd,NORMAL,9.74,LOW
normal,NORMAL,2.25,LOW
smurf,NORMAL,50.67,MEDIUM
back,NORMAL,16.43,LOW
normal,NORMAL,2.41,LOW
smurf,ANOMALY,52.31,MEDIUM
normal,NORMAL,18.21,LOW
back,NORMAL,19.0,LOW
normal,NORMAL,26.96,LOW
normal,NORMAL,13.79,LOW
guess_passwd,NORMAL,9.92,LOW
satan,ANOMALY,94.43,HIGH
guess_passwd,NORMAL,21.13,LOW
mscan,ANOMALY,68.05,MEDIUM
warezmaster,NORMAL,27.3,LOW
warezmaster,NORMAL,39.35,MEDIUM
processtable,NORMAL,40.09,MEDIUM
normal,NORMAL,14.31,LOW
normal,ANOMALY,58.75,MEDIUM
neptune,ANOMALY,81.74,HIGH
neptune,ANOMALY,79.67,HIGH
normal,NORMAL,18.7,LOW
normal,ANOMALY,64.12,MEDIUM
neptune,ANOMALY,82.57,HIGH
neptune,ANOMALY,80.0,HIGH
neptune,ANOMALY,85.51,HIGH
neptune,ANOMALY,81.54,HIGH
normal,NORMAL,33.53,MEDIUM
neptune,ANOMALY,87.72,HIGH
mscan,ANOMALY,66.88,MEDIUM
satan,ANOMALY,99.55,HIGH
mscan,ANOMALY,69.98,MEDIUM
normal,NORMAL,1.34,LOW
normal,NORMAL,3.12,LOW
normal,NORMAL,5.25,LOW
guess_passwd,NORMAL,22.3,LOW
httptunnel,ANOMALY,62.66,MEDIUM
guess_passwd,NORMAL,21.3,LOW
snmpgetattack,NORMAL,35.83,MEDIUM
apache2,ANOMALY,62.67,MEDIUM
processtable,NORMAL,47.79,MEDIUM
neptune,ANOMALY,73.95,HIGH
apache2,ANOMALY,62.98,MEDIUM
neptune,ANOMALY,75.53,HIGH
mscan,NORMAL,46.95,MEDIUM
normal,NORMAL,0.85,LOW
satan,ANOMALY,93.25,HIGH
apache2,ANOMALY,73.79,HIGH
normal,NORMAL,3.89,LOW
neptune,ANOMALY,86.24,HIGH
neptune,ANOMALY,81.28,HIGH
normal,NORMAL,1.0,LOW
httptunnel,ANOMALY,60.86,MEDIUM
normal,NORMAL,27.47,LOW
normal,NORMAL,1.42,LOW
back,NORMAL,16.97,LOW
normal,NORMAL,5.19,LOW
normal,NORMAL,18.54,LOW
satan,ANOMALY,59.5,MEDIUM
satan,ANOMALY,60.71,MEDIUM
neptune,ANOMALY,76.04,HIGH
normal,NORMAL,1.26,LOW
normal,NORMAL,3.45,LOW
nmap,ANOMALY,82.29,HIGH
normal,NORMAL,1.53,LOW
normal,NORMAL,0.65,LOW
satan,ANOMALY,67.16,MEDIUM
normal,NORMAL,1.05,LOW
smurf,NORMAL,45.69,MEDIUM
normal,NORMAL,33.29,MEDIUM
portsweep,ANOMALY,85.66,HIGH
smurf,NORMAL,41.62,MEDIUM
guess_passwd,NORMAL,20.93,LOW
normal,NORMAL,31.91,MEDIUM
smurf,ANOMALY,52.04,MEDIUM
normal,NORMAL,29.57,LOW
neptune,ANOMALY,83.85,HIGH
normal,NORMAL,0.47,LOW
neptune,ANOMALY,79.48,HIGH
neptune,ANOMALY,82.11,HIGH
normal,NORMAL,1.75,LOW
normal,NORMAL,0.3,LOW
neptune,ANOMALY,75.32,HIGH
normal,NORMAL,0.46,LOW
snmpguess,NORMAL,26.2,LOW
normal,NORMAL,1.16,LOW
saint,ANOMALY,52.09,MEDIUM
processtable,ANOMALY,75.63,HIGH
neptune,ANOMALY,76.11,HIGH
neptune,ANOMALY,83.12,HIGH
warezmaster,NORMAL,37.4,MEDIUM
processtable,NORMAL,50.69,MEDIUM
neptune,ANOMALY,81.2,HIGH
normal,NORMAL,1.39,LOW
normal,NORMAL,0.4,LOW
apache2,NORMAL,47.56,MEDIUM
satan,ANOMALY,62.74,MEDIUM
normal,NORMAL,26.78,LOW
normal,NORMAL,3.01,LOW
guess_passwd,NORMAL,27.1,LOW
normal,NORMAL,1.63,LOW
neptune,ANOMALY,81.77,HIGH
neptune,ANOMALY,87.49,HIGH
neptune,ANOMALY,81.39,HIGH
mscan,ANOMALY,66.88,MEDIUM
neptune,ANOMALY,81.55,HIGH
neptune,ANOMALY,79.58,HIGH
neptune,ANOMALY,85.69,HIGH
neptune,ANOMALY,76.0,HIGH
satan,ANOMALY,99.84,HIGH
normal,NORMAL,3.35,LOW
normal,NORMAL,19.52,LOW
normal,NORMAL,18.9,LOW
normal,NORMAL,2.84,LOW
apache2,ANOMALY,55.39,MEDIUM
warezmaster,NORMAL,44.79,MEDIUM
normal,NORMAL,28.6,LOW
apache2,NORMAL,39.4,MEDIUM
neptune,ANOMALY,81.66,HIGH
normal,NORMAL,0.98,LOW
normal,NORMAL,0.33,LOW
neptune,ANOMALY,71.13,HIGH
apache2,ANOMALY,56.39,MEDIUM
nmap,ANOMALY,82.42,HIGH
processtable,NORMAL,49.57,MEDIUM
neptune,ANOMALY,79.05,HIGH
neptune,ANOMALY,74.32,HIGH
satan,ANOMALY,94.23,HIGH
neptune,ANOMALY,76.01,HIGH
normal,NORMAL,3.7,LOW
normal,NORMAL,1.61,LOW
normal,NORMAL,1.42,LOW
normal,NORMAL,11.94,LOW
normal,NORMAL,11.08,LOW
normal,NORMAL,9.1,LOW
normal,NORMAL,21.03,LOW
neptune,ANOMALY,75.26,HIGH
normal,NORMAL,18.58,LOW
normal,NORMAL,24.23,LOW
neptune,ANOMALY,80.51,HIGH
warezmaster,NORMAL,28.7,LOW
normal,NORMAL,19.42,LOW
apache2,ANOMALY,73.72,HIGH
normal,NORMAL,1.73,LOW
satan,ANOMALY,88.43,HIGH
satan,ANOMALY,95.1,HIGH
normal,NORMAL,1.53,LOW
normal,NORMAL,49.8,MEDIUM
normal,NORMAL,18.19,LOW
neptune,ANOMALY,91.29,HIGH
mscan,ANOMALY,82.64,HIGH
normal,NORMAL,2.62,LOW
neptune,ANOMALY,81.24,HIGH
processtable,ANOMALY,67.06,MEDIUM
smurf,NORMAL,41.44,MEDIUM
neptune,ANOMALY,80.24,HIGH
normal,NORMAL,0.29,LOW
neptune,ANOMALY,80.88,HIGH
snmpguess,NORMAL,26.55,LOW
snmpgetattack,NORMAL,26.88,LOW
guess_passwd,NORMAL,14.07,LOW
back,NORMAL,16.48,LOW
smurf,NORMAL,39.33,MEDIUM
normal,NORMAL,5.8,LOW
normal,NORMAL,0.95,LOW
mscan,ANOMALY,56.53,MEDIUM
normal,NORMAL,7.14,LOW
guess_passwd,NORMAL,24.1,LOW
normal,NORMAL,7.05,LOW
neptune,ANOMALY,80.0,HIGH
normal,NORMAL,18.01,LOW
neptune,ANOMALY,81.08,HIGH
warezmaster,NORMAL,21.07,LOW
apache2,ANOMALY,76.52,HIGH
normal,NORMAL,2.46,LOW
smurf,NORMAL,45.69,MEDIUM
neptune,ANOMALY,80.51,HIGH
snmpguess,NORMAL,26.61,LOW
normal,NORMAL,17.34,LOW
saint,NORMAL,51.75,MEDIUM
normal,NORMAL,2.58,LOW
neptune,ANOMALY,76.63,HIGH
normal,NORMAL,0.52,LOW
neptune,ANOMALY,86.54,HIGH
neptune,ANOMALY,74.07,HIGH
mscan,ANOMALY,66.71,MEDIUM
normal,NORMAL,16.7,LOW
normal,NORMAL,32.52,MEDIUM
normal,NORMAL,12.51,LOW
snmpguess,NORMAL,26.41,LOW
satan,ANOMALY,66.81,MEDIUM
neptune,ANOMALY,74.56,HIGH
satan,ANOMALY,69.01,MEDIUM
apache2,ANOMALY,61.27,MEDIUM
normal,NORMAL,3.11,LOW
normal,NORMAL,3.56,LOW
neptune,ANOMALY,86.57,HIGH
apache2,ANOMALY,66.91,MEDIUM
neptune,ANOMALY,86.57,HIGH
neptune,ANOMALY,75.93,HIGH
named,ANOMALY,62.16,MEDIUM
satan,ANOMALY,81.9,HIGH
normal,NORMAL,11.49,LOW
neptune,ANOMALY,76.03,HIGH
neptune,ANOMALY,76.96,HIGH
smurf,NORMAL,47.89,MEDIUM
neptune,ANOMALY,82.09,HIGH
normal,NORMAL,2.92,LOW
normal,NORMAL,1.24,LOW
normal,NORMAL,11.3,LOW
normal,NORMAL,8.36,LOW
normal,NORMAL,0.18,LOW
apache2,NORMAL,48.47,MEDIUM
normal,NORMAL,0.4,LOW
satan,ANOMALY,72.66,HIGH
back,NORMAL,41.34,MEDIUM
neptune,ANOMALY,78.79,HIGH
guess_passwd,NORMAL,27.77,LOW
normal,NORMAL,10.87,LOW
saint,ANOMALY,51.93,MEDIUM
normal,NORMAL,50.09,MEDIUM
normal,NORMAL,0.41,LOW
apache2,ANOMALY,58.16,MEDIUM
neptune,ANOMALY,82.34,HIGH
normal,NORMAL,39.82,MEDIUM
back,NORMAL,36.12,MEDIUM
back,NORMAL,38.65,MEDIUM
neptune,ANOMALY,80.61,HIGH
normal,NORMAL,29.69,LOW
guess_passwd,NORMAL,10.7,LOW
normal,ANOMALY,71.16,HIGH
satan,ANOMALY,94.97,HIGH
neptune,ANOMALY,80.03,HIGH
neptune,ANOMALY,86.61,HIGH
smurf,NORMAL,35.37,MEDIUM
normal,NORMAL,7.74,LOW
mailbomb,NORMAL,23.78,LOW
neptune,ANOMALY,76.38,HIGH
normal,NORMAL,1.55,LOW
normal,NORMAL,20.39,LOW
normal,NORMAL,4.64,LOW
guess_passwd,ANOMALY,59.75,MEDIUM
normal,NORMAL,23.82,LOW
snmpguess,NORMAL,26.46,LOW
normal,NORMAL,0.33,LOW
normal,NORMAL,0.57,LOW
guess_passwd,NORMAL,9.94,LOW
guess_passwd,NORMAL,28.78,LOW
normal,NORMAL,24.21,LOW
normal,NORMAL,12.91,LOW
normal,NORMAL,0.27,LOW
neptune,ANOMALY,82.13,HIGH
normal,NORMAL,31.99,MEDIUM
smurf,NORMAL,37.34,MEDIUM
normal,NORMAL,11.14,LOW
warezmaster,NORMAL,28.88,LOW
satan,ANOMALY,86.03,HIGH
neptune,ANOMALY,80.89,HIGH
normal,NORMAL,3.33,LOW
normal,NORMAL,2.74,LOW
xsnoop,ANOMALY,66.1,MEDIUM
normal,NORMAL,9.65,LOW
normal,NORMAL,1.25,LOW
named,NORMAL,33.04,MEDIUM
normal,NORMAL,50.12,MEDIUM
normal,NORMAL,1.92,LOW
neptune,ANOMALY,74.56,HIGH
normal,NORMAL,3.81,LOW
neptune,ANOMALY,82.04,HIGH
normal,NORMAL,0.64,LOW
portsweep,ANOMALY,88.89,HIGH
normal,NORMAL,0.72,LOW
processtable,NORMAL,46.3,MEDIUM
processtable,ANOMALY,83.21,HIGH
normal,ANOMALY,76.99,HIGH
smurf,ANOMALY,52.82,MEDIUM
processtable,NORMAL,47.92,MEDIUM
normal,NORMAL,4.89,LOW
warezmaster,NORMAL,28.46,LOW
saint,ANOMALY,52.3,MEDIUM
normal,NORMAL,27.04,LOW
normal,NORMAL,0.56,LOW
normal,NORMAL,3.68,LOW
httptunnel,ANOMALY,62.49,MEDIUM
back,NORMAL,38.25,MEDIUM
guess_passwd,NORMAL,23.83,LOW
saint,ANOMALY,94.07,HIGH
snmpgetattack,NORMAL,45.38,MEDIUM
mscan,ANOMALY,79.13,HIGH
normal,NORMAL,37.9,MEDIUM
pod,NORMAL,39.72,MEDIUM
neptune,ANOMALY,80.77,HIGH
back,NORMAL,16.01,LOW
snmpgetattack,NORMAL,28.13,LOW
normal,NORMAL,6.97,LOW
normal,NORMAL,0.44,LOW
normal,NORMAL,19.12,LOW
neptune,ANOMALY,80.37,HIGH
neptune,ANOMALY,78.58,HIGH
normal,NORMAL,1.34,LOW
guess_passwd,NORMAL,20.94,LOW
neptune,ANOMALY,80.37,HIGH
warezmaster,NORMAL,23.14,LOW
normal,NORMAL,37.14,MEDIUM
normal,NORMAL,1.24,LOW
normal,NORMAL,2.57,LOW
normal,NORMAL,5.7,LOW
normal,NORMAL,0.31,LOW
teardrop,NORMAL,33.83,MEDIUM
guess_passwd,NORMAL,24.25,LOW
neptune,ANOMALY,85.18,HIGH
normal,ANOMALY,55.73,MEDIUM
snmpguess,NORMAL,37.8,MEDIUM
mscan,ANOMALY,77.3,HIGH
normal,NORMAL,1.27,LOW
normal,NORMAL,1.19,LOW
neptune,ANOMALY,80.96,HIGH
back,NORMAL,16.7,LOW
warezmaster,NORMAL,33.87,MEDIUM
neptune,ANOMALY,78.4,HIGH
mscan,ANOMALY,70.25,HIGH
neptune,ANOMALY,81.35,HIGH
processtable,NORMAL,43.34,MEDIUM
neptune,ANOMALY,74.16,HIGH
neptune,ANOMALY,82.13,HIGH
neptune,ANOMALY,74.97,HIGH
normal,NORMAL,36.6,MEDIUM
smurf,NORMAL,44.64,MEDIUM
normal,NORMAL,3.19,LOW
smurf,NORMAL,50.42,MEDIUM
back,NORMAL,18.8,LOW
neptune,ANOMALY,85.88,HIGH
guess_passwd,NORMAL,19.65,LOW
normal,NORMAL,1.53,LOW
neptune,ANOMALY,82.9,HIGH
guess_passwd,NORMAL,27.77,LOW
normal,NORMAL,40.81,MEDIUM
normal,NORMAL,1.21,LOW
back,NORMAL,48.66,MEDIUM
normal,NORMAL,16.9,LOW
smurf,NORMAL,45.99,MEDIUM
neptune,ANOMALY,81.26,HIGH
neptune,ANOMALY,80.41,HIGH
normal,NORMAL,1.83,LOW
normal,NORMAL,4.27,LOW
normal,NORMAL,1.57,LOW
normal,NORMAL,18.82,LOW
normal,NORMAL,3.44,LOW
snmpgetattack,NORMAL,26.95,LOW
warezmaster,NORMAL,29.25,LOW
normal,NORMAL,1.27,LOW
normal,NORMAL,49.72,MEDIUM
neptune,ANOMALY,82.37,HIGH
normal,NORMAL,0.95,LOW
normal,NORMAL,2.59,LOW
ipsweep,NORMAL,51.72,MEDIUM
normal,NORMAL,0.33,LOW
guess_passwd,NORMAL,13.78,LOW
guess_passwd,NORMAL,10.67,LOW
neptune,ANOMALY,80.19,HIGH
smurf,NORMAL,45.69,MEDIUM
mailbomb,NORMAL,13.08,LOW
normal,NORMAL,26.32,LOW
normal,NORMAL,40.47,MEDIUM
warezmaster,NORMAL,28.28,LOW
normal,NORMAL,50.11,MEDIUM
neptune,ANOMALY,92.21,HIGH
guess_passwd,ANOMALY,60.03,MEDIUM
mscan,ANOMALY,77.87,HIGH
neptune,ANOMALY,86.8,HIGH
neptune,ANOMALY,86.01,HIGH
snmpguess,NORMAL,26.49,LOW
normal,NORMAL,9.13,LOW
neptune,ANOMALY,76.54,HIGH
normal,NORMAL,0.41,LOW
normal,NORMAL,0.46,LOW
neptune,ANOMALY,76.14,HIGH
neptune,ANOMALY,79.27,HIGH
guess_passwd,NORMAL,9.89,LOW
processtable,NORMAL,38.19,MEDIUM
warezmaster,NORMAL,15.92,LOW
saint,ANOMALY,93.83,HIGH
normal,NORMAL,34.75,MEDIUM
mailbomb,NORMAL,25.71,LOW
snmpguess,NORMAL,26.53,LOW
normal,NORMAL,23.25,LOW
normal,NORMAL,28.16,LOW
neptune,ANOMALY,80.73,HIGH
httptunnel,NORMAL,45.31,MEDIUM
neptune,ANOMALY,81.08,HIGH
processtable,NORMAL,42.12,MEDIUM
normal,NORMAL,17.47,LOW
normal,NORMAL,16.58,LOW
normal,NORMAL,19.4,LOW
back,NORMAL,30.98,MEDIUM
warezmaster,NORMAL,23.79,LOW
neptune,ANOMALY,82.0,HIGH
normal,NORMAL,1.19,LOW
guess_passwd,NORMAL,9.43,LOW
warezmaster,NORMAL,23.56,LOW
httptunnel,ANOMALY,62.56,MEDIUM
normal,NORMAL,12.62,LOW
normal,NORMAL,0.47,LOW
normal,NORMAL,1.34,LOW
neptune,ANOMALY,76.13,HIGH
normal,NORMAL,16.59,LOW
guess_passwd,NORMAL,9.48,LOW
satan,ANOMALY,64.66,MEDIUM
snmpgetattack,NORMAL,42.98,MEDIUM
snmpguess,NORMAL,26.41,LOW
neptune,ANOMALY,80.95,HIGH
neptune,ANOMALY,81.79,HIGH
satan,ANOMALY,68.88,MEDIUM
neptune,ANOMALY,74.18,HIGH
processtable,ANOMALY,66.99,MEDIUM
warezmaster,NORMAL,40.61,MEDIUM
portsweep,ANOMALY,74.07,HIGH
neptune,ANOMALY,87.72,HIGH
mscan,ANOMALY,82.3,HIGH
processtable,ANOMALY,68.82,MEDIUM
neptune,ANOMALY,76.67,HIGH
smurf,NORMAL,44.15,MEDIUM
neptune,ANOMALY,85.47,HIGH
mscan,ANOMALY,67.86,MEDIUM
warezmaster,NORMAL,34.48,MEDIUM
warezmaster,NORMAL,27.11,LOW
normal,NORMAL,50.46,MEDIUM
neptune,ANOMALY,74.24,HIGH
normal,NORMAL,50.56,MEDIUM
neptune,ANOMALY,82.32,HIGH
neptune,ANOMALY,74.23,HIGH
mscan,ANOMALY,77.75,HIGH
satan,ANOMALY,66.21,MEDIUM
normal,NORMAL,3.01,LOW
normal,NORMAL,15.77,LOW
mailbomb,NORMAL,13.28,LOW
processtable,NORMAL,49.87,MEDIUM
warezmaster,NORMAL,31.96,MEDIUM
apache2,ANOMALY,52.52,MEDIUM
normal,NORMAL,34.75,MEDIUM
mailbomb,NORMAL,26.83,LOW
normal,NORMAL,6.39,LOW
neptune,ANOMALY,75.23,HIGH
neptune,ANOMALY,79.88,HIGH
normal,NORMAL,16.95,LOW
back,NORMAL,43.26,MEDIUM
neptune,ANOMALY,86.04,HIGH
neptune,ANOMALY,82.04,HIGH
back,NORMAL,19.04,LOW
neptune,ANOMALY,75.42,HIGH
guess_passwd,NORMAL,9.73,LOW
neptune,ANOMALY,75.3,HIGH
normal,NORMAL,21.67,LOW
normal,NORMAL,0.58,LOW
normal,NORMAL,18.67,LOW
normal,NORMAL,4.79,LOW
sqlattack,NORMAL,44.24,MEDIUM
snmpgetattack,NORMAL,41.52,MEDIUM
normal,NORMAL,49.63,MEDIUM
neptune,ANOMALY,75.97,HIGH
normal,NORMAL,19.03,LOW
satan,ANOMALY,63.55,MEDIUM
neptune,ANOMALY,79.95,HIGH
mailbomb,NORMAL,17.6,LOW
neptune,ANOMALY,78.85,HIGH
neptune,ANOMALY,80.0,HIGH
snmpguess,NORMAL,26.55,LOW
mscan,ANOMALY,78.25,HIGH
normal,NORMAL,2.89,LOW
neptune,ANOMALY,78.68,HIGH
normal,NORMAL,0.23,LOW
normal,NORMAL,12.02,LOW
normal,NORMAL,2.29,LOW
normal,NORMAL,0.71,LOW
neptune,ANOMALY,75.39,HIGH
neptune,ANOMALY,81.76,HIGH
normal,NORMAL,6.6,LOW
normal,NORMAL,1.84,LOW
neptune,ANOMALY,81.62,HIGH
neptune,ANOMALY,86.02,HIGH
neptune,ANOMALY,87.36,HIGH
neptune,ANOMALY,81.22,HIGH
normal,NORMAL,0.26,LOW
normal,NORMAL,2.36,LOW
normal,NORMAL,9.29,LOW
normal,NORMAL,1.26,LOW
snmpgetattack,NORMAL,26.59,LOW
apache2,ANOMALY,64.84,MEDIUM
guess_passwd,NORMAL,13.2,LOW
normal,NORMAL,19.21,LOW
normal,NORMAL,1.1,LOW
mailbomb,NORMAL,18.33,LOW
normal,NORMAL,1.26,LOW
normal,NORMAL,1.1,LOW
warezmaster,NORMAL,34.68,MEDIUM
satan,ANOMALY,89.18,HIGH
neptune,ANOMALY,77.22,HIGH
normal,NORMAL,20.73,LOW
normal,NORMAL,2.2,LOW
normal,NORMAL,1.97,LOW
normal,NORMAL,3.09,LOW
neptune,ANOMALY,80.39,HIGH
neptune,ANOMALY,89.41,HIGH
normal,NORMAL,49.71,MEDIUM
smurf,NORMAL,48.81,MEDIUM
normal,NORMAL,18.49,LOW
smurf,NORMAL,51.51,MEDIUM
neptune,ANOMALY,82.27,HIGH
normal,NORMAL,1.17,LOW
xlock,NORMAL,37.68,MEDIUM
guess_passwd,NORMAL,9.97,LOW
normal,NORMAL,21.86,LOW
normal,NORMAL,19.55,LOW
apache2,ANOMALY,61.18,MEDIUM
normal,NORMAL,5.07,LOW
normal,NORMAL,34.53,MEDIUM
smurf,ANOMALY,55.66,MEDIUM
normal,NORMAL,2.38,LOW
normal,NORMAL,2.19,LOW
normal,NORMAL,10.15,LOW
satan,ANOMALY,84.9,HIGH
guess_passwd,NORMAL,27.4,LOW
neptune,ANOMALY,86.58,HIGH
warezmaster,NORMAL,51.23,MEDIUM
normal,NORMAL,1.21,LOW
normal,NORMAL,2.8,LOW
neptune,ANOMALY,80.84,HIGH
ipsweep,NORMAL,51.67,MEDIUM
neptune,ANOMALY,82.48,HIGH
processtable,NORMAL,38.36,MEDIUM
neptune,ANOMALY,82.18,HIGH
normal,NORMAL,1.6,LOW
neptune,ANOMALY,75.0,HIGH
saint,ANOMALY,76.68,HIGH
smurf,ANOMALY,55.12,MEDIUM
normal,NORMAL,34.46,MEDIUM
warezmaster,NORMAL,28.31,LOW
normal,NORMAL,32.37,MEDIUM
normal,NORMAL,3.55,LOW
apache2,ANOMALY,73.65,HIGH
neptune,ANOMALY,80.4,HIGH
neptune,ANOMALY,81.82,HIGH
normal,NORMAL,1.84,LOW
normal,NORMAL,17.53,LOW
normal,NORMAL,1.49,LOW
normal,NORMAL,3.47,LOW
back,NORMAL,18.33,LOW
saint,ANOMALY,94.36,HIGH
normal,NORMAL,2.23,LOW
guess_passwd,NORMAL,10.93,LOW
smurf,NORMAL,51.51,MEDIUM
satan,ANOMALY,61.39,MEDIUM
neptune,ANOMALY,82.04,HIGH
processtable,NORMAL,38.64,MEDIUM
warezmaster,NORMAL,19.87,LOW
normal,NORMAL,12.03,LOW
mailbomb,NORMAL,29.87,LOW
neptune,ANOMALY,80.93,HIGH
pod,NORMAL,50.18,MEDIUM
normal,NORMAL,17.51,LOW
normal,NORMAL,31.58,MEDIUM
normal,NORMAL,0.68,LOW
normal,NORMAL,43.44,MEDIUM
neptune,ANOMALY,86.71,HIGH
neptune,ANOMALY,87.01,HIGH
neptune,ANOMALY,76.06,HIGH
normal,NORMAL,46.34,MEDIUM
warezmaster,NORMAL,31.47,MEDIUM
mscan,ANOMALY,79.07,HIGH
apache2,ANOMALY,74.82,HIGH
neptune,ANOMALY,75.07,HIGH
normal,NORMAL,2.52,LOW
normal,NORMAL,5.77,LOW
normal,NORMAL,8.93,LOW
normal,NORMAL,3.45,LOW
neptune,ANOMALY,82.16,HIGH
guess_passwd,NORMAL,12.7,LOW
pod,NORMAL,51.33,MEDIUM
processtable,ANOMALY,67.01,MEDIUM
normal,NORMAL,0.7,LOW
normal,NORMAL,1.94,LOW
normal,NORMAL,3.0,LOW
normal,NORMAL,0.52,LOW
neptune,ANOMALY,81.04,HIGH
normal,NORMAL,3.42,LOW
neptune,ANOMALY,75.53,HIGH
normal,NORMAL,3.76,LOW
neptune,ANOMALY,76.06,HIGH
neptune,ANOMALY,76.49,HIGH
warezmaster,NORMAL,30.55,MEDIUM
neptune,ANOMALY,89.6,HIGH
neptune,ANOMALY,77.7,HIGH
neptune,ANOMALY,76.1,HIGH
normal,NORMAL,10.88,LOW
normal,NORMAL,3.03,LOW
smurf,NORMAL,42.81,MEDIUM
normal,NORMAL,26.49,LOW
guess_passwd,NORMAL,22.41,LOW
normal,NORMAL,0.93,LOW
neptune,ANOMALY,75.41,HIGH
normal,NORMAL,36.3,MEDIUM
normal,NORMAL,3.18,LOW
normal,NORMAL,0.66,LOW
normal,NORMAL,1.77,LOW
guess_passwd,NORMAL,15.21,LOW
warezmaster,ANOMALY,52.46,MEDIUM
normal,NORMAL,2.48,LOW
smurf,NORMAL,47.36,MEDIUM
normal,NORMAL,17.82,LOW
satan,ANOMALY,93.94,HIGH
mailbomb,NORMAL,28.8,LOW
neptune,ANOMALY,82.06,HIGH
neptune,ANOMALY,86.48,HIGH
neptune,ANOMALY,82.18,HIGH
apache2,ANOMALY,58.65,MEDIUM
neptune,ANOMALY,80.99,HIGH
warezmaster,NORMAL,28.32,LOW
normal,NORMAL,2.27,LOW
normal,NORMAL,3.07,LOW
normal,NORMAL,43.67,MEDIUM
apache2,ANOMALY,77.25,HIGH
normal,NORMAL,1.33,LOW
normal,NORMAL,4.6,LOW
warezmaster,NORMAL,28.82,LOW
normal,NORMAL,1.94,LOW
normal,NORMAL,24.11,LOW
normal,NORMAL,33.3,MEDIUM
neptune,ANOMALY,87.01,HIGH
guess_passwd,NORMAL,21.08,LOW
normal,NORMAL,4.48,LOW
neptune,ANOMALY,87.17,HIGH
neptune,ANOMALY,86.02,HIGH
normal,NORMAL,4.31,LOW
normal,NORMAL,0.58,LOW
mscan,ANOMALY,77.89,HIGH
normal,NORMAL,0.75,LOW
normal,NORMAL,6.41,LOW
neptune,ANOMALY,86.95,HIGH
normal,NORMAL,0.9,LOW
mscan,ANOMALY,63.92,MEDIUM
normal,NORMAL,19.06,LOW
neptune,ANOMALY,80.23,HIGH
normal,NORMAL,11.47,LOW
normal,NORMAL,47.19,MEDIUM
processtable,ANOMALY,65.39,MEDIUM
normal,ANOMALY,66.31,MEDIUM
satan,ANOMALY,94.05,HIGH
normal,NORMAL,2.69,LOW
back,NORMAL,16.23,LOW
neptune,ANOMALY,75.3,HIGH
normal,NORMAL,3.56,LOW
mscan,ANOMALY,56.86,MEDIUM
normal,NORMAL,0.86,LOW
normal,NORMAL,1.38,LOW
normal,NORMAL,0.94,LOW
satan,ANOMALY,62.76,MEDIUM
normal,NORMAL,50.09,MEDIUM
normal,NORMAL,1.43,LOW
mscan,ANOMALY,70.1,HIGH
neptune,ANOMALY,86.93,HIGH
neptune,ANOMALY,81.8,HIGH
normal,NORMAL,1.43,LOW
normal,NORMAL,18.24,LOW
normal,NORMAL,17.0,LOW
normal,NORMAL,5.51,LOW
normal,NORMAL,0.8,LOW
mscan,ANOMALY,76.96,HIGH
neptune,ANOMALY,80.74,HIGH
normal,NORMAL,25.35,LOW
mscan,ANOMALY,64.12,MEDIUM
normal,NORMAL,0.23,LOW
normal,NORMAL,3.05,LOW
neptune,ANOMALY,81.27,HIGH
snmpguess,NORMAL,26.31,LOW
normal,NORMAL,1.01,LOW
guess_passwd,NORMAL,11.73,LOW
normal,NORMAL,0.53,LOW
mscan,ANOMALY,81.12,HIGH
neptune,ANOMALY,81.17,HIGH
neptune,ANOMALY,80.98,HIGH
warezmaster,NORMAL,28.3,LOW
neptune,ANOMALY,79.92,HIGH
normal,NORMAL,18.18,LOW
warezmaster,NORMAL,33.49,MEDIUM
normal,NORMAL,2.26,LOW
normal,NORMAL,1.48,LOW
guess_passwd,NORMAL,10.53,LOW
neptune,ANOMALY,81.14,HIGH
neptune,ANOMALY,78.94,HIGH
neptune,ANOMALY,78.75,HIGH
normal,NORMAL,2.9,LOW
normal,ANOMALY,63.12,MEDIUM
normal,NORMAL,0.3,LOW
neptune,ANOMALY,86.97,HIGH
neptune,ANOMALY,80.07,HIGH
neptune,ANOMALY,82.2,HIGH
normal,NORMAL,50.27,MEDIUM
mscan,ANOMALY,62.74,MEDIUM
neptune,ANOMALY,75.97,HIGH
neptune,ANOMALY,80.49,HIGH
apache2,ANOMALY,66.07,MEDIUM
saint,ANOMALY,93.69,HIGH
normal,NORMAL,23.36,LOW
apache2,ANOMALY,67.12,MEDIUM
processtable,NORMAL,39.6,MEDIUM
guess_passwd,NORMAL,11.4,LOW
normal,NORMAL,1.63,LOW
warezmaster,NORMAL,34.76,MEDIUM
guess_passwd,NORMAL,10.54,LOW
neptune,ANOMALY,80.58,HIGH
normal,NORMAL,0.42,LOW
normal,NORMAL,19.97,LOW
mailbomb,NORMAL,12.99,LOW
neptune,ANOMALY,86.5,HIGH
normal,NORMAL,1.96,LOW
guess_passwd,NORMAL,10.29,LOW
normal,NORMAL,42.3,MEDIUM
neptune,ANOMALY,86.02,HIGH
processtable,ANOMALY,66.56,MEDIUM
neptune,ANOMALY,80.33,HIGH
normal,NORMAL,38.61,MEDIUM
neptune,ANOMALY,81.88,HIGH
mscan,ANOMALY,73.24,HIGH
neptune,ANOMALY,81.94,HIGH
processtable,NORMAL,39.41,MEDIUM
normal,NORMAL,0.27,LOW
neptune,ANOMALY,80.61,HIGH
neptune,ANOMALY,75.68,HIGH
mscan,ANOMALY,75.04,HIGH
satan,ANOMALY,63.04,MEDIUM
neptune,ANOMALY,75.28,HIGH
mscan,NORMAL,40.5,MEDIUM
mscan,ANOMALY,84.4,HIGH
normal,NORMAL,18.79,LOW
neptune,ANOMALY,76.52,HIGH
normal,NORMAL,15.88,LOW
portsweep,ANOMALY,73.75,HIGH
guess_passwd,NORMAL,10.01,LOW
neptune,ANOMALY,81.76,HIGH
neptune,ANOMALY,87.34,HIGH
neptune,ANOMALY,82.14,HIGH
guess_passwd,NORMAL,10.67,LOW
apache2,ANOMALY,72.99,HIGH
warezmaster,NORMAL,33.29,MEDIUM
normal,NORMAL,4.34,LOW
normal,NORMAL,2.31,LOW
warezmaster,NORMAL,29.48,LOW
neptune,ANOMALY,85.54,HIGH
normal,NORMAL,1.67,LOW
neptune,ANOMALY,85.49,HIGH
warezmaster,NORMAL,46.07,MEDIUM
normal,NORMAL,20.42,LOW
processtable,ANOMALY,56.68,MEDIUM
mscan,ANOMALY,82.01,HIGH
normal,NORMAL,1.01,LOW
normal,NORMAL,7.72,LOW
normal,NORMAL,0.33,LOW
ipsweep,ANOMALY,56.15,MEDIUM
normal,NORMAL,3.99,LOW
normal,NORMAL,22.66,LOW
satan,ANOMALY,94.03,HIGH
back,NORMAL,17.22,LOW
apache2,NORMAL,51.31,MEDIUM
normal,NORMAL,11.69,LOW
normal,NORMAL,0.55,LOW
apache2,ANOMALY,68.42,MEDIUM
normal,NORMAL,1.47,LOW
neptune,ANOMALY,80.68,HIGH
warezmaster,NORMAL,29.72,LOW
neptune,ANOMALY,86.55,HIGH
guess_passwd,NORMAL,9.98,LOW
normal,NORMAL,1.6,LOW
normal,NORMAL,5.59,LOW
neptune,ANOMALY,81.17,HIGH
normal,NORMAL,10.86,LOW
guess_passwd,NORMAL,20.67,LOW
neptune,ANOMALY,79.78,HIGH
satan,ANOMALY,67.61,MEDIUM
processtable,NORMAL,39.01,MEDIUM
normal,NORMAL,1.23,LOW
mailbomb,NORMAL,19.89,LOW
smurf,NORMAL,39.09,MEDIUM
neptune,ANOMALY,75.19,HIGH
neptune,ANOMALY,75.52,HIGH
neptune,ANOMALY,80.64,HIGH
normal,NORMAL,2.03,LOW
apache2,ANOMALY,64.12,MEDIUM
processtable,NORMAL,41.96,MEDIUM
normal,NORMAL,18.3,LOW
processtable,NORMAL,41.4,MEDIUM
normal,NORMAL,26.47,LOW
normal,NORMAL,0.64,LOW
normal,NORMAL,0.26,LOW
nmap,ANOMALY,82.21,HIGH
normal,NORMAL,0.36,LOW
xlock,NORMAL,36.21,MEDIUM
normal,NORMAL,1.51,LOW
mscan,ANOMALY,68.43,MEDIUM
neptune,ANOMALY,80.84,HIGH
normal,NORMAL,1.62,LOW
apache2,ANOMALY,73.7,HIGH
normal,NORMAL,21.63,LOW
mscan,ANOMALY,77.8,HIGH
normal,NORMAL,0.56,LOW
warezmaster,NORMAL,26.71,LOW
neptune,ANOMALY,85.55,HIGH
neptune,ANOMALY,80.32,HIGH
mailbomb,NORMAL,23.53,LOW
neptune,ANOMALY,75.61,HIGH
neptune,ANOMALY,79.5,HIGH
neptune,ANOMALY,74.89,HIGH
normal,NORMAL,5.64,LOW
back,NORMAL,17.95,LOW
satan,ANOMALY,62.6,MEDIUM
normal,NORMAL,18.66,LOW
normal,NORMAL,0.48,LOW
guess_passwd,NORMAL,10.42,LOW
back,NORMAL,19.9,LOW
smurf,NORMAL,35.13,MEDIUM
normal,NORMAL,1.55,LOW
normal,NORMAL,19.38,LOW
snmpguess,NORMAL,26.58,LOW
normal,NORMAL,24.31,LOW
apache2,ANOMALY,56.72,MEDIUM
normal,NORMAL,1.06,LOW
normal,NORMAL,26.5,LOW
mscan,ANOMALY,76.85,HIGH
normal,NORMAL,9.37,LOW
portsweep,ANOMALY,76.68,HIGH
neptune,ANOMALY,81.42,HIGH
normal,NORMAL,2.93,LOW
normal,NORMAL,11.6,LOW
warezmaster,NORMAL,28.3,LOW
satan,ANOMALY,92.76,HIGH
normal,NORMAL,1.52,LOW
apache2,ANOMALY,74.69,HIGH
processtable,NORMAL,46.67,MEDIUM
normal,NORMAL,0.4,LOW
normal,NORMAL,0.49,LOW
processtable,ANOMALY,75.94,HIGH
neptune,ANOMALY,87.02,HIGH
neptune,ANOMALY,75.39,HIGH
processtable,ANOMALY,52.17,MEDIUM
processtable,ANOMALY,53.11,MEDIUM
warezmaster,NORMAL,36.65,MEDIUM
warezmaster,NORMAL,34.68,MEDIUM
neptune,ANOMALY,80.08,HIGH
neptune,ANOMALY,81.12,HIGH
normal,NORMAL,28.69,LOW
neptune,ANOMALY,75.61,HIGH
neptune,ANOMALY,85.41,HIGH
apache2,ANOMALY,63.93,MEDIUM
normal,NORMAL,4.3,LOW
warezmaster,NORMAL,37.93,MEDIUM
normal,NORMAL,49.62,MEDIUM
normal,NORMAL,1.62,LOW
processtable,ANOMALY,75.81,HIGH
snmpguess,NORMAL,26.2,LOW
guess_passwd,NORMAL,18.68,LOW
normal,NORMAL,21.0,LOW
normal,NORMAL,2.79,LOW
snmpgetattack,NORMAL,26.91,LOW
snmpguess,NORMAL,26.66,LOW
normal,NORMAL,0.3,LOW
normal,NORMAL,20.23,LOW
normal,NORMAL,0.9,LOW
snmpguess,NORMAL,26.32,LOW
warezmaster,NORMAL,46.07,MEDIUM
normal,NORMAL,2.39,LOW
processtable,ANOMALY,52.77,MEDIUM
back,NORMAL,43.01,MEDIUM
apache2,ANOMALY,61.02,MEDIUM
normal,NORMAL,41.49,MEDIUM
normal,NORMAL,5.06,LOW
normal,NORMAL,2.54,LOW
normal,NORMAL,5.89,LOW
normal,NORMAL,29.14,LOW
processtable,NORMAL,39.6,MEDIUM
neptune,ANOMALY,80.62,HIGH
neptune,ANOMALY,81.7,HIGH
neptune,ANOMALY,76.16,HIGH
mscan,ANOMALY,67.99,MEDIUM
smurf,NORMAL,44.2,MEDIUM
neptune,ANOMALY,81.55,HIGH
neptune,ANOMALY,81.19,HIGH
mailbomb,NORMAL,18.52,LOW
saint,ANOMALY,51.83,MEDIUM
normal,NORMAL,18.86,LOW
normal,NORMAL,3.21,LOW
neptune,ANOMALY,79.68,HIGH
neptune,ANOMALY,87.24,HIGH
smurf,NORMAL,47.58,MEDIUM
normal,NORMAL,0.54,LOW
pod,ANOMALY,63.25,MEDIUM
normal,NORMAL,4.0,LOW
normal,NORMAL,0.36,LOW
normal,NORMAL,27.69,LOW
nmap,ANOMALY,82.01,HIGH
normal,NORMAL,0.94,LOW
neptune,ANOMALY,86.24,HIGH
neptune,ANOMALY,79.77,HIGH
normal,NORMAL,12.46,LOW
snmpgetattack,NORMAL,28.3,LOW
mailbomb,NORMAL,21.55,LOW
httptunnel,NORMAL,43.96,MEDIUM
satan,ANOMALY,93.53,HIGH
normal,NORMAL,2.12,LOW
normal,NORMAL,27.79,LOW
neptune,ANOMALY,85.84,HIGH
warezmaster,NORMAL,35.13,MEDIUM
normal,NORMAL,6.72,LOW
neptune,ANOMALY,85.14,HIGH
back,NORMAL,15.76,LOW
normal,NORMAL,0.56,LOW
neptune,ANOMALY,78.47,HIGH
normal,NORMAL,1.12,LOW
normal,NORMAL,50.56,MEDIUM
normal,NORMAL,38.31,MEDIUM
normal,NORMAL,3.56,LOW
normal,NORMAL,7.7,LOW
normal,NORMAL,26.47,LOW
normal,NORMAL,1.21,LOW
normal,NORMAL,0.55,LOW
neptune,ANOMALY,80.49,HIGH
neptune,ANOMALY,81.58,HIGH
neptune,ANOMALY,80.51,HIGH
processtable,NORMAL,45.89,MEDIUM
normal,NORMAL,9.48,LOW
satan,ANOMALY,93.52,HIGH
mscan,ANOMALY,60.33,MEDIUM
normal,NORMAL,1.46,LOW
snmpgetattack,NORMAL,26.91,LOW
warezmaster,NORMAL,32.02,MEDIUM
normal,NORMAL,0.26,LOW
normal,NORMAL,8.47,LOW
normal,NORMAL,19.01,LOW
smurf,NORMAL,46.87,MEDIUM
normal,NORMAL,11.21,LOW
rootkit,NORMAL,20.31,LOW
satan,ANOMALY,62.67,MEDIUM
normal,NORMAL,2.4,LOW
guess_passwd,NORMAL,15.3,LOW
guess_passwd,NORMAL,28.64,LOW
normal,NORMAL,3.99,LOW
guess_passwd,NORMAL,21.1,LOW
satan,ANOMALY,64.31,MEDIUM
normal,NORMAL,0.31,LOW
normal,NORMAL,2.63,LOW
normal,NORMAL,49.59,MEDIUM
warezmaster,NORMAL,38.73,MEDIUM
back,NORMAL,25.27,LOW
normal,NORMAL,32.05,MEDIUM
mscan,ANOMALY,76.56,HIGH
neptune,ANOMALY,76.13,HIGH
normal,NORMAL,1.35,LOW
normal,NORMAL,1.23,LOW
neptune,ANOMALY,75.45,HIGH
neptune,ANOMALY,86.9,HIGH
normal,NORMAL,4.49,LOW
guess_passwd,NORMAL,23.46,LOW
snmpguess,NORMAL,26.49,LOW
normal,NORMAL,4.9,LOW
normal,NORMAL,20.79,LOW
neptune,ANOMALY,80.38,HIGH
buffer_overflow,ANOMALY,73.43,HIGH
normal,NORMAL,25.19,LOW
smurf,NORMAL,44.15,MEDIUM
guess_passwd,NORMAL,11.41,LOW
snmpguess,NORMAL,26.32,LOW
neptune,ANOMALY,81.59,HIGH
smurf,ANOMALY,54.8,MEDIUM
mscan,ANOMALY,72.44,HIGH
neptune,ANOMALY,76.47,HIGH
neptune,ANOMALY,86.98,HIGH
normal,NORMAL,2.87,LOW
normal,NORMAL,2.86,LOW
guess_passwd,NORMAL,11.4,LOW
normal,NORMAL,2.22,LOW
neptune,ANOMALY,74.98,HIGH
snmpgetattack,NORMAL,45.32,MEDIUM
guess_passwd,NORMAL,20.89,LOW
neptune,ANOMALY,81.74,HIGH
normal,ANOMALY,59.11,MEDIUM
normal,NORMAL,40.73,MEDIUM
normal,NORMAL,3.42,LOW
mscan,ANOMALY,76.26,HIGH
neptune,ANOMALY,81.54,HIGH
normal,NORMAL,3.02,LOW
apache2,ANOMALY,66.41,MEDIUM
neptune,ANOMALY,78.99,HIGH
satan,ANOMALY,64.35,MEDIUM
normal,NORMAL,4.52,LOW
normal,NORMAL,3.75,LOW
satan,ANOMALY,62.65,MEDIUM
saint,NORMAL,49.87,MEDIUM
neptune,ANOMALY,86.95,HIGH
smurf,ANOMALY,52.82,MEDIUM
smurf,NORMAL,38.79,MEDIUM
processtable,NORMAL,50.14,MEDIUM
smurf,ANOMALY,54.28,MEDIUM
mscan,ANOMALY,74.86,HIGH
normal,NORMAL,10.15,LOW
normal,NORMAL,44.17,MEDIUM
warezmaster,NORMAL,30.39,MEDIUM
neptune,ANOMALY,81.02,HIGH
neptune,ANOMALY,85.54,HIGH
mscan,ANOMALY,79.44,HIGH
apache2,NORMAL,49.01,MEDIUM
normal,NORMAL,0.41,LOW
normal,NORMAL,1.32,LOW
guess_passwd,NORMAL,11.71,LOW
neptune,ANOMALY,78.8,HIGH
normal,NORMAL,49.72,MEDIUM
neptune,ANOMALY,80.13,HIGH
satan,ANOMALY,62.91,MEDIUM
neptune,ANOMALY,76.11,HIGH
normal,NORMAL,33.17,MEDIUM
normal,NORMAL,3.07,LOW
normal,NORMAL,2.37,LOW
neptune,ANOMALY,81.06,HIGH
normal,NORMAL,1.32,LOW
smurf,NORMAL,40.07,MEDIUM
normal,NORMAL,10.67,LOW
normal,NORMAL,0.48,LOW
back,NORMAL,17.19,LOW
normal,ANOMALY,54.86,MEDIUM
guess_passwd,NORMAL,13.93,LOW
normal,NORMAL,0.84,LOW
warezmaster,NORMAL,44.56,MEDIUM
guess_passwd,NORMAL,10.95,LOW
normal,NORMAL,0.47,LOW
saint,ANOMALY,53.42,MEDIUM
normal,NORMAL,0.48,LOW
neptune,ANOMALY,75.7,HIGH
processtable,ANOMALY,67.95,MEDIUM
normal,NORMAL,18.62,LOW
normal,NORMAL,3.21,LOW
ipsweep,ANOMALY,55.2,MEDIUM
smurf,NORMAL,46.65,MEDIUM
processtable,ANOMALY,55.5,MEDIUM
satan,ANOMALY,63.06,MEDIUM
normal,NORMAL,17.17,LOW
normal,NORMAL,12.97,LOW
normal,NORMAL,16.03,LOW
normal,NORMAL,26.57,LOW
apache2,ANOMALY,56.62,MEDIUM
satan,ANOMALY,59.43,MEDIUM
normal,NORMAL,22.62,LOW
neptune,ANOMALY,76.06,HIGH
normal,NORMAL,0.68,LOW
neptune,ANOMALY,75.28,HIGH
normal,NORMAL,22.95,LOW
apache2,ANOMALY,52.34,MEDIUM
normal,NORMAL,1.56,LOW
apache2,ANOMALY,60.94,MEDIUM
guess_passwd,NORMAL,12.45,LOW
normal,NORMAL,3.33,LOW
neptune,ANOMALY,81.24,HIGH
neptune,ANOMALY,82.27,HIGH
satan,ANOMALY,98.85,HIGH
smurf,ANOMALY,52.5,MEDIUM
mscan,ANOMALY,76.04,HIGH
neptune,ANOMALY,76.11,HIGH
mscan,ANOMALY,82.83,HIGH
warezmaster,NORMAL,37.9,MEDIUM
warezmaster,NORMAL,31.43,MEDIUM
neptune,ANOMALY,79.74,HIGH
neptune,ANOMALY,81.77,HIGH
portsweep,ANOMALY,73.91,HIGH
back,NORMAL,16.07,LOW
neptune,ANOMALY,79.83,HIGH
normal,NORMAL,3.32,LOW
guess_passwd,NORMAL,9.39,LOW
normal,NORMAL,1.24,LOW
smurf,NORMAL,40.74,MEDIUM
neptune,ANOMALY,88.55,HIGH
guess_passwd,NORMAL,14.44,LOW
normal,NORMAL,2.65,LOW
neptune,ANOMALY,80.48,HIGH
warezmaster,NORMAL,29.26,LOW
guess_passwd,NORMAL,11.11,LOW
satan,ANOMALY,94.37,HIGH
normal,NORMAL,0.42,LOW
processtable,NORMAL,46.62,MEDIUM
normal,NORMAL,21.14,LOW
satan,ANOMALY,98.47,HIGH
neptune,ANOMALY,76.66,HIGH
neptune,ANOMALY,86.2,HIGH
normal,NORMAL,0.44,LOW
guess_passwd,NORMAL,24.34,LOW
normal,NORMAL,10.09,LOW
neptune,ANOMALY,76.5,HIGH
neptune,ANOMALY,75.31,HIGH
neptune,ANOMALY,80.0,HIGH
guess_passwd,NORMAL,11.69,LOW
guess_passwd,NORMAL,21.62,LOW
warezmaster,NORMAL,29.44,LOW
normal,NORMAL,4.23,LOW
neptune,ANOMALY,81.59,HIGH
apache2,NORMAL,49.35,MEDIUM
normal,NORMAL,49.65,MEDIUM
normal,NORMAL,18.87,LOW
normal,NORMAL,44.32,MEDIUM
satan,ANOMALY,91.96,HIGH
normal,NORMAL,4.28,LOW
smurf,NORMAL,49.52,MEDIUM
normal,NORMAL,6.11,LOW
normal,NORMAL,3.87,LOW
neptune,ANOMALY,82.18,HIGH
neptune,ANOMALY,84.06,HIGH
guess_passwd,NORMAL,9.36,LOW
processtable,NORMAL,45.45,MEDIUM
normal,NORMAL,40.49,MEDIUM
normal,NORMAL,7.78,LOW
portsweep,ANOMALY,76.43,HIGH
neptune,ANOMALY,76.63,HIGH
warezmaster,NORMAL,29.43,LOW
normal,NORMAL,50.56,MEDIUM
neptune,ANOMALY,83.7,HIGH
mailbomb,NORMAL,32.1,MEDIUM
mscan,ANOMALY,77.54,HIGH
satan,ANOMALY,63.99,MEDIUM
normal,NORMAL,0.79,LOW
normal,NORMAL,3.05,LOW
neptune,ANOMALY,82.09,HIGH
neptune,ANOMALY,79.31,HIGH
mscan,ANOMALY,64.22,MEDIUM
warezmaster,NORMAL,39.17,MEDIUM
neptune,ANOMALY,80.22,HIGH
httptunnel,ANOMALY,61.31,MEDIUM
normal,NORMAL,10.61,LOW
portsweep,ANOMALY,80.39,HIGH
normal,NORMAL,3.13,LOW
warezmaster,NORMAL,27.5,LOW
neptune,ANOMALY,79.36,HIGH
guess_passwd,NORMAL,10.63,LOW
guess_passwd,NORMAL,12.74,LOW
neptune,ANOMALY,81.08,HIGH
smurf,NORMAL,35.27,MEDIUM
neptune,ANOMALY,84.87,HIGH
normal,NORMAL,1.35,LOW
satan,ANOMALY,91.44,HIGH
mailbomb,NORMAL,17.64,LOW
neptune,ANOMALY,82.34,HIGH
apache2,ANOMALY,66.25,MEDIUM
smurf,ANOMALY,52.19,MEDIUM
neptune,ANOMALY,82.46,HIGH
neptune,ANOMALY,77.15,HIGH
neptune,ANOMALY,80.67,HIGH
normal,NORMAL,28.29,LOW
neptune,ANOMALY,77.29,HIGH
neptune,ANOMALY,81.45,HIGH
normal,NORMAL,19.99,LOW
guess_passwd,NORMAL,11.99,LOW
normal,ANOMALY,60.12,MEDIUM
snmpgetattack,NORMAL,26.74,LOW
normal,NORMAL,26.8,LOW
guess_passwd,NORMAL,11.8,LOW
normal,NORMAL,36.36,MEDIUM
guess_passwd,NORMAL,10.53,LOW
satan,ANOMALY,62.58,MEDIUM
smurf,NORMAL,36.06,MEDIUM
neptune,ANOMALY,80.7,HIGH
normal,NORMAL,0.61,LOW
normal,NORMAL,12.34,LOW
processtable,NORMAL,51.1,MEDIUM
neptune,ANOMALY,80.61,HIGH
warezmaster,NORMAL,38.05,MEDIUM
warezmaster,NORMAL,36.21,MEDIUM
warezmaster,NORMAL,20.72,LOW
processtable,ANOMALY,66.99,MEDIUM
normal,NORMAL,1.63,LOW
normal,NORMAL,1.22,LOW
smurf,ANOMALY,60.96,MEDIUM
normal,NORMAL,4.9,LOW
satan,ANOMALY,95.33,HIGH
neptune,ANOMALY,87.55,HIGH
normal,NORMAL,6.1,LOW
normal,NORMAL,2.75,LOW
normal,ANOMALY,61.2,MEDIUM
saint,ANOMALY,90.71,HIGH
neptune,ANOMALY,81.82,HIGH
mscan,ANOMALY,61.78,MEDIUM
mscan,ANOMALY,67.68,MEDIUM
normal,NORMAL,1.91,LOW
multihop,NORMAL,30.97,MEDIUM
normal,NORMAL,1.7,LOW
neptune,ANOMALY,76.11,HIGH
normal,NORMAL,0.55,LOW
normal,NORMAL,23.26,LOW
smurf,NORMAL,36.07,MEDIUM
normal,NORMAL,10.35,LOW
normal,NORMAL,12.34,LOW
normal,NORMAL,31.55,MEDIUM
smurf,NORMAL,50.01,MEDIUM
apache2,ANOMALY,59.35,MEDIUM
normal,NORMAL,40.92,MEDIUM
neptune,ANOMALY,86.93,HIGH
warezmaster,NORMAL,43.32,MEDIUM
neptune,ANOMALY,86.13,HIGH
normal,NORMAL,0.53,LOW
normal,NORMAL,50.09,MEDIUM
httptunnel,ANOMALY,62.11,MEDIUM
satan,ANOMALY,93.83,HIGH
normal,NORMAL,3.15,LOW
warezmaster,NORMAL,28.28,LOW
warezmaster,NORMAL,33.36,MEDIUM
warezmaster,NORMAL,27.93,LOW
normal,NORMAL,19.48,LOW
normal,NORMAL,3.61,LOW
normal,NORMAL,1.61,LOW
warezmaster,NORMAL,28.46,LOW
neptune,ANOMALY,79.57,HIGH
apache2,NORMAL,48.44,MEDIUM
neptune,ANOMALY,82.36,HIGH
normal,NORMAL,0.44,LOW
normal,NORMAL,49.72,MEDIUM
normal,NORMAL,6.52,LOW
mscan,ANOMALY,59.6,MEDIUM
normal,NORMAL,2.57,LOW
normal,NORMAL,29.51,LOW
normal,NORMAL,2.26,LOW
neptune,ANOMALY,79.35,HIGH
normal,NORMAL,0.33,LOW
normal,NORMAL,0.25,LOW
normal,NORMAL,0.81,LOW
normal,NORMAL,2.86,LOW
normal,NORMAL,19.61,LOW
normal,NORMAL,21.4,LOW
normal,NORMAL,24.31,LOW
normal,NORMAL,2.1,LOW
neptune,ANOMALY,82.2,HIGH
normal,NORMAL,22.95,LOW
guess_passwd,NORMAL,21.42,LOW
warezmaster,NORMAL,27.87,LOW
normal,NORMAL,3.18,LOW
processtable,ANOMALY,75.78,HIGH
neptune,ANOMALY,82.23,HIGH
normal,NORMAL,49.33,MEDIUM
processtable,NORMAL,42.08,MEDIUM
neptune,ANOMALY,80.19,HIGH
neptune,ANOMALY,76.7,HIGH
normal,NORMAL,33.29,MEDIUM
neptune,ANOMALY,82.11,HIGH
normal,NORMAL,1.26,LOW
neptune,ANOMALY,82.11,HIGH
warezmaster,NORMAL,37.36,MEDIUM
guess_passwd,NORMAL,23.71,LOW
normal,NORMAL,1.28,LOW
neptune,ANOMALY,80.19,HIGH
guess_passwd,NORMAL,10.68,LOW
back,NORMAL,15.93,LOW
neptune,ANOMALY,86.8,HIGH
satan,ANOMALY,95.28,HIGH
normal,NORMAL,0.62,LOW
warezmaster,NORMAL,27.9,LOW
neptune,ANOMALY,86.06,HIGH
neptune,ANOMALY,76.82,HIGH
guess_passwd,NORMAL,16.38,LOW
neptune,ANOMALY,75.7,HIGH
mailbomb,NORMAL,14.85,LOW
neptune,ANOMALY,81.93,HIGH
normal,NORMAL,4.98,LOW
warezmaster,NORMAL,17.35,LOW
neptune,ANOMALY,75.43,HIGH
normal,NORMAL,0.52,LOW
normal,NORMAL,12.14,LOW
neptune,ANOMALY,80.74,HIGH
mscan,ANOMALY,74.59,HIGH
normal,NORMAL,10.43,LOW
portsweep,ANOMALY,75.29,HIGH
normal,NORMAL,1.21,LOW
apache2,ANOMALY,77.08,HIGH
neptune,ANOMALY,78.61,HIGH
back,NORMAL,17.26,LOW
normal,NORMAL,0.68,LOW
smurf,ANOMALY,55.71,MEDIUM
apache2,ANOMALY,72.07,HIGH
neptune,ANOMALY,80.69,HIGH
normal,NORMAL,1.92,LOW
apache2,ANOMALY,59.0,MEDIUM
back,NORMAL,40.23,MEDIUM
normal,NORMAL,1.55,LOW
apache2,ANOMALY,63.93,MEDIUM
normal,NORMAL,0.6,LOW
neptune,ANOMALY,87.25,HIGH
smurf,NORMAL,40.13,MEDIUM
normal,NORMAL,1.7,LOW
apache2,ANOMALY,65.95,MEDIUM
neptune,ANOMALY,82.15,HIGH
guess_passwd,NORMAL,20.3,LOW
normal,NORMAL,0.21,LOW
ipsweep,ANOMALY,56.96,MEDIUM
normal,NORMAL,22.78,LOW
normal,NORMAL,16.82,LOW
neptune,ANOMALY,82.22,HIGH
normal,ANOMALY,70.9,HIGH
normal,NORMAL,22.29,LOW
neptune,ANOMALY,79.57,HIGH
guess_passwd,NORMAL,24.29,LOW
back,NORMAL,15.38,LOW
mailbomb,NORMAL,14.66,LOW
processtable,ANOMALY,66.05,MEDIUM
warezmaster,NORMAL,37.09,MEDIUM
mscan,ANOMALY,80.08,HIGH
neptune,ANOMALY,85.39,HIGH
neptune,ANOMALY,81.38,HIGH
apache2,ANOMALY,57.35,MEDIUM
normal,NORMAL,50.48,MEDIUM
warezmaster,NORMAL,37.42,MEDIUM
processtable,ANOMALY,75.67,HIGH
apache2,ANOMALY,56.22,MEDIUM
normal,NORMAL,0.95,LOW
smurf,NORMAL,36.77,MEDIUM
normal,NORMAL,10.65,LOW
guess_passwd,NORMAL,19.68,LOW
neptune,ANOMALY,82.2,HIGH
neptune,ANOMALY,80.39,HIGH
neptune,ANOMALY,88.68,HIGH
normal,NORMAL,2.67,LOW
snmpguess,NORMAL,26.63,LOW
neptune,ANOMALY,81.79,HIGH
neptune,ANOMALY,77.06,HIGH
smurf,NORMAL,44.41,MEDIUM
normal,NORMAL,0.69,LOW
normal,NORMAL,49.62,MEDIUM
satan,ANOMALY,91.85,HIGH
normal,NORMAL,19.26,LOW
neptune,ANOMALY,81.27,HIGH
normal,NORMAL,27.48,LOW
normal,NORMAL,6.61,LOW
neptune,ANOMALY,80.95,HIGH
neptune,ANOMALY,80.01,HIGH
sendmail,NORMAL,29.93,LOW
neptune,ANOMALY,81.44,HIGH
neptune,ANOMALY,79.77,HIGH
normal,NORMAL,0.37,LOW
neptune,ANOMALY,75.05,HIGH
normal,NORMAL,27.69,LOW
mailbomb,NORMAL,12.38,LOW
guess_passwd,NORMAL,12.45,LOW
normal,NORMAL,22.92,LOW
warezmaster,NORMAL,28.27,LOW
normal,NORMAL,9.74,LOW
normal,NORMAL,35.94,MEDIUM
satan,ANOMALY,93.12,HIGH
neptune,ANOMALY,75.76,HIGH
normal,NORMAL,4.85,LOW
normal,NORMAL,4.14,LOW
guess_passwd,NORMAL,28.77,LOW
normal,NORMAL,4.17,LOW
warezmaster,NORMAL,33.49,MEDIUM
normal,NORMAL,18.95,LOW
normal,NORMAL,12.74,LOW
mscan,ANOMALY,80.35,HIGH
neptune,ANOMALY,83.94,HIGH
neptune,ANOMALY,74.53,HIGH
guess_passwd,NORMAL,27.7,LOW
normal,NORMAL,0.61,LOW
mailbomb,NORMAL,28.94,LOW
neptune,ANOMALY,79.51,HIGH
normal,NORMAL,18.99,LOW
normal,NORMAL,10.1,LOW
apache2,ANOMALY,73.14,HIGH
normal,NORMAL,0.55,LOW
normal,NORMAL,21.35,LOW
normal,NORMAL,4.27,LOW
normal,NORMAL,0.44,LOW
neptune,ANOMALY,79.72,HIGH
normal,NORMAL,31.83,MEDIUM
normal,NORMAL,1.46,LOW
normal,NORMAL,2.02,LOW
smurf,NORMAL,51.63,MEDIUM
normal,NORMAL,8.53,LOW
normal,NORMAL,2.41,LOW
apache2,ANOMALY,55.24,MEDIUM
processtable,ANOMALY,66.42,MEDIUM
portsweep,ANOMALY,80.52,HIGH
satan,ANOMALY,62.38,MEDIUM
httptunnel,ANOMALY,63.04,MEDIUM
processtable,NORMAL,37.88,MEDIUM
normal,NORMAL,6.48,LOW
apache2,NORMAL,46.19,MEDIUM
normal,NORMAL,4.29,LOW
normal,NORMAL,1.96,LOW
normal,NORMAL,1.58,LOW
normal,NORMAL,50.27,MEDIUM
guess_passwd,NORMAL,20.66,LOW
warezmaster,NORMAL,28.24,LOW
guess_passwd,NORMAL,10.36,LOW
mscan,ANOMALY,77.98,HIGH
normal,NORMAL,3.78,LOW
processtable,NORMAL,45.96,MEDIUM
normal,NORMAL,2.39,LOW
httptunnel,ANOMALY,60.09,MEDIUM
neptune,ANOMALY,82.13,HIGH
normal,NORMAL,10.91,LOW
warezmaster,NORMAL,25.01,LOW
processtable,NORMAL,39.6,MEDIUM
ftp_write,NORMAL,44.99,MEDIUM
normal,NORMAL,0.8,LOW
neptune,ANOMALY,82.31,HIGH
normal,NORMAL,4.64,LOW
snmpgetattack,NORMAL,40.3,MEDIUM
normal,NORMAL,0.95,LOW
neptune,ANOMALY,86.14,HIGH
warezmaster,ANOMALY,52.53,MEDIUM
back,NORMAL,14.52,LOW
guess_passwd,NORMAL,10.07,LOW
normal,NORMAL,6.77,LOW
mscan,ANOMALY,67.45,MEDIUM
normal,NORMAL,5.32,LOW
guess_passwd,NORMAL,10.77,LOW
snmpgetattack,NORMAL,26.63,LOW
neptune,ANOMALY,76.45,HIGH
normal,NORMAL,1.35,LOW
normal,NORMAL,4.23,LOW
normal,NORMAL,14.09,LOW
normal,NORMAL,7.55,LOW
ipsweep,NORMAL,51.72,MEDIUM
normal,NORMAL,29.95,LOW
normal,NORMAL,10.43,LOW
normal,NORMAL,1.09,LOW
apache2,ANOMALY,55.45,MEDIUM
neptune,ANOMALY,80.41,HIGH
pod,NORMAL,50.19,MEDIUM
neptune,ANOMALY,87.38,HIGH
normal,NORMAL,1.99,LOW
normal,NORMAL,16.18,LOW
normal,NORMAL,1.48,LOW
mscan,ANOMALY,67.19,MEDIUM
guess_passwd,NORMAL,10.67,LOW
normal,NORMAL,5.68,LOW
normal,NORMAL,1.52,LOW
normal,NORMAL,12.09,LOW
normal,NORMAL,20.2,LOW
smurf,NORMAL,51.32,MEDIUM
normal,NORMAL,1.12,LOW
satan,ANOMALY,67.6,MEDIUM
guess_passwd,NORMAL,23.06,LOW
normal,NORMAL,1.18,LOW
mscan,ANOMALY,70.83,HIGH
neptune,ANOMALY,79.92,HIGH
neptune,ANOMALY,75.37,HIGH
smurf,NORMAL,36.42,MEDIUM
neptune,ANOMALY,75.53,HIGH
guess_passwd,NORMAL,24.12,LOW
normal,NORMAL,0.54,LOW
normal,NORMAL,2.15,LOW
normal,NORMAL,6.84,LOW
neptune,ANOMALY,74.12,HIGH
httptunnel,ANOMALY,59.94,MEDIUM
mscan,ANOMALY,76.04,HIGH
portsweep,ANOMALY,80.88,HIGH
apache2,ANOMALY,51.88,MEDIUM
apache2,ANOMALY,65.9,MEDIUM
satan,ANOMALY,61.78,MEDIUM
normal,ANOMALY,72.03,HIGH
guess_passwd,NORMAL,14.86,LOW
apache2,ANOMALY,76.47,HIGH
normal,NORMAL,3.28,LOW
mscan,ANOMALY,67.24,MEDIUM
saint,ANOMALY,52.14,MEDIUM
neptune,ANOMALY,85.7,HIGH
saint,ANOMALY,94.36,HIGH
saint,ANOMALY,93.72,HIGH
mailbomb,NORMAL,27.06,LOW
normal,NORMAL,0.43,LOW
neptune,ANOMALY,87.24,HIGH
normal,NORMAL,3.68,LOW
snmpguess,NORMAL,26.27,LOW
normal,NORMAL,3.03,LOW
processtable,ANOMALY,76.43,HIGH
normal,NORMAL,32.92,MEDIUM
mailbomb,NORMAL,17.75,LOW
normal,NORMAL,2.03,LOW
neptune,ANOMALY,79.95,HIGH
saint,ANOMALY,53.06,MEDIUM
guess_passwd,NORMAL,10.46,LOW
normal,NORMAL,49.17,MEDIUM
guess_passwd,NORMAL,10.08,LOW
normal,NORMAL,16.02,LOW
back,NORMAL,31.3,MEDIUM
normal,NORMAL,49.72,MEDIUM
normal,NORMAL,18.7,LOW
normal,NORMAL,1.05,LOW
normal,NORMAL,50.46,MEDIUM
normal,NORMAL,1.15,LOW
processtable,NORMAL,46.32,MEDIUM
normal,NORMAL,1.14,LOW
normal,NORMAL,6.65,LOW
teardrop,NORMAL,38.53,MEDIUM
neptune,ANOMALY,82.09,HIGH
normal,NORMAL,7.55,LOW
normal,NORMAL,39.91,MEDIUM
neptune,ANOMALY,82.36,HIGH
normal,NORMAL,22.19,LOW
smurf,ANOMALY,52.19,MEDIUM
guess_passwd,NORMAL,10.78,LOW
normal,NORMAL,2.68,LOW
normal,NORMAL,1.94,LOW
normal,NORMAL,3.18,LOW
normal,NORMAL,39.88,MEDIUM
normal,NORMAL,3.97,LOW
neptune,ANOMALY,75.56,HIGH
neptune,ANOMALY,81.82,HIGH
apache2,ANOMALY,61.6,MEDIUM
smurf,ANOMALY,62.37,MEDIUM
neptune,ANOMALY,76.76,HIGH
neptune,ANOMALY,83.42,HIGH
neptune,ANOMALY,87.16,HIGH
normal,NORMAL,5.11,LOW
normal,NORMAL,5.73,LOW
neptune,ANOMALY,79.92,HIGH
processtable,NORMAL,44.96,MEDIUM
normal,NORMAL,49.71,MEDIUM
mscan,ANOMALY,75.11,HIGH
normal,NORMAL,1.91,LOW
normal,NORMAL,2.0,LOW
back,NORMAL,44.11,MEDIUM
apache2,ANOMALY,76.43,HIGH
satan,ANOMALY,93.28,HIGH
normal,NORMAL,2.21,LOW
apache2,ANOMALY,61.64,MEDIUM
satan,ANOMALY,68.49,MEDIUM
guess_passwd,NORMAL,10.53,LOW
normal,NORMAL,49.72,MEDIUM
normal,NORMAL,9.3,LOW
normal,NORMAL,2.67,LOW
neptune,ANOMALY,76.11,HIGH
guess_passwd,NORMAL,10.22,LOW
apache2,ANOMALY,64.56,MEDIUM
ipsweep,ANOMALY,56.3,MEDIUM
neptune,ANOMALY,74.59,HIGH
neptune,ANOMALY,75.73,HIGH
normal,NORMAL,2.46,LOW
back,NORMAL,15.98,LOW
normal,NORMAL,0.56,LOW
processtable,ANOMALY,67.16,MEDIUM
normal,NORMAL,2.34,LOW
mscan,ANOMALY,66.15,MEDIUM
neptune,ANOMALY,86.94,HIGH
neptune,ANOMALY,75.65,HIGH
normal,ANOMALY,77.11,HIGH
normal,NORMAL,6.3,LOW
snmpgetattack,NORMAL,26.9,LOW
normal,NORMAL,2.02,LOW
neptune,ANOMALY,75.21,HIGH
normal,NORMAL,1.26,LOW
satan,ANOMALY,98.16,HIGH
ipsweep,ANOMALY,57.41,MEDIUM
mscan,ANOMALY,72.02,HIGH
saint,ANOMALY,55.54,MEDIUM
normal,NORMAL,1.21,LOW
neptune,ANOMALY,75.95,HIGH
normal,NORMAL,8.87,LOW
guess_passwd,NORMAL,15.1,LOW
normal,NORMAL,2.49,LOW
guess_passwd,NORMAL,9.23,LOW
snmpguess,NORMAL,26.43,LOW
neptune,ANOMALY,81.68,HIGH
neptune,ANOMALY,77.73,HIGH
saint,ANOMALY,94.36,HIGH
guess_passwd,NORMAL,18.84,LOW
normal,NORMAL,2.02,LOW
processtable,ANOMALY,54.29,MEDIUM
warezmaster,ANOMALY,52.53,MEDIUM
saint,ANOMALY,52.73,MEDIUM
normal,NORMAL,2.25,LOW
neptune,ANOMALY,80.52,HIGH
normal,NORMAL,1.96,LOW
neptune,ANOMALY,81.77,HIGH
mscan,ANOMALY,65.15,MEDIUM
neptune,ANOMALY,80.3,HIGH
guess_passwd,NORMAL,15.22,LOW
normal,NORMAL,49.69,MEDIUM
normal,NORMAL,1.12,LOW
normal,NORMAL,2.15,LOW
neptune,ANOMALY,82.9,HIGH
normal,NORMAL,1.44,LOW
warezmaster,NORMAL,34.31,MEDIUM
normal,NORMAL,38.57,MEDIUM
satan,ANOMALY,64.47,MEDIUM
normal,NORMAL,2.25,LOW
processtable,NORMAL,38.14,MEDIUM
normal,NORMAL,2.02,LOW
processtable,ANOMALY,75.67,HIGH
processtable,ANOMALY,75.67,HIGH
neptune,ANOMALY,80.77,HIGH
satan,ANOMALY,94.0,HIGH
back,NORMAL,14.33,LOW
normal,NORMAL,0.53,LOW
neptune,ANOMALY,81.47,HIGH
normal,NORMAL,36.99,MEDIUM
guess_passwd,NORMAL,12.28,LOW
apache2,ANOMALY,75.97,HIGH
normal,NORMAL,3.49,LOW
normal,NORMAL,0.23,LOW
neptune,ANOMALY,79.97,HIGH
normal,NORMAL,0.47,LOW
neptune,ANOMALY,86.66,HIGH
normal,NORMAL,50.26,MEDIUM
neptune,ANOMALY,79.93,HIGH
normal,NORMAL,0.32,LOW
normal,NORMAL,0.68,LOW
normal,NORMAL,9.93,LOW
normal,NORMAL,29.69,LOW
neptune,ANOMALY,81.95,HIGH
mscan,ANOMALY,77.41,HIGH
processtable,ANOMALY,76.47,HIGH
normal,NORMAL,4.02,LOW
normal,NORMAL,16.9,LOW
neptune,ANOMALY,80.77,HIGH
mailbomb,NORMAL,14.43,LOW
saint,ANOMALY,53.43,MEDIUM
neptune,ANOMALY,82.25,HIGH
normal,NORMAL,20.33,LOW
normal,NORMAL,0.44,LOW
normal,NORMAL,3.69,LOW
back,NORMAL,15.63,LOW
normal,NORMAL,3.96,LOW
snmpgetattack,NORMAL,26.97,LOW
nmap,ANOMALY,81.68,HIGH
normal,NORMAL,0.44,LOW
normal,NORMAL,9.71,LOW
back,NORMAL,13.92,LOW
mscan,ANOMALY,81.24,HIGH
normal,NORMAL,2.0,LOW
neptune,ANOMALY,80.33,HIGH
processtable,NORMAL,38.19,MEDIUM
normal,NORMAL,1.13,LOW
smurf,NORMAL,40.39,MEDIUM
neptune,ANOMALY,82.0,HIGH
normal,NORMAL,0.92,LOW
normal,NORMAL,50.07,MEDIUM
normal,NORMAL,3.18,LOW
normal,NORMAL,17.44,LOW
neptune,ANOMALY,82.04,HIGH
guess_passwd,NORMAL,9.92,LOW
normal,NORMAL,3.77,LOW
normal,NORMAL,3.49,LOW
normal,NORMAL,49.8,MEDIUM
neptune,ANOMALY,81.71,HIGH
neptune,ANOMALY,75.41,HIGH
normal,NORMAL,1.67,LOW
mscan,NORMAL,41.08,MEDIUM
warezmaster,NORMAL,42.02,MEDIUM
normal,NORMAL,27.17,LOW
saint,ANOMALY,93.8,HIGH
neptune,ANOMALY,82.04,HIGH
normal,NORMAL,1.52,LOW
apache2,ANOMALY,58.87,MEDIUM
normal,NORMAL,6.63,LOW
warezmaster,NORMAL,29.47,LOW
neptune,ANOMALY,81.8,HIGH
processtable,ANOMALY,81.84,HIGH
normal,NORMAL,3.29,LOW
guess_passwd,NORMAL,27.86,LOW
guess_passwd,NORMAL,20.38,LOW
warezmaster,ANOMALY,52.53,MEDIUM
neptune,ANOMALY,82.25,HIGH
normal,NORMAL,16.23,LOW
normal,NORMAL,11.18,LOW
normal,NORMAL,50.48,MEDIUM
normal,NORMAL,17.45,LOW
normal,NORMAL,0.49,LOW
mscan,ANOMALY,77.69,HIGH
normal,NORMAL,2.39,LOW
normal,NORMAL,50.48,MEDIUM
normal,NORMAL,0.54,LOW
back,NORMAL,14.8,LOW
normal,NORMAL,0.67,LOW
neptune,ANOMALY,81.77,HIGH
apache2,ANOMALY,69.02,MEDIUM
normal,NORMAL,26.42,LOW
neptune,ANOMALY,79.61,HIGH
warezmaster,NORMAL,26.32,LOW
normal,NORMAL,1.17,LOW
normal,NORMAL,1.39,LOW
back,NORMAL,42.04,MEDIUM
mailbomb,NORMAL,31.11,MEDIUM
neptune,ANOMALY,81.37,HIGH
neptune,ANOMALY,78.64,HIGH
normal,ANOMALY,56.52,MEDIUM
normal,NORMAL,0.57,LOW
mscan,ANOMALY,81.59,HIGH
normal,NORMAL,1.44,LOW
processtable,NORMAL,51.02,MEDIUM
satan,ANOMALY,66.82,MEDIUM
guess_passwd,NORMAL,15.26,LOW
smurf,NORMAL,50.14,MEDIUM
normal,NORMAL,4.57,LOW
normal,NORMAL,20.02,LOW
normal,NORMAL,34.57,MEDIUM
normal,NORMAL,17.92,LOW
normal,NORMAL,20.91,LOW
normal,NORMAL,0.67,LOW
neptune,ANOMALY,81.93,HIGH
normal,NORMAL,9.68,LOW
mscan,ANOMALY,63.31,MEDIUM
portsweep,ANOMALY,76.49,HIGH
normal,NORMAL,4.3,LOW
neptune,ANOMALY,82.23,HIGH
apache2,ANOMALY,76.26,HIGH
warezmaster,NORMAL,30.35,MEDIUM
apache2,ANOMALY,76.08,HIGH
normal,NORMAL,46.29,MEDIUM
normal,NORMAL,3.44,LOW
normal,NORMAL,4.52,LOW
guess_passwd,NORMAL,10.23,LOW
normal,NORMAL,25.02,LOW
smurf,ANOMALY,52.42,MEDIUM
normal,NORMAL,9.14,LOW
neptune,ANOMALY,80.7,HIGH
mscan,NORMAL,49.12,MEDIUM
mailbomb,NORMAL,34.3,MEDIUM
neptune,ANOMALY,77.32,HIGH
normal,NORMAL,15.15,LOW
normal,NORMAL,1.99,LOW
processtable,NORMAL,50.53,MEDIUM
normal,NORMAL,4.63,LOW
normal,NORMAL,10.12,LOW
neptune,ANOMALY,76.2,HIGH
normal,NORMAL,0.8,LOW
satan,ANOMALY,94.38,HIGH
smurf,ANOMALY,52.82,MEDIUM
normal,NORMAL,15.06,LOW
apache2,NORMAL,49.25,MEDIUM
neptune,ANOMALY,80.55,HIGH
normal,NORMAL,2.12,LOW
neptune,ANOMALY,82.06,HIGH
nmap,ANOMALY,82.31,HIGH
satan,ANOMALY,91.85,HIGH
saint,ANOMALY,94.18,HIGH
normal,NORMAL,1.95,LOW
back,NORMAL,15.94,LOW
normal,NORMAL,1.31,LOW
warezmaster,NORMAL,35.67,MEDIUM
apache2,ANOMALY,57.19,MEDIUM
normal,NORMAL,2.73,LOW
normal,NORMAL,1.91,LOW
normal,NORMAL,4.16,LOW
neptune,ANOMALY,79.13,HIGH
normal,NORMAL,0.36,LOW
neptune,ANOMALY,80.52,HIGH
satan,ANOMALY,63.37,MEDIUM
saint,ANOMALY,55.07,MEDIUM
normal,NORMAL,0.35,LOW
normal,NORMAL,0.4,LOW
neptune,ANOMALY,81.77,HIGH
normal,NORMAL,4.73,LOW
neptune,ANOMALY,81.49,HIGH
normal,NORMAL,0.6,LOW
normal,NORMAL,17.39,LOW
mscan,ANOMALY,66.38,MEDIUM
smurf,NORMAL,39.46,MEDIUM
neptune,ANOMALY,79.84,HIGH
normal,NORMAL,29.69,LOW
normal,NORMAL,2.17,LOW
neptune,ANOMALY,81.08,HIGH
normal,NORMAL,3.09,LOW
normal,ANOMALY,70.99,HIGH
normal,NORMAL,39.47,MEDIUM
smurf,NORMAL,46.21,MEDIUM
apache2,ANOMALY,64.81,MEDIUM
portsweep,ANOMALY,71.55,HIGH
normal,NORMAL,0.63,LOW
snmpgetattack,NORMAL,31.12,MEDIUM
normal,NORMAL,4.98,LOW
guess_passwd,NORMAL,19.64,LOW
neptune,ANOMALY,75.19,HIGH
neptune,ANOMALY,81.66,HIGH
satan,ANOMALY,94.42,HIGH
warezmaster,NORMAL,37.38,MEDIUM
normal,NORMAL,2.45,LOW
apache2,ANOMALY,56.63,MEDIUM
neptune,ANOMALY,81.86,HIGH
normal,NORMAL,1.69,LOW
guess_passwd,NORMAL,21.13,LOW
normal,NORMAL,20.44,LOW
back,NORMAL,14.71,LOW
normal,NORMAL,6.71,LOW
normal,NORMAL,1.65,LOW
normal,NORMAL,1.97,LOW
normal,NORMAL,0.34,LOW
satan,ANOMALY,65.25,MEDIUM
normal,NORMAL,2.95,LOW
normal,NORMAL,22.71,LOW
processtable,ANOMALY,67.03,MEDIUM
httptunnel,ANOMALY,62.73,MEDIUM
neptune,ANOMALY,81.11,HIGH
warezmaster,NORMAL,24.28,LOW
normal,NORMAL,6.79,LOW
normal,NORMAL,2.21,LOW
normal,NORMAL,18.3,LOW
apache2,ANOMALY,57.86,MEDIUM
normal,NORMAL,2.28,LOW
satan,ANOMALY,93.83,HIGH
normal,NORMAL,2.18,LOW
smurf,NORMAL,41.31,MEDIUM
normal,NORMAL,3.68,LOW
smurf,ANOMALY,53.67,MEDIUM
neptune,ANOMALY,80.55,HIGH
guess_passwd,NORMAL,11.63,LOW
neptune,ANOMALY,88.67,HIGH
normal,NORMAL,3.37,LOW
neptune,ANOMALY,82.46,HIGH
satan,ANOMALY,66.33,MEDIUM
guess_passwd,NORMAL,22.41,LOW
neptune,ANOMALY,74.98,HIGH
normal,NORMAL,9.24,LOW
normal,NORMAL,2.67,LOW
sendmail,NORMAL,41.65,MEDIUM
back,NORMAL,28.98,LOW
neptune,ANOMALY,79.95,HIGH
neptune,ANOMALY,87.07,HIGH
neptune,ANOMALY,75.53,HIGH
normal,NORMAL,14.06,LOW
satan,ANOMALY,65.73,MEDIUM
normal,NORMAL,1.68,LOW
guess_passwd,NORMAL,19.76,LOW
warezmaster,NORMAL,37.73,MEDIUM
warezmaster,NORMAL,32.1,MEDIUM
neptune,ANOMALY,82.16,HIGH
mscan,ANOMALY,82.23,HIGH
back,NORMAL,15.53,LOW
mscan,ANOMALY,70.56,HIGH
normal,NORMAL,5.97,LOW
normal,NORMAL,5.93,LOW
satan,ANOMALY,68.65,MEDIUM
normal,NORMAL,7.74,LOW
ps,NORMAL,30.96,MEDIUM
apache2,ANOMALY,57.35,MEDIUM
normal,NORMAL,17.69,LOW
neptune,ANOMALY,75.69,HIGH
normal,NORMAL,20.72,LOW
snmpguess,NORMAL,40.18,MEDIUM
normal,NORMAL,0.96,LOW
saint,ANOMALY,53.2,MEDIUM
normal,NORMAL,14.52,LOW
mscan,ANOMALY,72.08,HIGH
guess_passwd,NORMAL,10.67,LOW
normal,NORMAL,17.79,LOW
neptune,ANOMALY,83.02,HIGH
neptune,ANOMALY,81.93,HIGH
neptune,ANOMALY,75.97,HIGH
smurf,NORMAL,38.87,MEDIUM
normal,NORMAL,1.96,LOW
normal,NORMAL,6.12,LOW
normal,NORMAL,39.51,MEDIUM
normal,NORMAL,1.09,LOW
normal,NORMAL,1.57,LOW
normal,NORMAL,2.12,LOW
normal,NORMAL,18.13,LOW
satan,ANOMALY,99.69,HIGH
mscan,ANOMALY,58.1,MEDIUM
normal,NORMAL,0.28,LOW
normal,NORMAL,3.57,LOW
normal,NORMAL,25.63,LOW
normal,NORMAL,2.31,LOW
normal,NORMAL,2.34,LOW
neptune,ANOMALY,82.39,HIGH
neptune,ANOMALY,86.92,HIGH
portsweep,ANOMALY,75.95,HIGH
guess_passwd,NORMAL,22.21,LOW
processtable,ANOMALY,52.77,MEDIUM
neptune,ANOMALY,82.6,HIGH
normal,NORMAL,3.46,LOW
neptune,ANOMALY,81.18,HIGH
normal,NORMAL,1.39,LOW
normal,NORMAL,0.21,LOW
portsweep,ANOMALY,74.44,HIGH
neptune,ANOMALY,79.58,HIGH
guess_passwd,NORMAL,9.95,LOW
normal,NORMAL,26.28,LOW
neptune,ANOMALY,79.92,HIGH
snmpguess,NORMAL,26.79,LOW
normal,NORMAL,18.8,LOW
normal,NORMAL,32.81,MEDIUM
neptune,ANOMALY,80.49,HIGH
warezmaster,NORMAL,32.13,MEDIUM
mailbomb,NORMAL,33.54,MEDIUM
normal,NORMAL,1.16,LOW
apache2,ANOMALY,58.77,MEDIUM
normal,NORMAL,2.81,LOW
satan,ANOMALY,67.73,MEDIUM
processtable,NORMAL,50.06,MEDIUM
normal,NORMAL,27.78,LOW
warezmaster,NORMAL,23.2,LOW
normal,NORMAL,2.0,LOW
normal,NORMAL,31.58,MEDIUM
normal,NORMAL,1.81,LOW
mailbomb,NORMAL,30.32,MEDIUM
mailbomb,NORMAL,19.97,LOW
warezmaster,NORMAL,25.47,LOW
neptune,ANOMALY,75.78,HIGH
normal,NORMAL,0.79,LOW
mscan,NORMAL,43.88,MEDIUM
neptune,ANOMALY,87.16,HIGH
normal,NORMAL,1.31,LOW
warezmaster,NORMAL,22.77,LOW
normal,NORMAL,0.6,LOW
normal,NORMAL,2.61,LOW
guess_passwd,NORMAL,10.65,LOW
guess_passwd,NORMAL,10.99,LOW
back,NORMAL,13.94,LOW
neptune,ANOMALY,79.92,HIGH
neptune,ANOMALY,82.11,HIGH
neptune,ANOMALY,78.91,HIGH
warezmaster,NORMAL,33.42,MEDIUM
normal,NORMAL,18.03,LOW
ipsweep,NORMAL,51.23,MEDIUM
guess_passwd,NORMAL,21.73,LOW
smurf,ANOMALY,52.96,MEDIUM
smurf,NORMAL,40.51,MEDIUM
processtable,NORMAL,40.07,MEDIUM
normal,NORMAL,8.58,LOW
processtable,ANOMALY,60.27,MEDIUM
neptune,ANOMALY,73.35,HIGH
normal,NORMAL,16.64,LOW
back,NORMAL,27.54,LOW
smurf,NORMAL,50.11,MEDIUM
neptune,ANOMALY,75.77,HIGH
back,NORMAL,23.17,LOW
neptune,ANOMALY,86.32,HIGH
neptune,ANOMALY,86.9,HIGH
normal,NORMAL,45.07,MEDIUM
mailbomb,NORMAL,39.24,MEDIUM
normal,NORMAL,3.07,LOW
neptune,ANOMALY,85.47,HIGH
normal,NORMAL,2.37,LOW
normal,NORMAL,3.44,LOW
normal,NORMAL,0.21,LOW
warezmaster,NORMAL,28.91,LOW
neptune,ANOMALY,80.7,HIGH
normal,NORMAL,11.38,LOW
multihop,NORMAL,39.37,MEDIUM
neptune,ANOMALY,81.07,HIGH
normal,NORMAL,1.8,LOW
normal,NORMAL,6.73,LOW
normal,NORMAL,14.49,LOW
neptune,ANOMALY,80.7,HIGH
warezmaster,NORMAL,30.62,MEDIUM
normal,NORMAL,5.91,LOW
normal,NORMAL,23.06,LOW
normal,NORMAL,17.49,LOW
normal,NORMAL,39.86,MEDIUM
apache2,ANOMALY,57.96,MEDIUM
normal,NORMAL,18.87,LOW
snmpgetattack,NORMAL,27.24,LOW
neptune,ANOMALY,76.67,HIGH
normal,NORMAL,32.37,MEDIUM
guess_passwd,NORMAL,30.08,MEDIUM
normal,NORMAL,2.85,LOW
neptune,ANOMALY,76.23,HIGH
normal,NORMAL,1.71,LOW
normal,ANOMALY,75.56,HIGH
normal,NORMAL,0.56,LOW
normal,NORMAL,4.74,LOW
normal,NORMAL,23.38,LOW
neptune,ANOMALY,87.51,HIGH
neptune,ANOMALY,87.31,HIGH
normal,NORMAL,1.55,LOW
neptune,ANOMALY,85.31,HIGH
processtable,ANOMALY,79.67,HIGH
normal,NORMAL,0.4,LOW
neptune,ANOMALY,75.97,HIGH
normal,NORMAL,7.26,LOW
normal,NORMAL,49.69,MEDIUM
smurf,NORMAL,39.2,MEDIUM
neptune,ANOMALY,82.44,HIGH
normal,NORMAL,5.33,LOW
smurf,NORMAL,44.64,MEDIUM
ipsweep,ANOMALY,57.51,MEDIUM
warezmaster,NORMAL,28.66,LOW
normal,NORMAL,12.56,LOW
portsweep,ANOMALY,85.31,HIGH
normal,NORMAL,1.4,LOW
normal,NORMAL,2.95,LOW
neptune,ANOMALY,76.65,HIGH
normal,NORMAL,2.91,LOW
normal,NORMAL,1.38,LOW
normal,NORMAL,0.65,LOW
normal,NORMAL,17.85,LOW
neptune,ANOMALY,80.55,HIGH
guess_passwd,NORMAL,21.27,LOW
warezmaster,NORMAL,43.16,MEDIUM
guess_passwd,NORMAL,10.53,LOW
normal,NORMAL,2.37,LOW
mscan,ANOMALY,65.93,MEDIUM
mscan,ANOMALY,65.63,MEDIUM
normal,NORMAL,26.86,LOW
normal,NORMAL,1.07,LOW
back,NORMAL,16.66,LOW
neptune,ANOMALY,85.66,HIGH
satan,ANOMALY,94.19,HIGH
normal,NORMAL,1.09,LOW
neptune,ANOMALY,80.47,HIGH
neptune,ANOMALY,79.92,HIGH
normal,NORMAL,1.1,LOW
neptune,ANOMALY,82.2,HIGH
smurf,NORMAL,39.12,MEDIUM
snmpgetattack,NORMAL,31.5,MEDIUM
normal,NORMAL,1.42,LOW
neptune,ANOMALY,81.07,HIGH
processtable,NORMAL,46.03,MEDIUM
neptune,ANOMALY,93.95,HIGH
normal,NORMAL,4.58,LOW
normal,NORMAL,1.91,LOW
guess_passwd,NORMAL,20.6,LOW
normal,NORMAL,16.34,LOW
normal,NORMAL,1.55,LOW
normal,NORMAL,35.7,MEDIUM
neptune,ANOMALY,73.83,HIGH
normal,NORMAL,2.28,LOW
neptune,ANOMALY,81.14,HIGH
normal,NORMAL,2.57,LOW
warezmaster,ANOMALY,63.35,MEDIUM
neptune,ANOMALY,81.88,HIGH
normal,NORMAL,25.0,LOW
normal,NORMAL,2.47,LOW
mscan,ANOMALY,75.49,HIGH
portsweep,ANOMALY,85.41,HIGH
normal,NORMAL,0.51,LOW
normal,NORMAL,6.66,LOW
normal,NORMAL,2.88,LOW
mailbomb,NORMAL,29.09,LOW
guess_passwd,NORMAL,11.0,LOW
normal,NORMAL,3.77,LOW
neptune,ANOMALY,74.78,HIGH
apache2,ANOMALY,60.47,MEDIUM
normal,NORMAL,1.44,LOW
mscan,ANOMALY,61.2,MEDIUM
normal,NORMAL,3.84,LOW
mscan,ANOMALY,77.96,HIGH
neptune,ANOMALY,81.37,HIGH
normal,NORMAL,31.72,MEDIUM
neptune,ANOMALY,74.63,HIGH
smurf,NORMAL,43.33,MEDIUM
neptune,ANOMALY,81.86,HIGH
smurf,NORMAL,47.71,MEDIUM
saint,ANOMALY,87.88,HIGH
normal,NORMAL,7.75,LOW
normal,NORMAL,4.42,LOW
normal,NORMAL,3.17,LOW
warezmaster,NORMAL,27.26,LOW
neptune,ANOMALY,74.88,HIGH
neptune,ANOMALY,81.31,HIGH
processtable,NORMAL,40.07,MEDIUM
smurf,ANOMALY,61.45,MEDIUM
smurf,NORMAL,46.81,MEDIUM
normal,NORMAL,40.31,MEDIUM
back,NORMAL,16.85,LOW
mscan,ANOMALY,80.05,HIGH
guess_passwd,NORMAL,9.47,LOW
processtable,ANOMALY,67.06,MEDIUM
guess_passwd,NORMAL,27.33,LOW
normal,NORMAL,10.21,LOW
guess_passwd,NORMAL,14.98,LOW
normal,NORMAL,1.28,LOW
guess_passwd,NORMAL,12.68,LOW
normal,NORMAL,32.12,MEDIUM
neptune,ANOMALY,79.04,HIGH
guess_passwd,NORMAL,10.7,LOW
neptune,ANOMALY,86.85,HIGH
warezmaster,NORMAL,28.14,LOW
portsweep,ANOMALY,74.06,HIGH
normal,NORMAL,3.68,LOW
guess_passwd,NORMAL,15.21,LOW
satan,ANOMALY,91.96,HIGH
warezmaster,NORMAL,40.97,MEDIUM
neptune,ANOMALY,80.94,HIGH
neptune,ANOMALY,74.68,HIGH
guess_passwd,NORMAL,11.07,LOW
apache2,ANOMALY,61.82,MEDIUM
neptune,ANOMALY,73.93,HIGH
normal,NORMAL,1.39,LOW
normal,NORMAL,0.65,LOW
warezmaster,ANOMALY,52.5,MEDIUM
guess_passwd,NORMAL,21.79,LOW
mscan,ANOMALY,77.68,HIGH
normal,NORMAL,1.31,LOW
normal,NORMAL,36.81,MEDIUM
mscan,ANOMALY,61.5,MEDIUM
normal,NORMAL,3.68,LOW
mscan,ANOMALY,79.5,HIGH
normal,NORMAL,18.77,LOW
mscan,ANOMALY,72.81,HIGH
normal,NORMAL,1.74,LOW
warezmaster,NORMAL,32.49,MEDIUM
normal,NORMAL,17.29,LOW
normal,NORMAL,50.46,MEDIUM
normal,NORMAL,2.82,LOW
neptune,ANOMALY,76.32,HIGH
normal,NORMAL,19.08,LOW
normal,NORMAL,3.95,LOW
neptune,ANOMALY,81.2,HIGH
neptune,ANOMALY,81.77,HIGH
neptune,ANOMALY,86.57,HIGH
normal,NORMAL,7.87,LOW
normal,NORMAL,2.51,LOW
guess_passwd,NORMAL,12.41,LOW
warezmaster,NORMAL,49.02,MEDIUM
normal,NORMAL,2.57,LOW
normal,NORMAL,10.27,LOW
neptune,ANOMALY,82.16,HIGH
normal,NORMAL,2.86,LOW
normal,NORMAL,26.5,LOW
neptune,ANOMALY,81.85,HIGH
processtable,NORMAL,46.64,MEDIUM
imap,ANOMALY,56.41,MEDIUM
saint,ANOMALY,99.47,HIGH
neptune,ANOMALY,80.74,HIGH
normal,NORMAL,18.99,LOW
normal,NORMAL,9.71,LOW
smurf,ANOMALY,52.19,MEDIUM
normal,NORMAL,0.69,LOW
normal,NORMAL,1.21,LOW
normal,NORMAL,1.91,LOW
normal,NORMAL,1.87,LOW
neptune,ANOMALY,78.05,HIGH
processtable,NORMAL,49.57,MEDIUM
mscan,ANOMALY,73.47,HIGH
neptune,ANOMALY,81.84,HIGH
normal,NORMAL,1.05,LOW
neptune,ANOMALY,75.07,HIGH
normal,NORMAL,1.92,LOW
apache2,NORMAL,44.82,MEDIUM
normal,NORMAL,39.11,MEDIUM
guess_passwd,NORMAL,9.94,LOW
normal,NORMAL,1.98,LOW
normal,NORMAL,1.9,LOW
warezmaster,ANOMALY,52.53,MEDIUM
normal,NORMAL,4.96,LOW
normal,NORMAL,2.7,LOW
normal,ANOMALY,61.67,MEDIUM
normal,NORMAL,1.35,LOW
mscan,ANOMALY,66.38,MEDIUM
neptune,ANOMALY,87.31,HIGH
normal,NORMAL,49.65,MEDIUM
neptune,ANOMALY,79.36,HIGH
normal,NORMAL,26.28,LOW
normal,NORMAL,11.76,LOW
normal,NORMAL,0.33,LOW
neptune,ANOMALY,90.62,HIGH
neptune,ANOMALY,80.28,HIGH
normal,NORMAL,16.91,LOW
neptune,ANOMALY,76.13,HIGH
neptune,ANOMALY,79.16,HIGH
mscan,ANOMALY,66.4,MEDIUM
normal,NORMAL,0.43,LOW
normal,NORMAL,19.09,LOW
neptune,ANOMALY,87.33,HIGH
multihop,NORMAL,38.21,MEDIUM
neptune,ANOMALY,75.02,HIGH
neptune,ANOMALY,81.4,HIGH
processtable,ANOMALY,59.74,MEDIUM
satan,ANOMALY,89.38,HIGH
neptune,ANOMALY,80.65,HIGH
processtable,NORMAL,41.18,MEDIUM
guess_passwd,NORMAL,23.06,LOW
normal,ANOMALY,63.45,MEDIUM
smurf,NORMAL,49.82,MEDIUM
normal,ANOMALY,67.21,MEDIUM
guess_passwd,ANOMALY,59.9,MEDIUM
guess_passwd,NORMAL,28.02,LOW
normal,NORMAL,21.09,LOW
normal,NORMAL,16.98,LOW
apache2,ANOMALY,76.64,HIGH
normal,NORMAL,0.54,LOW
normal,NORMAL,20.16,LOW
guess_passwd,NORMAL,21.13,LOW
warezmaster,NORMAL,37.74,MEDIUM
normal,NORMAL,2.69,LOW
neptune,ANOMALY,81.65,HIGH
normal,NORMAL,12.2,LOW
guess_passwd,NORMAL,9.4,LOW
guess_passwd,NORMAL,10.53,LOW
normal,NORMAL,8.21,LOW
normal,NORMAL,0.24,LOW
normal,NORMAL,1.48,LOW
processtable,ANOMALY,66.79,MEDIUM
normal,NORMAL,1.47,LOW
apache2,ANOMALY,62.32,MEDIUM
guess_passwd,NORMAL,10.42,LOW
warezmaster,NORMAL,39.01,MEDIUM
normal,NORMAL,0.35,LOW
guess_passwd,NORMAL,10.21,LOW
snmpguess,NORMAL,26.49,LOW
normal,NORMAL,11.77,LOW
normal,NORMAL,2.45,LOW
guess_passwd,NORMAL,9.93,LOW
guess_passwd,NORMAL,29.25,LOW
portsweep,ANOMALY,67.56,MEDIUM
normal,NORMAL,0.78,LOW
apache2,ANOMALY,58.14,MEDIUM
normal,NORMAL,3.01,LOW
guess_passwd,NORMAL,9.64,LOW
neptune,ANOMALY,87.25,HIGH
normal,NORMAL,10.19,LOW
neptune,ANOMALY,75.52,HIGH
neptune,ANOMALY,91.44,HIGH
neptune,ANOMALY,74.75,HIGH
normal,NORMAL,7.44,LOW
back,NORMAL,40.53,MEDIUM
apache2,ANOMALY,57.62,MEDIUM
neptune,ANOMALY,87.2,HIGH
warezmaster,NORMAL,22.43,LOW
normal,NORMAL,1.49,LOW
normal,NORMAL,2.19,LOW
normal,NORMAL,20.21,LOW
neptune,ANOMALY,76.56,HIGH
back,NORMAL,17.9,LOW
normal,NORMAL,3.54,LOW
normal,NORMAL,2.5,LOW
normal,NORMAL,2.79,LOW
neptune,ANOMALY,76.06,HIGH
normal,NORMAL,0.93,LOW
apache2,ANOMALY,53.12,MEDIUM
neptune,ANOMALY,80.34,HIGH
neptune,ANOMALY,80.07,HIGH
warezmaster,NORMAL,31.79,MEDIUM
neptune,ANOMALY,79.21,HIGH
smurf,NORMAL,50.01,MEDIUM
saint,ANOMALY,86.33,HIGH
normal,NORMAL,2.27,LOW
normal,NORMAL,0.97,LOW
smurf,ANOMALY,61.65,MEDIUM
guess_passwd,NORMAL,9.46,LOW
mscan,ANOMALY,76.91,HIGH
normal,NORMAL,0.31,LOW
neptune,ANOMALY,75.77,HIGH
mscan,ANOMALY,73.22,HIGH
normal,NORMAL,0.94,LOW
warezmaster,NORMAL,35.52,MEDIUM
neptune,ANOMALY,83.43,HIGH
normal,NORMAL,46.02,MEDIUM
normal,NORMAL,0.36,LOW
normal,NORMAL,18.84,LOW
guess_passwd,NORMAL,20.73,LOW
normal,NORMAL,0.46,LOW
normal,NORMAL,2.19,LOW
normal,NORMAL,18.73,LOW
neptune,ANOMALY,81.89,HIGH
back,NORMAL,16.37,LOW
normal,NORMAL,7.74,LOW
neptune,ANOMALY,80.49,HIGH
neptune,ANOMALY,82.2,HIGH
normal,NORMAL,4.21,LOW
satan,ANOMALY,59.69,MEDIUM
normal,NORMAL,4.22,LOW
neptune,ANOMALY,74.56,HIGH
normal,NORMAL,18.14,LOW
warezmaster,NORMAL,23.15,LOW
apache2,ANOMALY,76.38,HIGH
neptune,ANOMALY,80.13,HIGH
normal,NORMAL,1.95,LOW
mscan,ANOMALY,63.2,MEDIUM
guess_passwd,NORMAL,21.27,LOW
normal,NORMAL,5.35,LOW
neptune,ANOMALY,74.83,HIGH
satan,ANOMALY,94.23,HIGH
guess_passwd,NORMAL,9.46,LOW
normal,NORMAL,18.85,LOW
neptune,ANOMALY,87.07,HIGH
neptune,ANOMALY,85.15,HIGH
normal,NORMAL,0.77,LOW
neptune,ANOMALY,82.04,HIGH
mailbomb,NORMAL,27.47,LOW
normal,NORMAL,15.8,LOW
mscan,ANOMALY,70.69,HIGH
normal,NORMAL,1.1,LOW
neptune,ANOMALY,79.36,HIGH
guess_passwd,NORMAL,8.93,LOW
snmpgetattack,NORMAL,35.74,MEDIUM
processtable,NORMAL,46.32,MEDIUM
neptune,ANOMALY,76.11,HIGH
normal,NORMAL,0.54,LOW
neptune,ANOMALY,87.65,HIGH
satan,ANOMALY,61.4,MEDIUM
neptune,ANOMALY,76.36,HIGH
normal,NORMAL,10.53,LOW
normal,NORMAL,0.58,LOW
apache2,ANOMALY,68.71,MEDIUM
normal,NORMAL,4.56,LOW
neptune,ANOMALY,81.77,HIGH
smurf,NORMAL,48.04,MEDIUM
neptune,ANOMALY,80.12,HIGH
normal,NORMAL,2.95,LOW
normal,NORMAL,6.61,LOW
apache2,NORMAL,45.58,MEDIUM
warezmaster,NORMAL,31.04,MEDIUM
apache2,ANOMALY,61.25,MEDIUM
normal,NORMAL,1.2,LOW
processtable,NORMAL,45.91,MEDIUM
normal,NORMAL,0.58,LOW
normal,NORMAL,19.96,LOW
normal,NORMAL,0.21,LOW
apache2,ANOMALY,76.97,HIGH
mscan,ANOMALY,71.9,HIGH
neptune,ANOMALY,79.21,HIGH
apache2,ANOMALY,61.02,MEDIUM
normal,NORMAL,25.6,LOW
ipsweep,ANOMALY,52.74,MEDIUM
normal,NORMAL,20.58,LOW
neptune,ANOMALY,86.31,HIGH
warezmaster,NORMAL,28.27,LOW
satan,ANOMALY,62.44,MEDIUM
normal,NORMAL,0.87,LOW
back,NORMAL,16.87,LOW
neptune,ANOMALY,91.97,HIGH
neptune,ANOMALY,85.43,HIGH
normal,NORMAL,1.29,LOW
mailbomb,NORMAL,16.8,LOW
normal,NORMAL,0.28,LOW
guess_passwd,NORMAL,19.65,LOW
neptune,ANOMALY,81.76,HIGH
apache2,ANOMALY,55.89,MEDIUM
normal,NORMAL,1.38,LOW
neptune,ANOMALY,81.68,HIGH
neptune,ANOMALY,86.42,HIGH
neptune,ANOMALY,82.36,HIGH
ipsweep,ANOMALY,52.37,MEDIUM
neptune,ANOMALY,80.24,HIGH
neptune,ANOMALY,78.83,HIGH
normal,NORMAL,1.95,LOW
neptune,ANOMALY,84.73,HIGH
normal,NORMAL,3.8,LOW
normal,NORMAL,4.42,LOW
normal,NORMAL,23.44,LOW
normal,NORMAL,0.35,LOW
normal,NORMAL,10.84,LOW
normal,NORMAL,15.05,LOW
processtable,NORMAL,38.21,MEDIUM
normal,NORMAL,1.75,LOW
normal,NORMAL,0.36,LOW
warezmaster,NORMAL,38.1,MEDIUM
processtable,ANOMALY,80.45,HIGH
ipsweep,ANOMALY,54.49,MEDIUM
normal,NORMAL,50.45,MEDIUM
apache2,ANOMALY,76.52,HIGH
mscan,ANOMALY,62.48,MEDIUM
normal,NORMAL,1.17,LOW
mscan,ANOMALY,75.74,HIGH
normal,NORMAL,1.66,LOW
normal,NORMAL,8.23,LOW
apache2,ANOMALY,58.35,MEDIUM
neptune,ANOMALY,79.89,HIGH
saint,ANOMALY,53.56,MEDIUM
normal,NORMAL,0.19,LOW
normal,NORMAL,6.3,LOW
normal,NORMAL,14.57,LOW
satan,ANOMALY,61.0,MEDIUM
normal,NORMAL,5.19,LOW
neptune,ANOMALY,80.59,HIGH
apache2,ANOMALY,61.13,MEDIUM
neptune,ANOMALY,86.85,HIGH
normal,NORMAL,25.01,LOW
normal,NORMAL,0.78,LOW
normal,NORMAL,0.21,LOW
satan,ANOMALY,64.6,MEDIUM
normal,NORMAL,34.68,MEDIUM
mscan,ANOMALY,62.41,MEDIUM
apache2,ANOMALY,57.96,MEDIUM
normal,NORMAL,0.35,LOW
normal,NORMAL,1.98,LOW
guess_passwd,NORMAL,20.42,LOW
normal,NORMAL,49.36,MEDIUM
neptune,ANOMALY,82.18,HIGH
normal,NORMAL,28.39,LOW
neptune,ANOMALY,81.11,HIGH
normal,NORMAL,0.7,LOW
neptune,ANOMALY,79.59,HIGH
smurf,NORMAL,44.71,MEDIUM
mailbomb,NORMAL,25.84,LOW
normal,NORMAL,49.71,MEDIUM
normal,NORMAL,3.33,LOW
normal,NORMAL,28.6,LOW
normal,NORMAL,1.4,LOW
apache2,ANOMALY,62.29,MEDIUM
normal,NORMAL,30.17,MEDIUM
neptune,ANOMALY,89.1,HIGH
processtable,NORMAL,41.4,MEDIUM
neptune,ANOMALY,82.23,HIGH
normal,NORMAL,0.54,LOW
normal,NORMAL,38.28,MEDIUM
neptune,ANOMALY,81.76,HIGH
ipsweep,ANOMALY,51.95,MEDIUM
neptune,ANOMALY,87.12,HIGH
neptune,ANOMALY,82.46,HIGH
normal,NORMAL,49.69,MEDIUM
mailbomb,NORMAL,20.14,LOW
neptune,ANOMALY,82.07,HIGH
normal,NORMAL,7.52,LOW
normal,NORMAL,0.8,LOW
normal,NORMAL,1.37,LOW
normal,NORMAL,0.91,LOW
normal,NORMAL,0.45,LOW
apache2,ANOMALY,62.97,MEDIUM
normal,NORMAL,0.33,LOW
normal,NORMAL,1.1,LOW
normal,NORMAL,17.23,LOW
neptune,ANOMALY,80.39,HIGH
httptunnel,ANOMALY,62.31,MEDIUM
guess_passwd,NORMAL,23.69,LOW
snmpguess,NORMAL,26.32,LOW
back,NORMAL,14.94,LOW
normal,NORMAL,0.74,LOW
guess_passwd,NORMAL,23.6,LOW
neptune,ANOMALY,87.21,HIGH
normal,NORMAL,6.67,LOW
normal,ANOMALY,56.32,MEDIUM
neptune,ANOMALY,80.12,HIGH
normal,NORMAL,0.41,LOW
mailbomb,NORMAL,16.49,LOW
neptune,ANOMALY,81.75,HIGH
normal,NORMAL,0.49,LOW
warezmaster,NORMAL,22.19,LOW
normal,NORMAL,2.41,LOW
normal,NORMAL,1.29,LOW
apache2,ANOMALY,61.6,MEDIUM
normal,NORMAL,2.0,LOW
neptune,ANOMALY,76.63,HIGH
normal,NORMAL,4.05,LOW
snmpgetattack,NORMAL,27.83,LOW
normal,NORMAL,1.46,LOW
neptune,ANOMALY,76.4,HIGH
mscan,ANOMALY,66.67,MEDIUM
normal,NORMAL,1.68,LOW
normal,NORMAL,38.02,MEDIUM
saint,ANOMALY,99.68,HIGH
normal,NORMAL,1.47,LOW
warezmaster,NORMAL,27.91,LOW
mscan,ANOMALY,78.73,HIGH
satan,ANOMALY,93.38,HIGH
mscan,ANOMALY,68.24,MEDIUM
neptune,ANOMALY,81.07,HIGH
satan,ANOMALY,94.04,HIGH
normal,NORMAL,50.26,MEDIUM
normal,NORMAL,0.37,LOW
neptune,ANOMALY,81.83,HIGH
snmpguess,NORMAL,26.06,LOW
warezmaster,NORMAL,37.93,MEDIUM
normal,NORMAL,24.69,LOW
normal,NORMAL,9.73,LOW
normal,NORMAL,18.06,LOW
ipsweep,NORMAL,51.72,MEDIUM
normal,NORMAL,3.78,LOW
normal,NORMAL,0.6,LOW
smurf,ANOMALY,52.82,MEDIUM
neptune,ANOMALY,89.96,HIGH
saint,ANOMALY,54.93,MEDIUM
neptune,ANOMALY,74.93,HIGH
neptune,ANOMALY,86.01,HIGH
apache2,ANOMALY,59.38,MEDIUM
normal,NORMAL,4.08,LOW
normal,NORMAL,15.18,LOW
normal,NORMAL,20.63,LOW
normal,NORMAL,3.19,LOW
neptune,ANOMALY,86.79,HIGH
saint,ANOMALY,99.84,HIGH
neptune,ANOMALY,74.27,HIGH
normal,NORMAL,20.86,LOW
saint,ANOMALY,93.11,HIGH
neptune,ANOMALY,82.32,HIGH
normal,NORMAL,0.65,LOW
normal,NORMAL,14.81,LOW
neptune,ANOMALY,86.8,HIGH
normal,NORMAL,3.43,LOW
smurf,NORMAL,49.31,MEDIUM
normal,NORMAL,1.2,LOW
mscan,ANOMALY,65.75,MEDIUM
normal,NORMAL,19.54,LOW
warezmaster,NORMAL,51.03,MEDIUM
normal,NORMAL,36.34,MEDIUM
normal,NORMAL,5.42,LOW
normal,NORMAL,17.22,LOW
normal,NORMAL,2.11,LOW
neptune,ANOMALY,81.19,HIGH
httptunnel,ANOMALY,61.92,MEDIUM
xlock,NORMAL,51.06,MEDIUM
normal,NORMAL,2.14,LOW
normal,NORMAL,1.12,LOW
neptune,ANOMALY,86.97,HIGH
normal,NORMAL,35.41,MEDIUM
normal,NORMAL,23.83,LOW
ipsweep,NORMAL,51.71,MEDIUM
normal,NORMAL,0.99,LOW
neptune,ANOMALY,77.18,HIGH
neptune,ANOMALY,80.22,HIGH
apache2,ANOMALY,55.31,MEDIUM
httptunnel,ANOMALY,61.99,MEDIUM
normal,NORMAL,1.08,LOW
neptune,ANOMALY,81.02,HIGH
normal,NORMAL,4.2,LOW
satan,ANOMALY,68.15,MEDIUM
smurf,ANOMALY,56.49,MEDIUM
neptune,ANOMALY,79.37,HIGH
normal,NORMAL,1.73,LOW
neptune,ANOMALY,87.87,HIGH
warezmaster,NORMAL,43.43,MEDIUM
normal,NORMAL,3.04,LOW
normal,NORMAL,0.66,LOW
normal,NORMAL,2.38,LOW
smurf,NORMAL,38.98,MEDIUM
neptune,ANOMALY,77.92,HIGH
snmpguess,NORMAL,26.32,LOW
guess_passwd,NORMAL,9.36,LOW
processtable,NORMAL,50.71,MEDIUM
normal,NORMAL,50.11,MEDIUM
neptune,ANOMALY,94.12,HIGH
mscan,ANOMALY,77.42,HIGH
normal,NORMAL,41.25,MEDIUM
neptune,ANOMALY,81.03,HIGH
satan,ANOMALY,94.43,HIGH
snmpguess,NORMAL,26.32,LOW
normal,NORMAL,12.66,LOW
normal,NORMAL,49.73,MEDIUM
snmpguess,NORMAL,25.97,LOW
processtable,ANOMALY,66.99,MEDIUM
normal,NORMAL,4.39,LOW
snmpguess,NORMAL,26.62,LOW
smurf,NORMAL,49.66,MEDIUM
normal,NORMAL,3.46,LOW
apache2,ANOMALY,57.86,MEDIUM
neptune,ANOMALY,82.43,HIGH
neptune,ANOMALY,75.98,HIGH
warezmaster,NORMAL,33.02,MEDIUM
normal,NORMAL,0.72,LOW
ipsweep,NORMAL,50.97,MEDIUM
normal,NORMAL,0.38,LOW
normal,NORMAL,1.88,LOW
mscan,ANOMALY,76.19,HIGH
processtable,NORMAL,42.24,MEDIUM
neptune,ANOMALY,85.49,HIGH
neptune,ANOMALY,76.29,HIGH
guess_passwd,NORMAL,23.73,LOW
portsweep,ANOMALY,79.19,HIGH
normal,NORMAL,48.0,MEDIUM
normal,NORMAL,5.98,LOW
normal,NORMAL,5.3,LOW
neptune,ANOMALY,81.8,HIGH
normal,NORMAL,4.1,LOW
neptune,ANOMALY,74.57,HIGH
mscan,ANOMALY,75.06,HIGH
neptune,ANOMALY,81.35,HIGH
normal,NORMAL,41.33,MEDIUM
neptune,ANOMALY,85.5,HIGH
processtable,NORMAL,43.69,MEDIUM
neptune,ANOMALY,87.18,HIGH
neptune,ANOMALY,87.66,HIGH
normal,NORMAL,1.91,LOW
normal,NORMAL,33.48,MEDIUM
satan,ANOMALY,99.95,HIGH
normal,NORMAL,2.21,LOW
normal,NORMAL,22.21,LOW
normal,NORMAL,49.69,MEDIUM
saint,ANOMALY,94.02,HIGH
apache2,ANOMALY,62.08,MEDIUM
mscan,ANOMALY,72.02,HIGH
normal,NORMAL,0.95,LOW
neptune,ANOMALY,86.41,HIGH
saint,ANOMALY,54.6,MEDIUM
normal,NORMAL,1.37,LOW
warezmaster,NORMAL,27.38,LOW
normal,NORMAL,9.09,LOW
normal,NORMAL,5.51,LOW
apache2,ANOMALY,54.28,MEDIUM
normal,NORMAL,11.77,LOW
normal,NORMAL,3.29,LOW
normal,NORMAL,0.37,LOW
normal,NORMAL,0.21,LOW
normal,NORMAL,26.43,LOW
normal,NORMAL,3.74,LOW
neptune,ANOMALY,86.41,HIGH
normal,NORMAL,0.78,LOW
normal,NORMAL,2.35,LOW
mscan,ANOMALY,67.24,MEDIUM
normal,NORMAL,0.21,LOW
normal,NORMAL,47.54,MEDIUM
normal,NORMAL,6.74,LOW
normal,NORMAL,2.08,LOW
neptune,ANOMALY,76.45,HIGH
normal,NORMAL,49.71,MEDIUM
satan,ANOMALY,69.69,MEDIUM
normal,NORMAL,0.99,LOW
neptune,ANOMALY,79.81,HIGH
neptune,ANOMALY,86.04,HIGH
normal,NORMAL,1.45,LOW
satan,ANOMALY,92.32,HIGH
normal,NORMAL,2.47,LOW
normal,NORMAL,1.49,LOW
processtable,NORMAL,38.46,MEDIUM
neptune,ANOMALY,75.22,HIGH
guess_passwd,NORMAL,12.64,LOW
normal,NORMAL,0.86,LOW
neptune,ANOMALY,81.73,HIGH
smurf,NORMAL,50.18,MEDIUM
normal,NORMAL,1.02,LOW
normal,NORMAL,22.29,LOW
normal,NORMAL,2.89,LOW
neptune,ANOMALY,87.26,HIGH
guess_passwd,NORMAL,10.19,LOW
neptune,ANOMALY,83.08,HIGH
saint,NORMAL,40.55,MEDIUM
normal,NORMAL,0.46,LOW
normal,NORMAL,2.21,LOW
apache2,ANOMALY,57.98,MEDIUM
mscan,ANOMALY,67.08,MEDIUM
guess_passwd,NORMAL,9.63,LOW
back,NORMAL,15.79,LOW
saint,ANOMALY,93.53,HIGH
xlock,NORMAL,24.46,LOW
snmpguess,NORMAL,26.49,LOW
normal,NORMAL,1.42,LOW
neptune,ANOMALY,81.46,HIGH
normal,ANOMALY,57.0,MEDIUM
normal,NORMAL,6.26,LOW
neptune,ANOMALY,80.29,HIGH
snmpguess,NORMAL,26.8,LOW
smurf,ANOMALY,57.92,MEDIUM
normal,NORMAL,0.31,LOW
normal,NORMAL,20.72,LOW
neptune,ANOMALY,75.21,HIGH
back,NORMAL,17.12,LOW
normal,NORMAL,27.0,LOW
neptune,ANOMALY,75.95,HIGH
neptune,ANOMALY,80.42,HIGH
normal,NORMAL,0.27,LOW
neptune,ANOMALY,80.64,HIGH
nmap,ANOMALY,82.31,HIGH
satan,ANOMALY,94.04,HIGH
normal,NORMAL,26.65,LOW
normal,NORMAL,1.04,LOW
smurf,NORMAL,49.31,MEDIUM
neptune,ANOMALY,81.48,HIGH
saint,ANOMALY,53.41,MEDIUM
smurf,NORMAL,49.99,MEDIUM
neptune,ANOMALY,79.57,HIGH
normal,NORMAL,15.73,LOW
neptune,ANOMALY,79.61,HIGH
normal,NORMAL,2.12,LOW
neptune,ANOMALY,81.63,HIGH
normal,NORMAL,26.75,LOW
apache2,NORMAL,51.56,MEDIUM
normal,NORMAL,0.46,LOW
smurf,NORMAL,51.53,MEDIUM
mscan,ANOMALY,68.89,MEDIUM
normal,NORMAL,2.04,LOW
normal,NORMAL,3.19,LOW
normal,NORMAL,14.4,LOW
apache2,ANOMALY,58.74,MEDIUM
mscan,ANOMALY,76.49,HIGH
normal,NORMAL,1.32,LOW
normal,NORMAL,12.28,LOW
smurf,NORMAL,43.25,MEDIUM
guess_passwd,NORMAL,12.69,LOW
normal,NORMAL,6.73,LOW
normal,NORMAL,1.26,LOW
neptune,ANOMALY,74.78,HIGH
normal,NORMAL,18.23,LOW
guess_passwd,NORMAL,20.72,LOW
warezmaster,NORMAL,23.24,LOW
normal,NORMAL,3.49,LOW
normal,NORMAL,1.33,LOW
normal,NORMAL,2.25,LOW
normal,NORMAL,4.95,LOW
httptunnel,ANOMALY,61.82,MEDIUM
neptune,ANOMALY,76.27,HIGH
neptune,ANOMALY,76.56,HIGH
normal,NORMAL,4.16,LOW
normal,NORMAL,3.22,LOW
apache2,ANOMALY,52.29,MEDIUM
guess_passwd,NORMAL,21.79,LOW
neptune,ANOMALY,76.15,HIGH
neptune,ANOMALY,81.5,HIGH
normal,NORMAL,0.49,LOW
neptune,ANOMALY,81.28,HIGH
normal,NORMAL,0.52,LOW
normal,NORMAL,4.5,LOW
neptune,ANOMALY,80.29,HIGH
neptune,ANOMALY,85.51,HIGH
normal,NORMAL,3.63,LOW
normal,ANOMALY,68.45,MEDIUM
warezmaster,NORMAL,19.72,LOW
neptune,ANOMALY,82.27,HIGH
normal,NORMAL,17.82,LOW
normal,NORMAL,30.7,MEDIUM
normal,NORMAL,36.15,MEDIUM
guess_passwd,NORMAL,8.93,LOW
normal,NORMAL,20.73,LOW
normal,NORMAL,6.53,LOW
guess_passwd,NORMAL,24.45,LOW
neptune,ANOMALY,80.75,HIGH
mscan,ANOMALY,83.89,HIGH
normal,NORMAL,5.72,LOW
back,NORMAL,16.89,LOW
normal,NORMAL,10.51,LOW
normal,NORMAL,11.09,LOW
warezmaster,NORMAL,37.42,MEDIUM
neptune,ANOMALY,86.22,HIGH
normal,NORMAL,0.86,LOW
normal,NORMAL,3.06,LOW
mailbomb,NORMAL,28.75,LOW
mailbomb,NORMAL,33.64,MEDIUM
neptune,ANOMALY,82.02,HIGH
normal,NORMAL,20.75,LOW
nmap,ANOMALY,82.23,HIGH
normal,NORMAL,49.69,MEDIUM
normal,NORMAL,26.5,LOW
neptune,ANOMALY,81.34,HIGH
normal,NORMAL,1.75,LOW
neptune,ANOMALY,82.09,HIGH
mscan,ANOMALY,69.58,MEDIUM
normal,NORMAL,9.42,LOW
normal,ANOMALY,67.55,MEDIUM
neptune,ANOMALY,80.57,HIGH
normal,NORMAL,2.37,LOW
normal,NORMAL,1.6,LOW
normal,NORMAL,26.4,LOW
normal,NORMAL,37.43,MEDIUM
normal,NORMAL,3.95,LOW
normal,NORMAL,1.24,LOW
normal,NORMAL,4.73,LOW
neptune,ANOMALY,81.41,HIGH
apache2,NORMAL,47.56,MEDIUM
warezmaster,NORMAL,28.45,LOW
normal,NORMAL,2.53,LOW
smurf,NORMAL,39.32,MEDIUM
neptune,ANOMALY,81.68,HIGH
normal,NORMAL,3.51,LOW
normal,NORMAL,1.5,LOW
back,NORMAL,18.95,LOW
normal,NORMAL,7.58,LOW
processtable,ANOMALY,67.07,MEDIUM
neptune,ANOMALY,75.41,HIGH
normal,NORMAL,1.97,LOW
normal,ANOMALY,63.68,MEDIUM
neptune,ANOMALY,80.47,HIGH
satan,NORMAL,44.28,MEDIUM
neptune,ANOMALY,78.97,HIGH
neptune,ANOMALY,85.15,HIGH
normal,NORMAL,0.72,LOW
normal,NORMAL,15.4,LOW
normal,NORMAL,0.48,LOW
guess_passwd,NORMAL,9.94,LOW
normal,NORMAL,0.33,LOW
normal,NORMAL,3.03,LOW
warezmaster,NORMAL,31.54,MEDIUM
neptune,ANOMALY,83.24,HIGH
neptune,ANOMALY,86.08,HIGH
normal,NORMAL,49.65,MEDIUM
normal,NORMAL,3.16,LOW
neptune,ANOMALY,75.26,HIGH
normal,NORMAL,4.95,LOW
normal,NORMAL,1.01,LOW
normal,NORMAL,4.76,LOW
satan,ANOMALY,95.18,HIGH
guess_passwd,NORMAL,19.65,LOW
guess_passwd,NORMAL,24.32,LOW
neptune,ANOMALY,86.58,HIGH
normal,NORMAL,29.48,LOW
neptune,ANOMALY,76.38,HIGH
mscan,ANOMALY,77.7,HIGH
normal,NORMAL,15.95,LOW
neptune,ANOMALY,81.02,HIGH
processtable,NORMAL,45.08,MEDIUM
normal,NORMAL,18.49,LOW
neptune,ANOMALY,80.39,HIGH
normal,NORMAL,2.02,LOW
normal,NORMAL,6.26,LOW
saint,ANOMALY,94.11,HIGH
apache2,ANOMALY,73.64,HIGH
normal,NORMAL,0.95,LOW
normal,ANOMALY,60.79,MEDIUM
normal,NORMAL,1.01,LOW
normal,NORMAL,8.34,LOW
guess_passwd,NORMAL,9.41,LOW
warezmaster,NORMAL,25.59,LOW
normal,NORMAL,0.96,LOW
processtable,NORMAL,47.79,MEDIUM
normal,NORMAL,2.26,LOW
normal,NORMAL,3.83,LOW
back,NORMAL,16.46,LOW
normal,NORMAL,0.38,LOW
normal,NORMAL,32.97,MEDIUM
satan,ANOMALY,93.22,HIGH
neptune,ANOMALY,92.19,HIGH
neptune,ANOMALY,78.09,HIGH
normal,NORMAL,16.02,LOW
neptune,ANOMALY,81.25,HIGH
normal,NORMAL,1.42,LOW
satan,ANOMALY,64.86,MEDIUM
warezmaster,NORMAL,30.35,MEDIUM
normal,NORMAL,0.59,LOW
warezmaster,NORMAL,35.19,MEDIUM
normal,NORMAL,21.12,LOW
smurf,NORMAL,40.74,MEDIUM
normal,NORMAL,18.85,LOW
processtable,NORMAL,41.4,MEDIUM
normal,NORMAL,6.92,LOW
neptune,ANOMALY,79.25,HIGH
normal,NORMAL,2.78,LOW
guess_passwd,NORMAL,10.26,LOW
neptune,ANOMALY,81.26,HIGH
normal,NORMAL,1.07,LOW
neptune,ANOMALY,82.13,HIGH
warezmaster,NORMAL,28.28,LOW
ipsweep,ANOMALY,52.75,MEDIUM
satan,ANOMALY,63.45,MEDIUM
normal,NORMAL,26.68,LOW
normal,NORMAL,1.8,LOW
portsweep,ANOMALY,67.94,MEDIUM
normal,NORMAL,3.62,LOW
normal,NORMAL,35.88,MEDIUM
satan,ANOMALY,92.7,HIGH
mscan,ANOMALY,80.41,HIGH
normal,NORMAL,26.6,LOW
normal,NORMAL,4.8,LOW
smurf,ANOMALY,53.39,MEDIUM
smurf,ANOMALY,52.19,MEDIUM
neptune,ANOMALY,73.5,HIGH
guess_passwd,NORMAL,14.33,LOW
normal,NORMAL,2.48,LOW
guess_passwd,NORMAL,12.01,LOW
normal,NORMAL,6.36,LOW
saint,ANOMALY,93.74,HIGH
normal,NORMAL,1.97,LOW
neptune,ANOMALY,81.31,HIGH
guess_passwd,NORMAL,10.07,LOW
satan,ANOMALY,64.74,MEDIUM
normal,NORMAL,31.06,MEDIUM
warezmaster,NORMAL,36.41,MEDIUM
warezmaster,NORMAL,35.99,MEDIUM
normal,NORMAL,35.42,MEDIUM
neptune,ANOMALY,82.48,HIGH
normal,NORMAL,1.65,LOW
normal,NORMAL,1.5,LOW
mscan,ANOMALY,81.41,HIGH
mscan,ANOMALY,77.43,HIGH
normal,NORMAL,6.09,LOW
normal,NORMAL,0.03,LOW
normal,NORMAL,36.54,MEDIUM
normal,NORMAL,12.42,LOW
normal,NORMAL,50.45,MEDIUM
normal,NORMAL,1.24,LOW
guess_passwd,NORMAL,10.26,LOW
neptune,ANOMALY,81.96,HIGH
normal,NORMAL,1.29,LOW
normal,NORMAL,46.23,MEDIUM
satan,ANOMALY,91.81,HIGH
normal,NORMAL,5.15,LOW
normal,NORMAL,2.66,LOW
normal,NORMAL,12.86,LOW
apache2,ANOMALY,67.71,MEDIUM
neptune,ANOMALY,80.39,HIGH
neptune,ANOMALY,74.98,HIGH
neptune,ANOMALY,73.9,HIGH
normal,NORMAL,1.31,LOW
mscan,ANOMALY,73.12,HIGH
normal,NORMAL,6.76,LOW
normal,NORMAL,13.85,LOW
normal,NORMAL,23.71,LOW
processtable,NORMAL,51.6,MEDIUM
ipsweep,ANOMALY,52.74,MEDIUM
warezmaster,NORMAL,31.68,MEDIUM
mscan,ANOMALY,63.4,MEDIUM
normal,NORMAL,2.05,LOW
normal,NORMAL,1.7,LOW
neptune,ANOMALY,81.65,HIGH
normal,NORMAL,0.45,LOW
guess_passwd,NORMAL,9.46,LOW
mailbomb,NORMAL,37.27,MEDIUM
normal,NORMAL,5.77,LOW
portsweep,ANOMALY,83.75,HIGH
normal,NORMAL,24.88,LOW
normal,NORMAL,26.37,LOW
back,NORMAL,18.66,LOW
neptune,ANOMALY,80.47,HIGH
normal,NORMAL,18.82,LOW
normal,NORMAL,5.87,LOW
normal,NORMAL,50.16,MEDIUM
normal,NORMAL,0.52,LOW
mailbomb,NORMAL,21.93,LOW
normal,NORMAL,17.44,LOW
nmap,ANOMALY,82.48,HIGH
normal,NORMAL,3.05,LOW
neptune,ANOMALY,80.69,HIGH
neptune,ANOMALY,80.9,HIGH
processtable,ANOMALY,83.58,HIGH
normal,NORMAL,26.58,LOW
normal,NORMAL,4.92,LOW
normal,NORMAL,4.21,LOW
apache2,ANOMALY,57.33,MEDIUM
normal,NORMAL,3.34,LOW
mscan,ANOMALY,80.85,HIGH
neptune,ANOMALY,87.12,HIGH
normal,NORMAL,2.16,LOW
normal,NORMAL,1.47,LOW
normal,ANOMALY,65.92,MEDIUM
normal,NORMAL,0.96,LOW
guess_passwd,NORMAL,14.0,LOW
mailbomb,NORMAL,38.74,MEDIUM
mscan,ANOMALY,77.35,HIGH
normal,NORMAL,29.98,LOW
neptune,ANOMALY,81.09,HIGH
apache2,ANOMALY,76.43,HIGH
neptune,ANOMALY,81.69,HIGH
saint,ANOMALY,98.43,HIGH
ipsweep,NORMAL,51.52,MEDIUM
normal,NORMAL,0.71,LOW
smurf,NORMAL,43.25,MEDIUM
normal,NORMAL,16.33,LOW
guess_passwd,NORMAL,20.82,LOW
normal,NORMAL,1.61,LOW
neptune,ANOMALY,87.03,HIGH
normal,NORMAL,1.87,LOW
neptune,ANOMALY,74.97,HIGH
neptune,ANOMALY,76.26,HIGH
smurf,NORMAL,41.4,MEDIUM
normal,NORMAL,0.6,LOW
saint,ANOMALY,93.72,HIGH
mscan,ANOMALY,66.76,MEDIUM
warezmaster,NORMAL,28.26,LOW
neptune,ANOMALY,80.23,HIGH
normal,NORMAL,1.74,LOW
guess_passwd,NORMAL,14.6,LOW
normal,NORMAL,0.57,LOW
normal,NORMAL,1.71,LOW
normal,NORMAL,1.01,LOW
normal,NORMAL,0.41,LOW
smurf,ANOMALY,52.33,MEDIUM
nmap,ANOMALY,82.28,HIGH
normal,NORMAL,18.07,LOW
normal,NORMAL,2.33,LOW
normal,NORMAL,1.88,LOW
apache2,NORMAL,45.56,MEDIUM
neptune,ANOMALY,76.16,HIGH
normal,NORMAL,1.36,LOW
processtable,NORMAL,45.87,MEDIUM
normal,NORMAL,1.22,LOW
neptune,ANOMALY,87.02,HIGH
neptune,ANOMALY,79.5,HIGH
snmpguess,NORMAL,26.5,LOW
normal,NORMAL,0.61,LOW
neptune,ANOMALY,86.84,HIGH
normal,NORMAL,7.3,LOW
normal,NORMAL,48.82,MEDIUM
neptune,ANOMALY,86.89,HIGH
satan,ANOMALY,65.54,MEDIUM
neptune,ANOMALY,75.3,HIGH
neptune,ANOMALY,85.9,HIGH
normal,NORMAL,3.2,LOW
smurf,ANOMALY,52.82,MEDIUM
warezmaster,NORMAL,26.47,LOW
saint,ANOMALY,95.09,HIGH
normal,NORMAL,3.56,LOW
normal,NORMAL,12.77,LOW
normal,NORMAL,0.6,LOW
portsweep,ANOMALY,79.59,HIGH
normal,NORMAL,20.82,LOW
normal,NORMAL,0.4,LOW
guess_passwd,NORMAL,35.52,MEDIUM
neptune,ANOMALY,80.75,HIGH
satan,ANOMALY,65.11,MEDIUM
normal,NORMAL,31.19,MEDIUM
normal,NORMAL,36.07,MEDIUM
neptune,ANOMALY,74.75,HIGH
guess_passwd,NORMAL,28.0,LOW
normal,NORMAL,1.48,LOW
snmpguess,NORMAL,26.41,LOW
neptune,ANOMALY,81.02,HIGH
normal,NORMAL,2.37,LOW
normal,NORMAL,4.47,LOW
satan,ANOMALY,62.33,MEDIUM
mscan,ANOMALY,79.6,HIGH
neptune,ANOMALY,80.8,HIGH
guess_passwd,NORMAL,18.76,LOW
normal,NORMAL,16.05,LOW
guess_passwd,NORMAL,13.33,LOW
neptune,ANOMALY,86.07,HIGH
normal,NORMAL,1.24,LOW
normal,NORMAL,1.34,LOW
mailbomb,NORMAL,31.89,MEDIUM
normal,NORMAL,50.45,MEDIUM
smurf,ANOMALY,52.19,MEDIUM
guess_passwd,NORMAL,27.24,LOW
satan,ANOMALY,64.35,MEDIUM
httptunnel,NORMAL,30.56,MEDIUM
back,NORMAL,40.28,MEDIUM
neptune,ANOMALY,81.76,HIGH
satan,ANOMALY,58.6,MEDIUM
neptune,ANOMALY,80.35,HIGH
normal,NORMAL,3.27,LOW
neptune,ANOMALY,89.1,HIGH
neptune,ANOMALY,85.08,HIGH
normal,NORMAL,2.8,LOW
normal,NORMAL,2.9,LOW
normal,NORMAL,0.49,LOW
neptune,ANOMALY,75.6,HIGH
processtable,ANOMALY,67.67,MEDIUM
neptune,ANOMALY,80.33,HIGH
normal,NORMAL,16.81,LOW
neptune,ANOMALY,77.4,HIGH
normal,ANOMALY,59.89,MEDIUM
processtable,ANOMALY,82.21,HIGH
guess_passwd,NORMAL,21.17,LOW
normal,NORMAL,18.94,LOW
normal,NORMAL,1.72,LOW
neptune,ANOMALY,82.25,HIGH
neptune,ANOMALY,82.27,HIGH
normal,NORMAL,1.2,LOW
warezmaster,NORMAL,18.96,LOW
normal,NORMAL,2.03,LOW
apache2,ANOMALY,57.46,MEDIUM
smurf,ANOMALY,53.97,MEDIUM
neptune,ANOMALY,75.71,HIGH
back,NORMAL,15.96,LOW
mscan,ANOMALY,66.86,MEDIUM
guess_passwd,NORMAL,15.3,LOW
mscan,ANOMALY,58.73,MEDIUM
normal,NORMAL,7.53,LOW
saint,ANOMALY,93.83,HIGH
neptune,ANOMALY,86.85,HIGH
normal,NORMAL,1.6,LOW
warezmaster,NORMAL,50.86,MEDIUM
warezmaster,NORMAL,29.35,LOW
snmpguess,NORMAL,26.49,LOW
normal,NORMAL,1.23,LOW
guess_passwd,NORMAL,13.34,LOW
snmpgetattack,NORMAL,31.08,MEDIUM
normal,NORMAL,1.16,LOW
warezmaster,NORMAL,35.37,MEDIUM
neptune,ANOMALY,80.41,HIGH
apache2,NORMAL,51.42,MEDIUM
normal,NORMAL,7.06,LOW
mscan,ANOMALY,74.41,HIGH
normal,NORMAL,46.35,MEDIUM
neptune,ANOMALY,81.52,HIGH
normal,NORMAL,21.85,LOW
snmpguess,NORMAL,26.27,LOW
guess_passwd,NORMAL,20.85,LOW
neptune,ANOMALY,81.73,HIGH
normal,NORMAL,0.41,LOW
normal,NORMAL,0.67,LOW
apache2,ANOMALY,63.36,MEDIUM
guess_passwd,NORMAL,10.16,LOW
normal,NORMAL,45.07,MEDIUM
httptunnel,ANOMALY,61.54,MEDIUM
normal,NORMAL,4.06,LOW
apache2,NORMAL,45.61,MEDIUM
neptune,ANOMALY,79.11,HIGH
processtable,ANOMALY,68.21,MEDIUM
processtable,ANOMALY,51.9,MEDIUM
neptune,ANOMALY,87.87,HIGH
neptune,ANOMALY,86.84,HIGH
normal,NORMAL,1.49,LOW
normal,ANOMALY,64.19,MEDIUM
normal,NORMAL,16.86,LOW
snmpguess,NORMAL,26.06,LOW
normal,NORMAL,4.62,LOW
normal,NORMAL,0.32,LOW
normal,NORMAL,3.59,LOW
neptune,ANOMALY,80.09,HIGH
normal,NORMAL,2.16,LOW
normal,NORMAL,0.64,LOW
neptune,ANOMALY,87.87,HIGH
warezmaster,NORMAL,24.87,LOW
neptune,ANOMALY,86.45,HIGH
neptune,ANOMALY,82.18,HIGH
normal,NORMAL,1.46,LOW
neptune,ANOMALY,85.52,HIGH
neptune,ANOMALY,70.67,HIGH
normal,NORMAL,2.2,LOW
snmpguess,NORMAL,26.72,LOW
normal,NORMAL,4.61,LOW
neptune,ANOMALY,85.87,HIGH
neptune,ANOMALY,75.19,HIGH
normal,NORMAL,20.25,LOW
normal,NORMAL,0.94,LOW
neptune,ANOMALY,81.32,HIGH
normal,ANOMALY,55.97,MEDIUM
warezmaster,NORMAL,28.45,LOW
normal,NORMAL,1.94,LOW
guess_passwd,NORMAL,10.73,LOW
normal,NORMAL,17.27,LOW
normal,NORMAL,16.82,LOW
processtable,ANOMALY,75.94,HIGH
normal,NORMAL,26.63,LOW
neptune,ANOMALY,80.43,HIGH
normal,NORMAL,23.35,LOW
neptune,ANOMALY,72.41,HIGH
guess_passwd,NORMAL,10.66,LOW
apache2,ANOMALY,66.05,MEDIUM
mscan,ANOMALY,77.18,HIGH
normal,NORMAL,1.22,LOW
neptune,ANOMALY,80.83,HIGH
normal,NORMAL,33.27,MEDIUM
guess_passwd,NORMAL,11.4,LOW
neptune,ANOMALY,75.28,HIGH
normal,NORMAL,2.29,LOW
normal,NORMAL,33.1,MEDIUM
warezmaster,NORMAL,33.29,MEDIUM
sqlattack,NORMAL,44.15,MEDIUM
neptune,ANOMALY,84.95,HIGH
neptune,ANOMALY,87.15,HIGH
mscan,NORMAL,47.61,MEDIUM
warezmaster,NORMAL,34.91,MEDIUM
snmpguess,NORMAL,26.36,LOW
snmpguess,NORMAL,26.49,LOW
neptune,ANOMALY,79.99,HIGH
normal,NORMAL,1.92,LOW
neptune,ANOMALY,87.25,HIGH
normal,NORMAL,44.71,MEDIUM
normal,NORMAL,7.25,LOW
snmpguess,NORMAL,26.58,LOW
normal,NORMAL,3.16,LOW
warezmaster,NORMAL,35.43,MEDIUM
normal,NORMAL,25.14,LOW
mscan,ANOMALY,77.28,HIGH
back,NORMAL,29.64,LOW
normal,NORMAL,26.6,LOW
satan,ANOMALY,65.77,MEDIUM
normal,NORMAL,6.11,LOW
warezmaster,NORMAL,25.36,LOW
normal,NORMAL,1.0,LOW
normal,NORMAL,2.24,LOW
guess_passwd,NORMAL,10.08,LOW
normal,NORMAL,3.01,LOW
saint,ANOMALY,53.53,MEDIUM
warezmaster,NORMAL,38.96,MEDIUM
warezmaster,ANOMALY,55.62,MEDIUM
satan,ANOMALY,95.16,HIGH
apache2,ANOMALY,77.08,HIGH
neptune,ANOMALY,86.9,HIGH
neptune,ANOMALY,79.32,HIGH
normal,NORMAL,0.33,LOW
normal,NORMAL,7.2,LOW
normal,NORMAL,1.25,LOW
satan,ANOMALY,66.05,MEDIUM
warezmaster,NORMAL,32.13,MEDIUM
normal,NORMAL,49.21,MEDIUM
normal,NORMAL,49.29,MEDIUM
normal,NORMAL,2.21,LOW
normal,NORMAL,17.22,LOW
neptune,ANOMALY,80.68,HIGH
processtable,NORMAL,47.01,MEDIUM
normal,NORMAL,0.6,LOW
satan,ANOMALY,68.65,MEDIUM
saint,ANOMALY,52.36,MEDIUM
normal,NORMAL,0.58,LOW
normal,NORMAL,35.79,MEDIUM
normal,NORMAL,1.46,LOW
normal,NORMAL,2.78,LOW
saint,ANOMALY,93.32,HIGH
normal,NORMAL,2.51,LOW
guess_passwd,NORMAL,13.8,LOW
saint,ANOMALY,94.0,HIGH
normal,ANOMALY,65.13,MEDIUM
normal,NORMAL,1.85,LOW
back,NORMAL,15.32,LOW
normal,NORMAL,1.99,LOW
warezmaster,NORMAL,26.72,LOW
snmpgetattack,NORMAL,30.54,MEDIUM
normal,NORMAL,0.79,LOW
normal,NORMAL,3.17,LOW
normal,ANOMALY,55.34,MEDIUM
guess_passwd,NORMAL,10.53,LOW
normal,NORMAL,1.44,LOW
warezmaster,NORMAL,38.1,MEDIUM
neptune,ANOMALY,81.12,HIGH
normal,NORMAL,3.67,LOW
normal,NORMAL,27.74,LOW
smurf,ANOMALY,52.99,MEDIUM
normal,NORMAL,7.65,LOW
normal,NORMAL,11.24,LOW
neptune,ANOMALY,78.73,HIGH
apache2,NORMAL,5.83,LOW
normal,NORMAL,50.09,MEDIUM
neptune,ANOMALY,75.6,HIGH
normal,NORMAL,49.61,MEDIUM
neptune,ANOMALY,81.52,HIGH
httptunnel,ANOMALY,61.55,MEDIUM
normal,NORMAL,43.05,MEDIUM
normal,NORMAL,1.52,LOW
normal,NORMAL,26.09,LOW
normal,NORMAL,2.53,LOW
normal,NORMAL,17.32,LOW
normal,NORMAL,2.47,LOW
normal,NORMAL,0.35,LOW
neptune,ANOMALY,80.7,HIGH
guess_passwd,NORMAL,23.49,LOW
guess_passwd,NORMAL,9.96,LOW
guess_passwd,NORMAL,11.14,LOW
normal,NORMAL,1.21,LOW
neptune,ANOMALY,74.8,HIGH
normal,NORMAL,11.88,LOW
normal,NORMAL,1.47,LOW
guess_passwd,NORMAL,22.3,LOW
neptune,ANOMALY,80.75,HIGH
normal,ANOMALY,54.72,MEDIUM
normal,NORMAL,50.45,MEDIUM
neptune,ANOMALY,82.1,HIGH
neptune,ANOMALY,92.36,HIGH
guess_passwd,NORMAL,21.8,LOW
processtable,ANOMALY,80.79,HIGH
neptune,ANOMALY,81.95,HIGH
neptune,ANOMALY,81.81,HIGH
normal,NORMAL,4.97,LOW
warezmaster,NORMAL,38.54,MEDIUM
normal,NORMAL,18.68,LOW
named,NORMAL,30.74,MEDIUM
neptune,ANOMALY,80.24,HIGH
satan,ANOMALY,60.0,MEDIUM
neptune,ANOMALY,75.25,HIGH
normal,NORMAL,3.97,LOW
normal,NORMAL,0.23,LOW
neptune,ANOMALY,81.59,HIGH
mscan,ANOMALY,66.1,MEDIUM
guess_passwd,NORMAL,20.82,LOW
normal,NORMAL,2.05,LOW
normal,NORMAL,4.49,LOW
neptune,ANOMALY,81.91,HIGH
warezmaster,NORMAL,35.66,MEDIUM
normal,NORMAL,1.59,LOW
mscan,ANOMALY,83.35,HIGH
mscan,ANOMALY,76.96,HIGH
normal,NORMAL,1.38,LOW
neptune,ANOMALY,73.06,HIGH
normal,NORMAL,2.22,LOW
normal,NORMAL,1.35,LOW
normal,NORMAL,29.57,LOW
snmpguess,NORMAL,26.49,LOW
normal,NORMAL,1.48,LOW
neptune,ANOMALY,74.37,HIGH
mscan,ANOMALY,69.41,MEDIUM
normal,NORMAL,7.36,LOW
back,NORMAL,24.83,LOW
neptune,ANOMALY,82.27,HIGH
normal,NORMAL,3.96,LOW
satan,ANOMALY,93.23,HIGH
normal,NORMAL,1.86,LOW
warezmaster,NORMAL,28.31,LOW
normal,NORMAL,1.7,LOW
apache2,ANOMALY,69.42,MEDIUM
normal,NORMAL,22.53,LOW
normal,NORMAL,2.13,LOW
neptune,ANOMALY,76.54,HIGH
normal,NORMAL,1.01,LOW
neptune,ANOMALY,81.81,HIGH
normal,NORMAL,8.65,LOW
warezmaster,NORMAL,51.72,MEDIUM
normal,NORMAL,10.03,LOW
neptune,ANOMALY,87.48,HIGH
processtable,NORMAL,50.03,MEDIUM
processtable,ANOMALY,66.01,MEDIUM
normal,NORMAL,0.59,LOW
neptune,ANOMALY,74.28,HIGH
normal,NORMAL,0.25,LOW
guess_passwd,NORMAL,27.8,LOW
normal,NORMAL,0.53,LOW
warezmaster,NORMAL,28.29,LOW
normal,NORMAL,31.31,MEDIUM
normal,NORMAL,0.8,LOW
normal,NORMAL,2.43,LOW
normal,NORMAL,4.23,LOW
normal,NORMAL,15.1,LOW
satan,ANOMALY,95.23,HIGH
neptune,ANOMALY,81.61,HIGH
normal,NORMAL,0.37,LOW
satan,ANOMALY,62.33,MEDIUM
normal,NORMAL,5.45,LOW
neptune,ANOMALY,82.09,HIGH
warezmaster,NORMAL,51.64,MEDIUM
normal,NORMAL,14.98,LOW
normal,NORMAL,0.87,LOW
normal,NORMAL,20.55,LOW
normal,NORMAL,34.23,MEDIUM
normal,NORMAL,1.81,LOW
smurf,ANOMALY,55.06,MEDIUM
normal,NORMAL,15.92,LOW
saint,ANOMALY,78.3,HIGH
normal,NORMAL,16.92,LOW
normal,NORMAL,31.64,MEDIUM
normal,NORMAL,3.96,LOW
mscan,ANOMALY,62.86,MEDIUM
normal,NORMAL,2.62,LOW
normal,NORMAL,3.71,LOW
neptune,ANOMALY,86.29,HIGH
mailbomb,NORMAL,30.12,MEDIUM
satan,ANOMALY,98.83,HIGH
normal,NORMAL,4.86,LOW
warezmaster,NORMAL,35.39,MEDIUM
guess_passwd,NORMAL,11.14,LOW
saint,ANOMALY,85.93,HIGH
normal,NORMAL,49.65,MEDIUM
pod,NORMAL,40.61,MEDIUM
normal,NORMAL,1.98,LOW
warezmaster,NORMAL,28.0,LOW
neptune,ANOMALY,80.72,HIGH
normal,NORMAL,37.69,MEDIUM
httptunnel,NORMAL,34.28,MEDIUM
normal,NORMAL,36.29,MEDIUM
normal,NORMAL,1.94,LOW
snmpgetattack,NORMAL,26.68,LOW
normal,NORMAL,25.12,LOW
processtable,NORMAL,49.57,MEDIUM
normal,NORMAL,1.74,LOW
guess_passwd,NORMAL,11.5,LOW
mscan,ANOMALY,66.84,MEDIUM
guess_passwd,NORMAL,14.33,LOW
processtable,NORMAL,46.85,MEDIUM
normal,NORMAL,3.29,LOW
back,NORMAL,16.51,LOW
warezmaster,NORMAL,27.87,LOW
guess_passwd,NORMAL,20.38,LOW
apache2,ANOMALY,58.77,MEDIUM
normal,NORMAL,2.24,LOW
neptune,ANOMALY,84.33,HIGH
snmpgetattack,NORMAL,26.91,LOW
httptunnel,NORMAL,33.26,MEDIUM
guess_passwd,NORMAL,24.06,LOW
neptune,ANOMALY,80.12,HIGH
httptunnel,ANOMALY,62.44,MEDIUM
guess_passwd,NORMAL,11.14,LOW
processtable,ANOMALY,62.38,MEDIUM
neptune,ANOMALY,82.02,HIGH
normal,NORMAL,39.6,MEDIUM
smurf,NORMAL,45.69,MEDIUM
normal,NORMAL,2.1,LOW
normal,NORMAL,4.73,LOW
smurf,ANOMALY,52.82,MEDIUM
normal,NORMAL,1.75,LOW
httptunnel,ANOMALY,62.28,MEDIUM
normal,NORMAL,2.3,LOW
smurf,ANOMALY,54.25,MEDIUM
normal,NORMAL,5.88,LOW
normal,NORMAL,0.66,LOW
mscan,ANOMALY,81.52,HIGH
guess_passwd,NORMAL,20.75,LOW
httptunnel,ANOMALY,63.3,MEDIUM
portsweep,ANOMALY,56.82,MEDIUM
normal,NORMAL,5.67,LOW
saint,ANOMALY,84.55,HIGH
normal,NORMAL,0.66,LOW
normal,NORMAL,21.66,LOW
normal,NORMAL,5.22,LOW
neptune,ANOMALY,77.79,HIGH
satan,ANOMALY,98.26,HIGH
normal,NORMAL,0.99,LOW
guess_passwd,NORMAL,9.42,LOW
neptune,ANOMALY,80.32,HIGH
neptune,ANOMALY,75.79,HIGH
normal,NORMAL,5.35,LOW
satan,ANOMALY,69.01,MEDIUM
neptune,ANOMALY,80.52,HIGH
normal,NORMAL,50.45,MEDIUM
neptune,ANOMALY,85.18,HIGH
normal,NORMAL,15.56,LOW
normal,NORMAL,15.96,LOW
normal,NORMAL,2.42,LOW
normal,NORMAL,1.73,LOW
satan,ANOMALY,67.5,MEDIUM
neptune,ANOMALY,76.03,HIGH
normal,NORMAL,2.18,LOW
neptune,ANOMALY,87.06,HIGH
neptune,ANOMALY,75.43,HIGH
snmpgetattack,NORMAL,29.19,LOW
normal,NORMAL,1.47,LOW
warezmaster,NORMAL,30.93,MEDIUM
mscan,ANOMALY,75.02,HIGH
neptune,ANOMALY,74.93,HIGH
neptune,ANOMALY,81.24,HIGH
normal,NORMAL,10.81,LOW
snmpguess,NORMAL,26.39,LOW
normal,NORMAL,3.49,LOW
processtable,NORMAL,39.57,MEDIUM
neptune,ANOMALY,82.09,HIGH
processtable,ANOMALY,75.56,HIGH
multihop,NORMAL,37.98,MEDIUM
normal,NORMAL,1.24,LOW
normal,NORMAL,6.26,LOW
mscan,ANOMALY,79.35,HIGH
normal,NORMAL,23.66,LOW
normal,NORMAL,0.98,LOW
neptune,ANOMALY,81.81,HIGH
normal,NORMAL,49.69,MEDIUM
neptune,ANOMALY,81.8,HIGH
normal,NORMAL,2.13,LOW
normal,NORMAL,9.87,LOW
neptune,ANOMALY,82.36,HIGH
neptune,ANOMALY,86.01,HIGH
neptune,ANOMALY,80.9,HIGH
guess_passwd,NORMAL,24.49,LOW
normal,NORMAL,0.29,LOW
processtable,ANOMALY,76.06,HIGH
normal,NORMAL,1.95,LOW
normal,NORMAL,6.0,LOW
normal,NORMAL,2.11,LOW
neptune,ANOMALY,83.25,HIGH
neptune,ANOMALY,81.95,HIGH
normal,NORMAL,3.7,LOW
portsweep,ANOMALY,84.55,HIGH
guess_passwd,NORMAL,27.84,LOW
multihop,NORMAL,43.51,MEDIUM
normal,NORMAL,17.9,LOW
satan,ANOMALY,65.69,MEDIUM
smurf,NORMAL,35.45,MEDIUM
smurf,NORMAL,41.52,MEDIUM
normal,NORMAL,0.68,LOW
neptune,ANOMALY,77.89,HIGH
back,NORMAL,20.33,LOW
snmpgetattack,NORMAL,26.58,LOW
normal,NORMAL,1.58,LOW
mscan,ANOMALY,81.11,HIGH
neptune,ANOMALY,70.27,HIGH
normal,NORMAL,15.71,LOW
warezmaster,NORMAL,27.86,LOW
normal,NORMAL,25.32,LOW
neptune,ANOMALY,75.28,HIGH
normal,NORMAL,8.63,LOW
normal,NORMAL,39.8,MEDIUM
neptune,ANOMALY,82.2,HIGH
guess_passwd,NORMAL,10.1,LOW
warezmaster,NORMAL,30.74,MEDIUM
neptune,ANOMALY,74.6,HIGH
back,NORMAL,18.44,LOW
normal,NORMAL,9.47,LOW
neptune,ANOMALY,82.54,HIGH
neptune,ANOMALY,81.77,HIGH
apache2,ANOMALY,65.08,MEDIUM
smurf,NORMAL,38.65,MEDIUM
normal,NORMAL,2.65,LOW
back,NORMAL,19.31,LOW
mscan,ANOMALY,74.08,HIGH
saint,ANOMALY,93.72,HIGH
processtable,ANOMALY,59.02,MEDIUM
mscan,ANOMALY,81.54,HIGH
mscan,ANOMALY,61.71,MEDIUM
normal,NORMAL,4.17,LOW
guess_passwd,NORMAL,17.31,LOW
mscan,ANOMALY,80.82,HIGH
mailbomb,NORMAL,28.47,LOW
processtable,ANOMALY,67.67,MEDIUM
normal,NORMAL,18.42,LOW
neptune,ANOMALY,83.92,HIGH
smurf,ANOMALY,54.93,MEDIUM
saint,ANOMALY,93.52,HIGH
normal,NORMAL,3.09,LOW
back,NORMAL,25.85,LOW
satan,ANOMALY,66.97,MEDIUM
normal,NORMAL,20.9,LOW
neptune,ANOMALY,75.03,HIGH
neptune,ANOMALY,74.28,HIGH
normal,NORMAL,1.3,LOW
warezmaster,ANOMALY,67.37,MEDIUM
normal,NORMAL,18.07,LOW
normal,NORMAL,0.21,LOW
smurf,NORMAL,50.56,MEDIUM
processtable,ANOMALY,67.67,MEDIUM
portsweep,ANOMALY,86.37,HIGH
processtable,NORMAL,38.59,MEDIUM
neptune,ANOMALY,81.68,HIGH
mscan,ANOMALY,72.36,HIGH
processtable,ANOMALY,66.46,MEDIUM
guess_passwd,NORMAL,13.16,LOW
normal,NORMAL,0.38,LOW
normal,NORMAL,14.35,LOW
normal,NORMAL,2.16,LOW
neptune,ANOMALY,75.3,HIGH
saint,ANOMALY,54.29,MEDIUM
normal,NORMAL,49.56,MEDIUM
guess_passwd,NORMAL,27.69,LOW
processtable,NORMAL,45.24,MEDIUM
normal,NORMAL,4.87,LOW
guess_passwd,NORMAL,27.42,LOW
normal,NORMAL,12.93,LOW
normal,NORMAL,3.15,LOW
neptune,ANOMALY,81.43,HIGH
normal,NORMAL,2.53,LOW
neptune,ANOMALY,80.1,HIGH
normal,NORMAL,18.66,LOW
neptune,ANOMALY,81.07,HIGH
satan,ANOMALY,66.41,MEDIUM
guess_passwd,NORMAL,20.89,LOW
warezmaster,NORMAL,34.31,MEDIUM
satan,ANOMALY,94.3,HIGH
processtable,ANOMALY,66.37,MEDIUM
normal,NORMAL,2.62,LOW
normal,NORMAL,3.2,LOW
normal,NORMAL,50.45,MEDIUM
normal,NORMAL,0.52,LOW
satan,ANOMALY,94.85,HIGH
neptune,ANOMALY,76.18,HIGH
smurf,NORMAL,41.48,MEDIUM
neptune,ANOMALY,82.25,HIGH
normal,NORMAL,27.43,LOW
normal,NORMAL,3.14,LOW
normal,NORMAL,9.78,LOW
neptune,ANOMALY,76.63,HIGH
normal,NORMAL,16.94,LOW
apache2,ANOMALY,63.96,MEDIUM
processtable,ANOMALY,75.98,HIGH
guess_passwd,NORMAL,28.77,LOW
normal,NORMAL,1.8,LOW
normal,NORMAL,19.35,LOW
mailbomb,NORMAL,18.03,LOW
neptune,ANOMALY,81.59,HIGH
normal,NORMAL,2.24,LOW
warezmaster,NORMAL,22.74,LOW
normal,NORMAL,0.77,LOW
saint,NORMAL,30.21,MEDIUM
httptunnel,NORMAL,19.39,LOW
warezmaster,NORMAL,27.05,LOW
neptune,ANOMALY,87.03,HIGH
normal,NORMAL,0.51,LOW
normal,NORMAL,17.47,LOW
normal,NORMAL,4.23,LOW
guess_passwd,NORMAL,11.75,LOW
neptune,ANOMALY,75.84,HIGH
satan,ANOMALY,96.36,HIGH
normal,NORMAL,49.8,MEDIUM
neptune,ANOMALY,80.24,HIGH
warezmaster,NORMAL,28.85,LOW
normal,NORMAL,15.15,LOW
smurf,NORMAL,47.58,MEDIUM
normal,NORMAL,3.66,LOW
neptune,ANOMALY,86.94,HIGH
normal,NORMAL,22.6,LOW
guess_passwd,NORMAL,8.62,LOW
warezmaster,NORMAL,37.05,MEDIUM
normal,NORMAL,1.4,LOW
normal,NORMAL,6.42,LOW
snmpguess,NORMAL,26.46,LOW
neptune,ANOMALY,79.92,HIGH
neptune,ANOMALY,86.5,HIGH
snmpgetattack,NORMAL,26.63,LOW
warezmaster,NORMAL,30.53,MEDIUM
neptune,ANOMALY,81.45,HIGH
normal,NORMAL,1.18,LOW
warezmaster,NORMAL,39.4,MEDIUM
guess_passwd,NORMAL,20.6,LOW
normal,NORMAL,15.25,LOW
normal,NORMAL,3.27,LOW
neptune,ANOMALY,80.32,HIGH
normal,NORMAL,2.83,LOW
neptune,ANOMALY,81.81,HIGH
apache2,ANOMALY,62.65,MEDIUM
neptune,ANOMALY,82.25,HIGH
normal,NORMAL,37.21,MEDIUM
normal,NORMAL,0.74,LOW
smurf,NORMAL,38.96,MEDIUM
normal,NORMAL,18.39,LOW
neptune,ANOMALY,80.52,HIGH
normal,NORMAL,17.99,LOW
normal,NORMAL,2.9,LOW
neptune,ANOMALY,79.79,HIGH
neptune,ANOMALY,81.61,HIGH
normal,NORMAL,36.11,MEDIUM
portsweep,ANOMALY,85.31,HIGH
sendmail,NORMAL,31.3,MEDIUM
normal,NORMAL,0.47,LOW
apache2,NORMAL,49.41,MEDIUM
satan,ANOMALY,94.43,HIGH
normal,NORMAL,19.41,LOW
guess_passwd,NORMAL,26.94,LOW
normal,NORMAL,0.61,LOW
normal,NORMAL,0.87,LOW
smurf,NORMAL,42.22,MEDIUM
apache2,ANOMALY,53.05,MEDIUM
normal,NORMAL,1.32,LOW
neptune,ANOMALY,81.68,HIGH
mscan,ANOMALY,79.07,HIGH
ipsweep,ANOMALY,52.02,MEDIUM
normal,NORMAL,0.78,LOW
guess_passwd,NORMAL,20.82,LOW
normal,NORMAL,6.29,LOW
processtable,NORMAL,45.4,MEDIUM
smurf,ANOMALY,54.5,MEDIUM
normal,NORMAL,0.94,LOW
mailbomb,NORMAL,16.82,LOW
neptune,ANOMALY,80.77,HIGH
normal,NORMAL,7.12,LOW
warezmaster,NORMAL,32.71,MEDIUM
neptune,ANOMALY,86.17,HIGH
normal,NORMAL,0.92,LOW
normal,NORMAL,19.01,LOW
normal,NORMAL,23.43,LOW
snmpgetattack,NORMAL,26.51,LOW
saint,ANOMALY,53.44,MEDIUM
processtable,NORMAL,51.43,MEDIUM
processtable,ANOMALY,76.47,HIGH
normal,NORMAL,1.54,LOW
ipsweep,NORMAL,51.74,MEDIUM
normal,NORMAL,0.72,LOW
normal,NORMAL,0.5,LOW
normal,NORMAL,0.41,LOW
apache2,ANOMALY,59.45,MEDIUM
apache2,ANOMALY,56.15,MEDIUM
normal,NORMAL,0.41,LOW
neptune,ANOMALY,85.87,HIGH
normal,NORMAL,1.25,LOW
normal,NORMAL,44.41,MEDIUM
satan,ANOMALY,91.81,HIGH
normal,NORMAL,27.11,LOW
back,NORMAL,15.99,LOW
neptune,ANOMALY,76.2,HIGH
normal,NORMAL,50.45,MEDIUM
guess_passwd,NORMAL,15.3,LOW
normal,NORMAL,2.05,LOW
neptune,ANOMALY,80.57,HIGH
normal,NORMAL,1.15,LOW
normal,NORMAL,4.64,LOW
neptune,ANOMALY,76.11,HIGH
neptune,ANOMALY,82.23,HIGH
satan,ANOMALY,93.4,HIGH
normal,NORMAL,0.62,LOW
normal,NORMAL,1.74,LOW
guess_passwd,NORMAL,44.36,MEDIUM
normal,NORMAL,13.32,LOW
normal,NORMAL,1.65,LOW
normal,NORMAL,17.91,LOW
normal,NORMAL,17.1,LOW
normal,NORMAL,49.71,MEDIUM
saint,ANOMALY,93.2,HIGH
buffer_overflow,NORMAL,35.29,MEDIUM
normal,NORMAL,25.14,LOW
guess_passwd,NORMAL,28.18,LOW
normal,NORMAL,18.26,LOW
mscan,ANOMALY,74.2,HIGH
saint,ANOMALY,80.15,HIGH
smurf,NORMAL,47.15,MEDIUM
multihop,NORMAL,26.93,LOW
guess_passwd,NORMAL,10.03,LOW
normal,NORMAL,0.4,LOW
normal,NORMAL,0.48,LOW
normal,NORMAL,20.78,LOW
normal,ANOMALY,59.14,MEDIUM
back,NORMAL,18.65,LOW
normal,NORMAL,15.82,LOW
normal,NORMAL,9.05,LOW
normal,NORMAL,2.77,LOW
neptune,ANOMALY,76.7,HIGH
apache2,ANOMALY,62.45,MEDIUM
snmpguess,NORMAL,26.53,LOW
normal,NORMAL,1.2,LOW
saint,ANOMALY,93.83,HIGH
satan,ANOMALY,94.66,HIGH
satan,ANOMALY,94.15,HIGH
normal,NORMAL,0.97,LOW
smurf,NORMAL,38.65,MEDIUM
apache2,ANOMALY,55.84,MEDIUM
normal,NORMAL,0.38,LOW
normal,NORMAL,18.0,LOW
neptune,ANOMALY,85.65,HIGH
snmpgetattack,NORMAL,26.94,LOW
normal,NORMAL,3.09,LOW
neptune,ANOMALY,85.95,HIGH
neptune,ANOMALY,86.29,HIGH
normal,NORMAL,5.23,LOW
normal,NORMAL,0.47,LOW
neptune,ANOMALY,82.04,HIGH
ipsweep,ANOMALY,51.88,MEDIUM
normal,NORMAL,2.35,LOW
neptune,ANOMALY,80.7,HIGH
normal,NORMAL,11.51,LOW
snmpguess,NORMAL,26.23,LOW
snmpguess,NORMAL,26.63,LOW
warezmaster,NORMAL,25.39,LOW
warezmaster,ANOMALY,52.53,MEDIUM
portsweep,ANOMALY,78.41,HIGH
normal,NORMAL,2.11,LOW
normal,NORMAL,0.61,LOW
guess_passwd,ANOMALY,60.08,MEDIUM
smurf,NORMAL,42.09,MEDIUM
normal,NORMAL,1.19,LOW
normal,NORMAL,2.36,LOW
normal,NORMAL,5.29,LOW
udpstorm,NORMAL,37.64,MEDIUM
warezmaster,NORMAL,35.79,MEDIUM
normal,NORMAL,7.84,LOW
normal,NORMAL,2.52,LOW
normal,NORMAL,0.62,LOW
normal,NORMAL,5.9,LOW
processtable,NORMAL,43.92,MEDIUM
normal,NORMAL,4.09,LOW
mscan,ANOMALY,77.56,HIGH
normal,NORMAL,2.54,LOW
mscan,ANOMALY,66.68,MEDIUM
ipsweep,ANOMALY,56.66,MEDIUM
mscan,ANOMALY,62.66,MEDIUM
normal,NORMAL,6.77,LOW
snmpgetattack,NORMAL,45.31,MEDIUM
processtable,NORMAL,42.33,MEDIUM
normal,NORMAL,1.35,LOW
normal,NORMAL,12.97,LOW
normal,NORMAL,2.89,LOW
warezmaster,NORMAL,28.62,LOW
mailbomb,NORMAL,31.13,MEDIUM
saint,ANOMALY,69.09,MEDIUM
satan,ANOMALY,93.08,HIGH
normal,NORMAL,0.21,LOW
smurf,NORMAL,40.74,MEDIUM
warezmaster,NORMAL,39.02,MEDIUM
normal,NORMAL,1.56,LOW
normal,NORMAL,29.78,LOW
normal,NORMAL,5.78,LOW
mscan,ANOMALY,65.62,MEDIUM
normal,NORMAL,0.45,LOW
normal,NORMAL,4.65,LOW
mscan,ANOMALY,78.68,HIGH
mscan,NORMAL,45.5,MEDIUM
warezmaster,NORMAL,28.59,LOW
ipsweep,NORMAL,51.74,MEDIUM
neptune,ANOMALY,80.16,HIGH
normal,NORMAL,2.46,LOW
neptune,ANOMALY,87.31,HIGH
normal,NORMAL,6.03,LOW
neptune,ANOMALY,74.97,HIGH
neptune,ANOMALY,81.11,HIGH
processtable,NORMAL,47.16,MEDIUM
pod,ANOMALY,62.89,MEDIUM
normal,NORMAL,1.5,LOW
satan,ANOMALY,63.62,MEDIUM
back,NORMAL,20.6,LOW
neptune,ANOMALY,84.77,HIGH
normal,NORMAL,4.45,LOW
normal,ANOMALY,59.89,MEDIUM
portsweep,ANOMALY,75.92,HIGH
normal,NORMAL,4.17,LOW
normal,NORMAL,27.84,LOW
normal,NORMAL,2.26,LOW
normal,NORMAL,16.38,LOW
normal,NORMAL,16.42,LOW
normal,NORMAL,2.17,LOW
apache2,ANOMALY,58.38,MEDIUM
neptune,ANOMALY,79.69,HIGH
portsweep,ANOMALY,77.76,HIGH
neptune,ANOMALY,79.94,HIGH
neptune,ANOMALY,82.32,HIGH
processtable,ANOMALY,67.86,MEDIUM
normal,NORMAL,3.09,LOW
normal,NORMAL,49.72,MEDIUM
normal,NORMAL,0.31,LOW
xterm,NORMAL,31.81,MEDIUM
normal,NORMAL,17.7,LOW
neptune,ANOMALY,82.14,HIGH
normal,NORMAL,0.62,LOW
normal,NORMAL,21.61,LOW
satan,ANOMALY,67.62,MEDIUM
normal,NORMAL,0.98,LOW
normal,NORMAL,0.43,LOW
normal,NORMAL,48.84,MEDIUM
normal,NORMAL,0.42,LOW
neptune,ANOMALY,81.25,HIGH
normal,ANOMALY,74.25,HIGH
normal,NORMAL,18.73,LOW
saint,ANOMALY,92.88,HIGH
satan,ANOMALY,92.35,HIGH
warezmaster,NORMAL,33.36,MEDIUM
apache2,ANOMALY,69.04,MEDIUM
normal,NORMAL,19.11,LOW
neptune,ANOMALY,76.56,HIGH
normal,NORMAL,2.52,LOW
normal,NORMAL,5.97,LOW
neptune,ANOMALY,86.85,HIGH
saint,ANOMALY,93.35,HIGH
normal,NORMAL,0.26,LOW
normal,NORMAL,1.46,LOW
neptune,ANOMALY,81.99,HIGH
normal,NORMAL,1.43,LOW
normal,NORMAL,1.41,LOW
normal,NORMAL,49.39,MEDIUM
normal,NORMAL,6.12,LOW
satan,ANOMALY,94.53,HIGH
neptune,ANOMALY,81.03,HIGH
normal,NORMAL,3.25,LOW
neptune,ANOMALY,80.75,HIGH
normal,NORMAL,0.95,LOW
processtable,NORMAL,40.07,MEDIUM
normal,NORMAL,3.6,LOW
satan,ANOMALY,94.34,HIGH
normal,NORMAL,46.39,MEDIUM
snmpguess,NORMAL,26.39,LOW
neptune,ANOMALY,75.65,HIGH
warezmaster,NORMAL,45.0,MEDIUM
warezmaster,NORMAL,38.76,MEDIUM
neptune,ANOMALY,86.14,HIGH
neptune,ANOMALY,80.27,HIGH
mscan,ANOMALY,79.14,HIGH
normal,NORMAL,29.96,LOW
snmpguess,NORMAL,25.97,LOW
normal,NORMAL,0.39,LOW
normal,NORMAL,1.48,LOW
processtable,ANOMALY,67.23,MEDIUM
neptune,ANOMALY,82.06,HIGH
smurf,NORMAL,50.23,MEDIUM
processtable,NORMAL,38.04,MEDIUM
neptune,ANOMALY,81.5,HIGH
normal,NORMAL,1.36,LOW
normal,NORMAL,4.94,LOW
smurf,NORMAL,42.72,MEDIUM
neptune,ANOMALY,81.79,HIGH
neptune,ANOMALY,76.47,HIGH
warezmaster,NORMAL,24.29,LOW
normal,NORMAL,4.76,LOW
guess_passwd,NORMAL,21.65,LOW
processtable,ANOMALY,75.71,HIGH
normal,NORMAL,2.39,LOW
normal,NORMAL,9.27,LOW
normal,NORMAL,0.33,LOW
normal,NORMAL,1.02,LOW
neptune,ANOMALY,84.09,HIGH
neptune,ANOMALY,76.76,HIGH
neptune,ANOMALY,78.33,HIGH
neptune,ANOMALY,77.7,HIGH
portsweep,ANOMALY,72.12,HIGH
normal,NORMAL,0.76,LOW
normal,ANOMALY,53.53,MEDIUM
neptune,ANOMALY,80.72,HIGH
guess_passwd,NORMAL,23.78,LOW
normal,NORMAL,1.51,LOW
neptune,ANOMALY,81.69,HIGH
warezmaster,NORMAL,51.46,MEDIUM
neptune,ANOMALY,75.99,HIGH
normal,NORMAL,18.4,LOW
mailbomb,NORMAL,32.25,MEDIUM
normal,NORMAL,1.22,LOW
warezmaster,NORMAL,36.26,MEDIUM
normal,NORMAL,7.93,LOW
normal,NORMAL,1.37,LOW
smurf,ANOMALY,52.43,MEDIUM
normal,NORMAL,49.89,MEDIUM
back,NORMAL,21.65,LOW
normal,NORMAL,16.38,LOW
neptune,ANOMALY,75.93,HIGH
neptune,ANOMALY,81.9,HIGH
neptune,ANOMALY,85.96,HIGH
mailbomb,NORMAL,22.02,LOW
nmap,ANOMALY,81.99,HIGH
smurf,NORMAL,41.63,MEDIUM
portsweep,ANOMALY,62.24,MEDIUM
processtable,NORMAL,46.26,MEDIUM
apache2,ANOMALY,58.49,MEDIUM
apache2,ANOMALY,76.76,HIGH
neptune,ANOMALY,76.11,HIGH
satan,ANOMALY,63.66,MEDIUM
normal,NORMAL,3.68,LOW
guess_passwd,NORMAL,9.42,LOW
satan,ANOMALY,65.41,MEDIUM
neptune,ANOMALY,75.82,HIGH
normal,NORMAL,10.77,LOW
normal,NORMAL,49.69,MEDIUM
neptune,ANOMALY,80.88,HIGH
mailbomb,NORMAL,36.19,MEDIUM
normal,NORMAL,15.39,LOW
neptune,ANOMALY,79.98,HIGH
normal,NORMAL,34.73,MEDIUM
neptune,ANOMALY,86.41,HIGH
normal,NORMAL,1.34,LOW
neptune,ANOMALY,79.46,HIGH
normal,NORMAL,6.51,LOW
mscan,ANOMALY,71.27,HIGH
normal,NORMAL,47.72,MEDIUM
neptune,ANOMALY,80.58,HIGH
snmpgetattack,NORMAL,31.22,MEDIUM
snmpguess,NORMAL,26.51,LOW
neptune,ANOMALY,85.42,HIGH
satan,ANOMALY,95.15,HIGH
neptune,ANOMALY,80.27,HIGH
snmpguess,NORMAL,26.43,LOW
neptune,ANOMALY,76.54,HIGH
normal,NORMAL,1.13,LOW
mscan,ANOMALY,66.23,MEDIUM
satan,ANOMALY,92.22,HIGH
apache2,NORMAL,46.25,MEDIUM
normal,NORMAL,0.37,LOW
neptune,ANOMALY,75.05,HIGH
neptune,ANOMALY,71.45,HIGH
neptune,ANOMALY,82.72,HIGH
normal,NORMAL,39.5,MEDIUM
normal,NORMAL,2.27,LOW
normal,NORMAL,5.09,LOW
normal,NORMAL,32.22,MEDIUM
snmpgetattack,NORMAL,27.03,LOW
back,NORMAL,14.33,LOW
neptune,ANOMALY,81.77,HIGH
normal,NORMAL,0.71,LOW
normal,NORMAL,1.22,LOW
mscan,ANOMALY,72.08,HIGH
normal,NORMAL,4.09,LOW
normal,NORMAL,21.04,LOW
normal,NORMAL,18.07,LOW
saint,ANOMALY,52.86,MEDIUM
normal,NORMAL,0.38,LOW
satan,ANOMALY,68.73,MEDIUM
normal,NORMAL,1.95,LOW
normal,NORMAL,4.33,LOW
neptune,ANOMALY,87.16,HIGH
normal,NORMAL,1.02,LOW
normal,NORMAL,13.04,LOW
guess_passwd,NORMAL,28.98,LOW
mscan,ANOMALY,70.39,HIGH
normal,NORMAL,2.41,LOW
normal,NORMAL,22.24,LOW
neptune,ANOMALY,87.52,HIGH
mailbomb,NORMAL,22.07,LOW
normal,NORMAL,4.29,LOW
neptune,ANOMALY,81.73,HIGH
snmpguess,NORMAL,26.13,LOW
neptune,ANOMALY,78.61,HIGH
guess_passwd,NORMAL,19.28,LOW
normal,NORMAL,11.93,LOW
neptune,ANOMALY,87.38,HIGH
normal,NORMAL,6.3,LOW
satan,ANOMALY,56.0,MEDIUM
normal,NORMAL,20.43,LOW
guess_passwd,NORMAL,11.7,LOW
normal,NORMAL,1.35,LOW
mscan,ANOMALY,67.16,MEDIUM
normal,NORMAL,2.0,LOW
normal,NORMAL,19.26,LOW
ipsweep,NORMAL,33.14,MEDIUM
normal,NORMAL,1.51,LOW
neptune,ANOMALY,74.64,HIGH
mscan,ANOMALY,78.88,HIGH
mscan,ANOMALY,73.38,HIGH
normal,NORMAL,15.58,LOW
smurf,NORMAL,46.54,MEDIUM
neptune,ANOMALY,80.0,HIGH
apache2,ANOMALY,61.02,MEDIUM
normal,NORMAL,14.24,LOW
normal,NORMAL,50.09,MEDIUM
normal,NORMAL,16.43,LOW
normal,NORMAL,4.69,LOW
satan,ANOMALY,94.71,HIGH
normal,NORMAL,0.47,LOW
normal,NORMAL,3.37,LOW
guess_passwd,NORMAL,20.68,LOW
normal,NORMAL,34.78,MEDIUM
mscan,ANOMALY,77.65,HIGH
normal,NORMAL,5.38,LOW
normal,NORMAL,1.89,LOW
satan,ANOMALY,94.19,HIGH
normal,NORMAL,1.29,LOW
guess_passwd,NORMAL,11.28,LOW
neptune,ANOMALY,86.49,HIGH
neptune,ANOMALY,78.61,HIGH
mailbomb,NORMAL,27.48,LOW
normal,NORMAL,26.53,LOW
neptune,ANOMALY,87.25,HIGH
normal,NORMAL,4.22,LOW
satan,ANOMALY,67.62,MEDIUM
normal,NORMAL,7.59,LOW
normal,NORMAL,1.12,LOW
neptune,ANOMALY,86.45,HIGH
satan,ANOMALY,93.46,HIGH
neptune,ANOMALY,75.69,HIGH
satan,ANOMALY,91.81,HIGH
mscan,ANOMALY,80.83,HIGH
warezmaster,NORMAL,30.35,MEDIUM
normal,NORMAL,16.25,LOW
saint,ANOMALY,53.74,MEDIUM
normal,NORMAL,2.69,LOW
mscan,ANOMALY,70.83,HIGH
normal,NORMAL,1.96,LOW
neptune,ANOMALY,81.0,HIGH
warezmaster,NORMAL,38.42,MEDIUM
satan,ANOMALY,93.01,HIGH
httptunnel,ANOMALY,62.26,MEDIUM
processtable,ANOMALY,75.91,HIGH
warezmaster,NORMAL,27.8,LOW
processtable,NORMAL,46.56,MEDIUM
neptune,ANOMALY,82.69,HIGH
portsweep,ANOMALY,72.41,HIGH
normal,NORMAL,0.58,LOW
normal,NORMAL,9.88,LOW
mscan,ANOMALY,64.44,MEDIUM
normal,NORMAL,2.98,LOW
normal,NORMAL,0.35,LOW
satan,ANOMALY,67.6,MEDIUM
smurf,NORMAL,46.81,MEDIUM
normal,NORMAL,22.03,LOW
normal,NORMAL,2.27,LOW
snmpgetattack,NORMAL,28.08,LOW
neptune,ANOMALY,74.77,HIGH
neptune,ANOMALY,80.42,HIGH
normal,NORMAL,49.98,MEDIUM
warezmaster,NORMAL,32.24,MEDIUM
guess_passwd,NORMAL,20.15,LOW
mscan,ANOMALY,65.95,MEDIUM
normal,NORMAL,6.77,LOW
apache2,ANOMALY,75.32,HIGH
normal,NORMAL,0.69,LOW
mailbomb,NORMAL,18.52,LOW
neptune,ANOMALY,85.69,HIGH
normal,NORMAL,0.56,LOW
neptune,ANOMALY,85.77,HIGH
normal,NORMAL,2.14,LOW
neptune,ANOMALY,76.32,HIGH
normal,NORMAL,0.68,LOW
normal,NORMAL,1.44,LOW
neptune,ANOMALY,74.59,HIGH
normal,NORMAL,1.13,LOW
apache2,ANOMALY,64.37,MEDIUM
normal,NORMAL,1.31,LOW
normal,NORMAL,46.25,MEDIUM
neptune,ANOMALY,81.59,HIGH
normal,NORMAL,12.03,LOW
mscan,ANOMALY,75.76,HIGH
normal,NORMAL,3.0,LOW
normal,NORMAL,0.33,LOW
normal,NORMAL,25.62,LOW
normal,NORMAL,2.95,LOW
apache2,NORMAL,49.45,MEDIUM
warezmaster,NORMAL,37.09,MEDIUM
neptune,ANOMALY,82.34,HIGH
normal,NORMAL,2.58,LOW
normal,NORMAL,22.23,LOW
snmpguess,NORMAL,26.52,LOW
apache2,ANOMALY,61.19,MEDIUM
nmap,ANOMALY,82.91,HIGH
normal,NORMAL,32.21,MEDIUM
normal,NORMAL,2.72,LOW
saint,ANOMALY,85.85,HIGH
mailbomb,NORMAL,29.23,LOW
guess_passwd,NORMAL,21.01,LOW
normal,NORMAL,13.6,LOW
normal,NORMAL,12.75,LOW
pod,NORMAL,49.53,MEDIUM
normal,NORMAL,6.05,LOW
apache2,ANOMALY,56.96,MEDIUM
apache2,ANOMALY,55.14,MEDIUM
nmap,ANOMALY,76.5,HIGH
neptune,ANOMALY,80.58,HIGH
smurf,NORMAL,49.31,MEDIUM
normal,ANOMALY,61.0,MEDIUM
neptune,ANOMALY,81.74,HIGH
warezmaster,NORMAL,33.13,MEDIUM
neptune,ANOMALY,78.39,HIGH
apache2,ANOMALY,64.62,MEDIUM
normal,NORMAL,1.63,LOW
buffer_overflow,ANOMALY,59.56,MEDIUM
apache2,ANOMALY,76.01,HIGH
back,NORMAL,16.55,LOW
snmpguess,NORMAL,26.49,LOW
neptune,ANOMALY,80.94,HIGH
neptune,ANOMALY,81.64,HIGH
neptune,ANOMALY,76.66,HIGH
satan,ANOMALY,93.7,HIGH
guess_passwd,NORMAL,9.41,LOW
normal,NORMAL,27.03,LOW
normal,NORMAL,3.41,LOW
satan,ANOMALY,66.31,MEDIUM
normal,NORMAL,18.07,LOW
guess_passwd,NORMAL,21.56,LOW
neptune,ANOMALY,74.24,HIGH
normal,NORMAL,23.02,LOW
normal,NORMAL,2.09,LOW
neptune,ANOMALY,81.61,HIGH
xterm,ANOMALY,54.91,MEDIUM
neptune,ANOMALY,73.86,HIGH
neptune,ANOMALY,81.26,HIGH
normal,NORMAL,0.48,LOW
apache2,ANOMALY,65.98,MEDIUM
warezmaster,NORMAL,34.82,MEDIUM
normal,NORMAL,10.83,LOW
neptune,ANOMALY,82.04,HIGH
neptune,ANOMALY,81.55,HIGH
guess_passwd,NORMAL,15.3,LOW
normal,NORMAL,0.71,LOW
normal,NORMAL,0.23,LOW
normal,NORMAL,20.68,LOW
normal,NORMAL,49.71,MEDIUM
warezmaster,NORMAL,27.33,LOW
warezmaster,NORMAL,25.52,LOW
saint,ANOMALY,95.02,HIGH
normal,NORMAL,0.47,LOW
normal,NORMAL,4.75,LOW
normal,NORMAL,2.35,LOW
normal,NORMAL,5.12,LOW
apache2,ANOMALY,66.3,MEDIUM
mailbomb,NORMAL,32.59,MEDIUM
normal,NORMAL,0.35,LOW
guess_passwd,NORMAL,47.85,MEDIUM
normal,NORMAL,49.62,MEDIUM
normal,NORMAL,2.94,LOW
normal,NORMAL,1.62,LOW
warezmaster,NORMAL,44.99,MEDIUM
normal,NORMAL,9.99,LOW
normal,NORMAL,3.55,LOW
normal,NORMAL,0.96,LOW
neptune,ANOMALY,74.28,HIGH
satan,ANOMALY,91.44,HIGH
normal,NORMAL,0.6,LOW
neptune,ANOMALY,81.07,HIGH
processtable,NORMAL,46.34,MEDIUM
snmpgetattack,NORMAL,27.89,LOW
normal,NORMAL,0.65,LOW
normal,NORMAL,23.97,LOW
normal,NORMAL,18.64,LOW
normal,NORMAL,10.86,LOW
normal,NORMAL,10.01,LOW
apache2,ANOMALY,71.78,HIGH
normal,NORMAL,1.61,LOW
normal,NORMAL,3.35,LOW
rootkit,NORMAL,20.42,LOW
apache2,ANOMALY,61.52,MEDIUM
mscan,ANOMALY,77.88,HIGH
normal,NORMAL,0.34,LOW
guess_passwd,NORMAL,12.68,LOW
smurf,ANOMALY,55.68,MEDIUM
normal,NORMAL,5.7,LOW
normal,NORMAL,0.85,LOW
normal,NORMAL,1.37,LOW
snmpguess,NORMAL,29.39,LOW
back,NORMAL,23.44,LOW
normal,NORMAL,1.72,LOW
saint,NORMAL,50.11,MEDIUM
neptune,ANOMALY,79.99,HIGH
neptune,ANOMALY,81.39,HIGH
normal,NORMAL,1.36,LOW
portsweep,ANOMALY,76.16,HIGH
normal,NORMAL,0.87,LOW
neptune,ANOMALY,77.39,HIGH
normal,NORMAL,34.96,MEDIUM
apache2,ANOMALY,53.58,MEDIUM
neptune,ANOMALY,74.6,HIGH
guess_passwd,NORMAL,27.79,LOW
guess_passwd,NORMAL,27.89,LOW
normal,NORMAL,2.26,LOW
processtable,ANOMALY,53.59,MEDIUM
normal,NORMAL,1.39,LOW
guess_passwd,NORMAL,14.63,LOW
mscan,ANOMALY,65.14,MEDIUM
ipsweep,ANOMALY,57.25,MEDIUM
warezmaster,NORMAL,26.24,LOW
apache2,ANOMALY,62.73,MEDIUM
normal,NORMAL,0.96,LOW
mscan,ANOMALY,83.47,HIGH
satan,ANOMALY,66.19,MEDIUM
portsweep,ANOMALY,72.46,HIGH
normal,NORMAL,1.76,LOW
neptune,ANOMALY,74.46,HIGH
normal,NORMAL,0.44,LOW
normal,NORMAL,0.29,LOW
satan,ANOMALY,82.41,HIGH
normal,NORMAL,34.78,MEDIUM
neptune,ANOMALY,80.26,HIGH
apache2,NORMAL,48.54,MEDIUM
smurf,ANOMALY,52.82,MEDIUM
normal,NORMAL,0.4,LOW
apache2,ANOMALY,53.19,MEDIUM
neptune,ANOMALY,79.86,HIGH
normal,NORMAL,1.44,LOW
portsweep,ANOMALY,76.23,HIGH
normal,NORMAL,2.78,LOW
normal,NORMAL,25.25,LOW
normal,NORMAL,5.43,LOW
ipsweep,ANOMALY,51.75,MEDIUM
neptune,ANOMALY,81.19,HIGH
neptune,ANOMALY,76.36,HIGH
normal,NORMAL,10.09,LOW
satan,ANOMALY,93.15,HIGH
neptune,ANOMALY,81.17,HIGH
mscan,ANOMALY,64.12,MEDIUM
normal,NORMAL,1.11,LOW
neptune,ANOMALY,86.53,HIGH
guess_passwd,NORMAL,24.28,LOW
normal,NORMAL,18.53,LOW
mailbomb,NORMAL,28.63,LOW
normal,NORMAL,9.25,LOW
mailbomb,NORMAL,22.57,LOW
warezmaster,NORMAL,26.06,LOW
satan,ANOMALY,67.6,MEDIUM
saint,ANOMALY,93.69,HIGH
apache2,ANOMALY,60.44,MEDIUM
portsweep,ANOMALY,79.93,HIGH
normal,ANOMALY,97.1,HIGH
mailbomb,NORMAL,30.17,MEDIUM
normal,NORMAL,4.27,LOW
normal,NORMAL,1.51,LOW
normal,NORMAL,0.49,LOW
smurf,ANOMALY,52.49,MEDIUM
mscan,ANOMALY,82.14,HIGH
normal,NORMAL,1.8,LOW
neptune,ANOMALY,85.83,HIGH
normal,NORMAL,0.36,LOW
neptune,ANOMALY,86.85,HIGH
mscan,ANOMALY,64.54,MEDIUM
mailbomb,NORMAL,26.25,LOW
neptune,ANOMALY,86.42,HIGH
normal,NORMAL,0.43,LOW
processtable,ANOMALY,67.0,MEDIUM
normal,NORMAL,9.76,LOW
neptune,ANOMALY,86.14,HIGH
guess_passwd,NORMAL,9.38,LOW
normal,NORMAL,1.32,LOW
neptune,ANOMALY,86.9,HIGH
guess_passwd,NORMAL,10.23,LOW
normal,NORMAL,23.97,LOW
normal,NORMAL,25.15,LOW
warezmaster,ANOMALY,52.53,MEDIUM
normal,NORMAL,1.95,LOW
normal,NORMAL,4.17,LOW
neptune,ANOMALY,79.91,HIGH
apache2,ANOMALY,61.02,MEDIUM
mscan,ANOMALY,66.62,MEDIUM
mailbomb,NORMAL,27.06,LOW
ipsweep,ANOMALY,51.76,MEDIUM
normal,NORMAL,17.04,LOW
warezmaster,NORMAL,27.8,LOW
apache2,ANOMALY,60.24,MEDIUM
normal,NORMAL,5.93,LOW
apache2,ANOMALY,61.57,MEDIUM
normal,NORMAL,1.07,LOW
normal,NORMAL,25.02,LOW
saint,ANOMALY,93.48,HIGH
apache2,NORMAL,49.58,MEDIUM
snmpgetattack,NORMAL,26.6,LOW
warezmaster,NORMAL,25.24,LOW
neptune,ANOMALY,86.48,HIGH
guess_passwd,NORMAL,12.67,LOW
mscan,ANOMALY,69.42,MEDIUM
neptune,ANOMALY,80.39,HIGH
normal,NORMAL,16.15,LOW
back,NORMAL,15.89,LOW
neptune,ANOMALY,77.56,HIGH
neptune,ANOMALY,74.25,HIGH
warezmaster,NORMAL,28.39,LOW
normal,NORMAL,38.89,MEDIUM
neptune,ANOMALY,87.12,HIGH
normal,NORMAL,2.97,LOW
back,NORMAL,25.99,LOW
neptune,ANOMALY,80.39,HIGH
normal,NORMAL,2.9,LOW
normal,NORMAL,16.05,LOW
httptunnel,ANOMALY,68.33,MEDIUM
satan,ANOMALY,95.01,HIGH
normal,NORMAL,17.6,LOW
normal,NORMAL,1.17,LOW
normal,NORMAL,1.23,LOW
neptune,ANOMALY,87.36,HIGH
normal,NORMAL,0.21,LOW
back,NORMAL,9.19,LOW
neptune,ANOMALY,76.62,HIGH
normal,NORMAL,0.57,LOW
normal,NORMAL,3.66,LOW
normal,NORMAL,2.16,LOW
apache2,NORMAL,47.7,MEDIUM
mscan,ANOMALY,84.98,HIGH
normal,NORMAL,21.08,LOW
guess_passwd,NORMAL,14.76,LOW
normal,NORMAL,5.86,LOW
normal,NORMAL,2.01,LOW
smurf,NORMAL,44.74,MEDIUM
normal,NORMAL,11.91,LOW
normal,NORMAL,15.23,LOW
normal,ANOMALY,68.4,MEDIUM
neptune,ANOMALY,80.84,HIGH
neptune,ANOMALY,81.04,HIGH
neptune,ANOMALY,87.36,HIGH
processtable,NORMAL,46.24,MEDIUM
smurf,NORMAL,41.95,MEDIUM
mscan,ANOMALY,61.7,MEDIUM
mscan,ANOMALY,64.65,MEDIUM
neptune,ANOMALY,82.34,HIGH
normal,NORMAL,18.45,LOW
normal,NORMAL,0.26,LOW
normal,NORMAL,1.36,LOW
smurf,NORMAL,39.58,MEDIUM
neptune,ANOMALY,86.05,HIGH
warezmaster,NORMAL,28.59,LOW
normal,NORMAL,1.79,LOW
guess_passwd,NORMAL,10.07,LOW
processtable,ANOMALY,67.95,MEDIUM
normal,NORMAL,0.35,LOW
warezmaster,NORMAL,27.42,LOW
normal,NORMAL,35.23,MEDIUM
guess_passwd,NORMAL,22.82,LOW
normal,NORMAL,1.79,LOW
normal,NORMAL,29.87,LOW
smurf,ANOMALY,52.04,MEDIUM
neptune,ANOMALY,74.55,HIGH
neptune,ANOMALY,76.14,HIGH
processtable,NORMAL,51.64,MEDIUM
normal,NORMAL,2.01,LOW
normal,NORMAL,21.88,LOW
normal,NORMAL,2.42,LOW
satan,ANOMALY,94.6,HIGH
mscan,ANOMALY,69.08,MEDIUM
neptune,ANOMALY,81.47,HIGH
neptune,ANOMALY,74.95,HIGH
normal,NORMAL,6.85,LOW
normal,NORMAL,11.96,LOW
normal,NORMAL,3.96,LOW
neptune,ANOMALY,85.6,HIGH
snmpguess,NORMAL,26.33,LOW
saint,ANOMALY,94.11,HIGH
neptune,ANOMALY,76.63,HIGH
normal,NORMAL,0.78,LOW
normal,NORMAL,3.79,LOW
neptune,ANOMALY,87.66,HIGH
normal,NORMAL,30.02,MEDIUM
normal,NORMAL,21.07,LOW
mailbomb,NORMAL,26.81,LOW
normal,NORMAL,50.09,MEDIUM
neptune,ANOMALY,81.64,HIGH
neptune,ANOMALY,75.68,HIGH
mscan,ANOMALY,83.62,HIGH
normal,NORMAL,23.21,LOW
neptune,ANOMALY,78.37,HIGH
warezmaster,NORMAL,28.85,LOW
normal,NORMAL,16.36,LOW
normal,NORMAL,0.48,LOW
normal,NORMAL,29.1,LOW
neptune,ANOMALY,76.03,HIGH
guess_passwd,NORMAL,11.44,LOW
neptune,ANOMALY,73.8,HIGH
neptune,ANOMALY,87.61,HIGH
normal,NORMAL,9.33,LOW
neptune,ANOMALY,84.76,HIGH
smurf,ANOMALY,51.79,MEDIUM
warezmaster,ANOMALY,51.86,MEDIUM
neptune,ANOMALY,84.59,HIGH
normal,NORMAL,3.24,LOW
neptune,ANOMALY,89.75,HIGH
neptune,ANOMALY,75.21,HIGH
normal,NORMAL,3.3,LOW
neptune,ANOMALY,82.67,HIGH
normal,NORMAL,1.15,LOW
neptune,ANOMALY,79.94,HIGH
normal,NORMAL,50.12,MEDIUM
mscan,ANOMALY,70.97,HIGH
normal,NORMAL,27.29,LOW
normal,NORMAL,2.1,LOW
normal,NORMAL,10.23,LOW
pod,NORMAL,49.81,MEDIUM
normal,NORMAL,1.53,LOW
mscan,ANOMALY,76.62,HIGH
portsweep,ANOMALY,67.64,MEDIUM
normal,ANOMALY,88.75,HIGH
normal,NORMAL,10.97,LOW
normal,NORMAL,6.11,LOW
normal,NORMAL,2.39,LOW
mailbomb,NORMAL,18.71,LOW
normal,NORMAL,2.76,LOW
normal,ANOMALY,71.29,HIGH
normal,NORMAL,2.88,LOW
normal,NORMAL,3.01,LOW
processtable,ANOMALY,75.84,HIGH
normal,NORMAL,50.26,MEDIUM
normal,NORMAL,10.98,LOW
normal,NORMAL,2.6,LOW
normal,NORMAL,1.73,LOW
httptunnel,ANOMALY,69.34,MEDIUM
xterm,NORMAL,27.05,LOW
mscan,ANOMALY,75.05,HIGH
warezmaster,NORMAL,16.45,LOW
normal,NORMAL,2.7,LOW
satan,ANOMALY,86.19,HIGH
mscan,ANOMALY,78.96,HIGH
warezmaster,NORMAL,51.23,MEDIUM
mscan,ANOMALY,76.79,HIGH
normal,NORMAL,4.01,LOW
normal,NORMAL,1.36,LOW
normal,NORMAL,2.13,LOW
snmpgetattack,NORMAL,26.91,LOW
normal,NORMAL,1.17,LOW
neptune,ANOMALY,76.86,HIGH
normal,NORMAL,2.16,LOW
normal,NORMAL,3.81,LOW
normal,NORMAL,1.22,LOW
neptune,ANOMALY,75.21,HIGH
guess_passwd,NORMAL,11.09,LOW
mscan,ANOMALY,59.39,MEDIUM
normal,NORMAL,10.07,LOW
back,NORMAL,35.85,MEDIUM
normal,NORMAL,1.1,LOW
neptune,ANOMALY,75.94,HIGH
neptune,ANOMALY,75.23,HIGH
normal,NORMAL,8.5,LOW
normal,NORMAL,1.55,LOW
guess_passwd,NORMAL,33.8,MEDIUM
normal,NORMAL,0.42,LOW
normal,NORMAL,5.48,LOW
normal,NORMAL,0.38,LOW
normal,NORMAL,35.06,MEDIUM
normal,NORMAL,2.44,LOW
normal,NORMAL,7.52,LOW
neptune,ANOMALY,81.78,HIGH
normal,NORMAL,0.82,LOW
normal,NORMAL,18.21,LOW
normal,NORMAL,4.52,LOW
smurf,NORMAL,48.81,MEDIUM
neptune,ANOMALY,76.52,HIGH
mailbomb,NORMAL,21.53,LOW
warezmaster,NORMAL,50.66,MEDIUM
normal,NORMAL,15.06,LOW
back,NORMAL,15.49,LOW
warezmaster,NORMAL,47.21,MEDIUM
guess_passwd,NORMAL,20.82,LOW
neptune,ANOMALY,85.67,HIGH
normal,NORMAL,49.72,MEDIUM
normal,NORMAL,50.45,MEDIUM
neptune,ANOMALY,86.01,HIGH
normal,NORMAL,4.77,LOW
neptune,ANOMALY,86.61,HIGH
normal,NORMAL,10.69,LOW
normal,NORMAL,23.94,LOW
back,NORMAL,35.39,MEDIUM
normal,NORMAL,3.12,LOW
warezmaster,NORMAL,26.47,LOW
normal,NORMAL,0.56,LOW
neptune,ANOMALY,86.06,HIGH
sendmail,NORMAL,30.14,MEDIUM
smurf,NORMAL,48.7,MEDIUM
warezmaster,NORMAL,32.02,MEDIUM
normal,NORMAL,12.66,LOW
neptune,ANOMALY,76.54,HIGH
mscan,ANOMALY,82.48,HIGH
neptune,ANOMALY,79.05,HIGH
normal,NORMAL,0.89,LOW
neptune,ANOMALY,80.3,HIGH
satan,ANOMALY,81.49,HIGH
neptune,ANOMALY,75.92,HIGH
smurf,NORMAL,39.61,MEDIUM
mscan,ANOMALY,66.06,MEDIUM
normal,ANOMALY,64.65,MEDIUM
apache2,ANOMALY,76.02,HIGH
normal,NORMAL,34.82,MEDIUM
normal,NORMAL,4.1,LOW
normal,NORMAL,2.16,LOW
neptune,ANOMALY,86.75,HIGH
normal,NORMAL,3.87,LOW
snmpguess,NORMAL,26.63,LOW
snmpguess,NORMAL,26.5,LOW
normal,NORMAL,7.8,LOW
mailbomb,NORMAL,17.37,LOW
ipsweep,ANOMALY,55.82,MEDIUM
neptune,ANOMALY,85.76,HIGH
warezmaster,NORMAL,34.44,MEDIUM
normal,NORMAL,0.33,LOW
mscan,ANOMALY,66.06,MEDIUM
guess_passwd,NORMAL,12.6,LOW
normal,NORMAL,1.42,LOW
guess_passwd,NORMAL,10.19,LOW
smurf,ANOMALY,54.16,MEDIUM
normal,NORMAL,25.69,LOW
land,ANOMALY,91.22,HIGH
normal,NORMAL,34.12,MEDIUM
normal,NORMAL,12.15,LOW
normal,NORMAL,2.59,LOW
normal,NORMAL,0.34,LOW
neptune,ANOMALY,85.81,HIGH
normal,NORMAL,0.76,LOW
apache2,ANOMALY,53.86,MEDIUM
normal,NORMAL,16.68,LOW
neptune,ANOMALY,81.93,HIGH
normal,NORMAL,11.82,LOW
normal,ANOMALY,74.17,HIGH
normal,NORMAL,1.24,LOW
normal,NORMAL,3.08,LOW
back,NORMAL,23.02,LOW
normal,NORMAL,1.45,LOW
back,NORMAL,16.44,LOW
neptune,ANOMALY,81.5,HIGH
smurf,ANOMALY,52.19,MEDIUM
normal,NORMAL,0.32,LOW
normal,NORMAL,13.44,LOW
normal,NORMAL,32.97,MEDIUM
guess_passwd,NORMAL,10.51,LOW
neptune,ANOMALY,81.83,HIGH
neptune,ANOMALY,80.35,HIGH
mscan,ANOMALY,63.01,MEDIUM
normal,NORMAL,3.09,LOW
normal,NORMAL,43.12,MEDIUM
normal,NORMAL,1.87,LOW
mscan,ANOMALY,69.77,MEDIUM
smurf,ANOMALY,52.75,MEDIUM
normal,NORMAL,34.41,MEDIUM
apache2,ANOMALY,61.76,MEDIUM
warezmaster,NORMAL,36.43,MEDIUM
normal,NORMAL,3.94,LOW
guess_passwd,NORMAL,12.62,LOW
normal,NORMAL,2.22,LOW
apache2,ANOMALY,73.57,HIGH
normal,NORMAL,0.54,LOW
warezmaster,NORMAL,28.49,LOW
guess_passwd,NORMAL,28.92,LOW
satan,ANOMALY,94.44,HIGH
neptune,ANOMALY,82.09,HIGH
normal,NORMAL,31.05,MEDIUM
normal,NORMAL,8.81,LOW
apache2,ANOMALY,57.33,MEDIUM
normal,NORMAL,16.43,LOW
normal,NORMAL,3.94,LOW
neptune,ANOMALY,79.13,HIGH
neptune,ANOMALY,80.58,HIGH
mailbomb,NORMAL,26.94,LOW
normal,NORMAL,4.9,LOW
normal,NORMAL,0.89,LOW
normal,NORMAL,3.28,LOW
ipsweep,ANOMALY,52.77,MEDIUM
neptune,ANOMALY,81.1,HIGH
neptune,ANOMALY,75.19,HIGH
normal,NORMAL,28.53,LOW
normal,NORMAL,14.43,LOW
normal,NORMAL,1.54,LOW
normal,NORMAL,5.0,LOW
normal,NORMAL,22.13,LOW
normal,NORMAL,2.29,LOW
normal,NORMAL,3.37,LOW
normal,NORMAL,6.31,LOW
normal,NORMAL,2.36,LOW
neptune,ANOMALY,76.31,HIGH
neptune,ANOMALY,85.49,HIGH
normal,NORMAL,26.73,LOW
warezmaster,NORMAL,35.88,MEDIUM
normal,NORMAL,29.48,LOW
normal,NORMAL,1.55,LOW
normal,NORMAL,2.7,LOW
smurf,NORMAL,41.65,MEDIUM
neptune,ANOMALY,81.6,HIGH
neptune,ANOMALY,86.08,HIGH
mscan,ANOMALY,77.11,HIGH
warezmaster,NORMAL,23.1,LOW
neptune,ANOMALY,76.09,HIGH
neptune,ANOMALY,87.29,HIGH
normal,NORMAL,2.45,LOW
normal,NORMAL,2.6,LOW
processtable,ANOMALY,58.8,MEDIUM
normal,NORMAL,29.65,LOW
normal,NORMAL,5.37,LOW
neptune,ANOMALY,81.68,HIGH
guess_passwd,NORMAL,28.08,LOW
neptune,ANOMALY,79.21,HIGH
normal,NORMAL,9.35,LOW
normal,NORMAL,9.82,LOW
guess_passwd,NORMAL,27.75,LOW
neptune,ANOMALY,76.4,HIGH
neptune,ANOMALY,85.81,HIGH
neptune,ANOMALY,86.11,HIGH
normal,NORMAL,13.17,LOW
neptune,ANOMALY,81.72,HIGH
processtable,ANOMALY,53.59,MEDIUM
satan,ANOMALY,95.18,HIGH
neptune,ANOMALY,82.14,HIGH
normal,NORMAL,0.55,LOW
normal,NORMAL,9.94,LOW
normal,NORMAL,0.46,LOW
normal,NORMAL,7.31,LOW
normal,NORMAL,7.3,LOW
neptune,ANOMALY,86.44,HIGH
normal,NORMAL,39.06,MEDIUM
normal,NORMAL,1.67,LOW
snmpgetattack,NORMAL,26.88,LOW
normal,NORMAL,1.08,LOW
mscan,ANOMALY,86.24,HIGH
httptunnel,ANOMALY,61.71,MEDIUM
normal,NORMAL,0.41,LOW
normal,NORMAL,1.76,LOW
neptune,ANOMALY,74.6,HIGH
normal,NORMAL,22.26,LOW
normal,NORMAL,0.79,LOW
normal,NORMAL,1.63,LOW
normal,NORMAL,0.88,LOW
neptune,ANOMALY,86.9,HIGH
smurf,NORMAL,35.91,MEDIUM
normal,NORMAL,2.76,LOW
normal,NORMAL,10.79,LOW
normal,NORMAL,26.88,LOW
normal,NORMAL,1.57,LOW
apache2,ANOMALY,52.36,MEDIUM
ps,NORMAL,26.46,LOW
neptune,ANOMALY,74.82,HIGH
normal,NORMAL,50.09,MEDIUM
normal,NORMAL,17.99,LOW
saint,ANOMALY,93.65,HIGH
normal,NORMAL,4.73,LOW
normal,NORMAL,0.6,LOW
guess_passwd,NORMAL,9.48,LOW
neptune,ANOMALY,76.95,HIGH
warezmaster,ANOMALY,54.09,MEDIUM
normal,NORMAL,1.39,LOW
guess_passwd,NORMAL,9.7,LOW
normal,NORMAL,25.13,LOW
neptune,ANOMALY,81.88,HIGH
neptune,ANOMALY,79.25,HIGH
normal,NORMAL,20.36,LOW
smurf,ANOMALY,52.48,MEDIUM
normal,ANOMALY,77.44,HIGH
warezmaster,NORMAL,28.92,LOW
neptune,ANOMALY,80.59,HIGH
normal,NORMAL,49.98,MEDIUM
apache2,NORMAL,49.79,MEDIUM
neptune,ANOMALY,75.61,HIGH
normal,NORMAL,2.91,LOW
normal,NORMAL,1.24,LOW
ipsweep,ANOMALY,56.86,MEDIUM
processtable,NORMAL,50.32,MEDIUM
apache2,ANOMALY,59.96,MEDIUM
normal,NORMAL,1.11,LOW
neptune,ANOMALY,86.87,HIGH
satan,ANOMALY,61.75,MEDIUM
normal,NORMAL,39.55,MEDIUM
normal,NORMAL,19.57,LOW
apache2,ANOMALY,56.86,MEDIUM
warezmaster,NORMAL,32.1,MEDIUM
normal,NORMAL,35.97,MEDIUM
warezmaster,NORMAL,25.4,LOW
normal,NORMAL,2.99,LOW
processtable,ANOMALY,75.66,HIGH
normal,NORMAL,0.17,LOW
satan,ANOMALY,94.37,HIGH
normal,NORMAL,2.57,LOW
normal,NORMAL,10.76,LOW
normal,NORMAL,2.73,LOW
normal,NORMAL,0.53,LOW
normal,NORMAL,48.83,MEDIUM
normal,NORMAL,15.93,LOW
neptune,ANOMALY,91.82,HIGH
normal,NORMAL,0.63,LOW
neptune,ANOMALY,79.8,HIGH
normal,NORMAL,0.32,LOW
snmpgetattack,NORMAL,27.1,LOW
warezmaster,NORMAL,33.75,MEDIUM
mailbomb,NORMAL,12.73,LOW
normal,NORMAL,49.72,MEDIUM
normal,NORMAL,1.22,LOW
normal,NORMAL,26.66,LOW
apache2,ANOMALY,70.0,MEDIUM
neptune,ANOMALY,82.09,HIGH
normal,NORMAL,1.92,LOW
neptune,ANOMALY,93.67,HIGH
normal,NORMAL,2.19,LOW
normal,ANOMALY,58.88,MEDIUM
normal,NORMAL,49.62,MEDIUM
neptune,ANOMALY,82.15,HIGH
smurf,NORMAL,49.58,MEDIUM
normal,NORMAL,2.54,LOW
processtable,ANOMALY,67.95,MEDIUM
satan,ANOMALY,64.23,MEDIUM
normal,NORMAL,8.52,LOW
mscan,ANOMALY,81.5,HIGH
mscan,ANOMALY,81.92,HIGH
back,NORMAL,15.2,LOW
neptune,ANOMALY,77.09,HIGH
normal,NORMAL,1.91,LOW
normal,NORMAL,35.38,MEDIUM
normal,NORMAL,2.29,LOW
neptune,ANOMALY,81.73,HIGH
normal,NORMAL,26.55,LOW
httptunnel,ANOMALY,62.66,MEDIUM
smurf,NORMAL,45.27,MEDIUM
guess_passwd,NORMAL,12.58,LOW
neptune,ANOMALY,74.96,HIGH
normal,NORMAL,5.37,LOW
normal,NORMAL,41.35,MEDIUM
normal,NORMAL,9.47,LOW
neptune,ANOMALY,86.52,HIGH
normal,NORMAL,1.82,LOW
normal,NORMAL,6.29,LOW
apache2,ANOMALY,67.51,MEDIUM
normal,NORMAL,19.48,LOW
normal,NORMAL,45.19,MEDIUM
normal,NORMAL,2.3,LOW
normal,NORMAL,17.17,LOW
guess_passwd,NORMAL,10.53,LOW
neptune,ANOMALY,86.39,HIGH
normal,NORMAL,5.01,LOW
normal,NORMAL,2.54,LOW
normal,NORMAL,1.94,LOW
normal,NORMAL,1.89,LOW
neptune,ANOMALY,79.21,HIGH
processtable,NORMAL,45.08,MEDIUM
normal,NORMAL,26.57,LOW
normal,NORMAL,2.08,LOW
normal,NORMAL,19.87,LOW
normal,NORMAL,1.91,LOW
neptune,ANOMALY,81.37,HIGH
neptune,ANOMALY,82.04,HIGH
guess_passwd,NORMAL,23.18,LOW
normal,NORMAL,23.32,LOW
back,NORMAL,19.34,LOW
back,NORMAL,31.47,MEDIUM
normal,NORMAL,42.13,MEDIUM
neptune,ANOMALY,81.47,HIGH
nmap,ANOMALY,81.64,HIGH
neptune,ANOMALY,81.15,HIGH
normal,NORMAL,33.21,MEDIUM
neptune,ANOMALY,74.64,HIGH
apache2,ANOMALY,76.68,HIGH
neptune,ANOMALY,81.28,HIGH
guess_passwd,NORMAL,11.07,LOW
saint,ANOMALY,93.69,HIGH
apache2,ANOMALY,58.66,MEDIUM
neptune,ANOMALY,82.25,HIGH
mscan,ANOMALY,83.19,HIGH
normal,NORMAL,0.91,LOW
normal,NORMAL,28.21,LOW
normal,NORMAL,4.75,LOW
mailbomb,NORMAL,28.05,LOW
normal,NORMAL,0.62,LOW
guess_passwd,NORMAL,10.22,LOW
normal,NORMAL,1.42,LOW
normal,NORMAL,45.88,MEDIUM
smurf,ANOMALY,52.97,MEDIUM
guess_passwd,NORMAL,9.48,LOW
normal,NORMAL,23.04,LOW
neptune,ANOMALY,82.15,HIGH
neptune,ANOMALY,85.54,HIGH
neptune,ANOMALY,80.48,HIGH
guess_passwd,NORMAL,9.5,LOW
guess_passwd,NORMAL,21.06,LOW
normal,NORMAL,5.41,LOW
neptune,ANOMALY,82.37,HIGH
normal,NORMAL,10.02,LOW
processtable,ANOMALY,53.43,MEDIUM
normal,NORMAL,3.59,LOW
satan,ANOMALY,93.21,HIGH
guess_passwd,NORMAL,11.5,LOW
normal,NORMAL,18.24,LOW
normal,NORMAL,1.19,LOW
guess_passwd,NORMAL,9.93,LOW
normal,NORMAL,17.98,LOW
saint,ANOMALY,93.69,HIGH
neptune,ANOMALY,81.19,HIGH
saint,ANOMALY,60.09,MEDIUM
apache2,ANOMALY,60.69,MEDIUM
guess_passwd,NORMAL,24.02,LOW
normal,NORMAL,6.78,LOW
snmpgetattack,NORMAL,28.3,LOW
satan,ANOMALY,93.8,HIGH
guess_passwd,NORMAL,28.89,LOW
mscan,ANOMALY,75.4,HIGH
back,NORMAL,18.04,LOW
httptunnel,ANOMALY,62.66,MEDIUM
neptune,ANOMALY,86.71,HIGH
normal,NORMAL,0.71,LOW
neptune,ANOMALY,80.68,HIGH
neptune,ANOMALY,79.3,HIGH
neptune,ANOMALY,81.42,HIGH
satan,ANOMALY,98.07,HIGH
warezmaster,NORMAL,38.06,MEDIUM
normal,NORMAL,0.82,LOW
normal,NORMAL,0.93,LOW
mailbomb,NORMAL,24.57,LOW
normal,NORMAL,0.55,LOW
neptune,ANOMALY,85.97,HIGH
mscan,ANOMALY,87.31,HIGH
satan,ANOMALY,94.6,HIGH
normal,NORMAL,0.39,LOW
snmpgetattack,NORMAL,26.81,LOW
apache2,ANOMALY,55.05,MEDIUM
normal,NORMAL,38.7,MEDIUM
snmpgetattack,NORMAL,28.22,LOW
neptune,ANOMALY,86.76,HIGH
mscan,ANOMALY,79.12,HIGH
normal,NORMAL,21.42,LOW
normal,NORMAL,8.75,LOW
normal,NORMAL,1.23,LOW
saint,ANOMALY,52.6,MEDIUM
warezmaster,NORMAL,25.93,LOW
smurf,NORMAL,44.34,MEDIUM
neptune,ANOMALY,82.07,HIGH
smurf,ANOMALY,60.9,MEDIUM
normal,NORMAL,0.65,LOW
normal,NORMAL,0.76,LOW
apache2,ANOMALY,70.85,HIGH
normal,NORMAL,3.07,LOW
portsweep,ANOMALY,82.8,HIGH
neptune,ANOMALY,80.52,HIGH
smurf,NORMAL,37.3,MEDIUM
snmpgetattack,NORMAL,26.83,LOW
neptune,ANOMALY,74.56,HIGH
normal,NORMAL,19.34,LOW
normal,NORMAL,3.33,LOW
processtable,ANOMALY,75.6,HIGH
neptune,ANOMALY,74.51,HIGH
processtable,ANOMALY,66.42,MEDIUM
snmpgetattack,NORMAL,27.0,LOW
processtable,NORMAL,42.76,MEDIUM
smurf,ANOMALY,53.59,MEDIUM
normal,NORMAL,0.29,LOW
normal,ANOMALY,67.66,MEDIUM
neptune,ANOMALY,75.29,HIGH
snmpguess,NORMAL,26.06,LOW
normal,NORMAL,1.59,LOW
normal,NORMAL,28.82,LOW
normal,NORMAL,3.23,LOW
teardrop,NORMAL,43.41,MEDIUM
processtable,NORMAL,43.52,MEDIUM
normal,NORMAL,21.69,LOW
normal,NORMAL,6.67,LOW
normal,NORMAL,3.82,LOW
normal,NORMAL,0.21,LOW
normal,NORMAL,6.67,LOW
satan,ANOMALY,63.38,MEDIUM
smurf,NORMAL,35.73,MEDIUM
processtable,ANOMALY,54.25,MEDIUM
normal,NORMAL,0.97,LOW
normal,NORMAL,6.75,LOW
back,NORMAL,17.62,LOW
normal,NORMAL,3.16,LOW
satan,ANOMALY,95.08,HIGH
normal,NORMAL,18.81,LOW
neptune,ANOMALY,75.41,HIGH
normal,NORMAL,21.8,LOW
neptune,ANOMALY,81.9,HIGH
mailbomb,NORMAL,28.33,LOW
neptune,ANOMALY,82.07,HIGH
normal,NORMAL,2.35,LOW
neptune,ANOMALY,79.81,HIGH
normal,NORMAL,3.19,LOW
neptune,ANOMALY,76.27,HIGH
normal,NORMAL,2.79,LOW
neptune,ANOMALY,85.76,HIGH
mailbomb,NORMAL,25.31,LOW
normal,NORMAL,1.92,LOW
normal,NORMAL,2.25,LOW
neptune,ANOMALY,77.42,HIGH
smurf,NORMAL,40.1,MEDIUM
normal,NORMAL,0.62,LOW
normal,NORMAL,19.94,LOW
normal,NORMAL,0.58,LOW
neptune,ANOMALY,91.14,HIGH
processtable,ANOMALY,76.34,HIGH
normal,NORMAL,20.81,LOW
neptune,ANOMALY,76.4,HIGH
normal,NORMAL,1.81,LOW
normal,NORMAL,0.46,LOW
normal,NORMAL,3.52,LOW
normal,NORMAL,21.06,LOW
neptune,ANOMALY,82.34,HIGH
smurf,NORMAL,42.23,MEDIUM
neptune,ANOMALY,76.54,HIGH
normal,NORMAL,2.15,LOW
satan,ANOMALY,63.68,MEDIUM
normal,NORMAL,4.62,LOW
normal,NORMAL,49.2,MEDIUM
normal,NORMAL,29.14,LOW
neptune,ANOMALY,86.61,HIGH
neptune,ANOMALY,79.66,HIGH
neptune,ANOMALY,86.78,HIGH
normal,NORMAL,4.7,LOW
normal,NORMAL,22.67,LOW
processtable,ANOMALY,75.99,HIGH
normal,NORMAL,0.55,LOW
normal,NORMAL,20.18,LOW
guess_passwd,NORMAL,23.87,LOW
neptune,ANOMALY,80.35,HIGH
normal,NORMAL,11.26,LOW
normal,NORMAL,3.12,LOW
warezmaster,NORMAL,26.84,LOW
normal,NORMAL,1.05,LOW
normal,NORMAL,43.51,MEDIUM
normal,NORMAL,0.49,LOW
neptune,ANOMALY,81.77,HIGH
neptune,ANOMALY,76.38,HIGH
normal,NORMAL,13.68,LOW
normal,NORMAL,29.13,LOW
apache2,ANOMALY,58.79,MEDIUM
normal,NORMAL,27.87,LOW
normal,NORMAL,1.01,LOW
neptune,ANOMALY,80.39,HIGH
normal,NORMAL,6.12,LOW
normal,NORMAL,1.73,LOW
normal,NORMAL,3.51,LOW
normal,NORMAL,1.21,LOW
normal,NORMAL,0.58,LOW
neptune,ANOMALY,82.13,HIGH
normal,NORMAL,1.82,LOW
warezmaster,NORMAL,44.41,MEDIUM
normal,NORMAL,29.33,LOW
normal,NORMAL,22.65,LOW
normal,NORMAL,1.37,LOW
normal,NORMAL,7.52,LOW
mailbomb,NORMAL,28.06,LOW
normal,NORMAL,0.59,LOW
smurf,NORMAL,51.53,MEDIUM
satan,ANOMALY,66.21,MEDIUM
smurf,NORMAL,41.4,MEDIUM
normal,NORMAL,29.31,LOW
neptune,ANOMALY,82.16,HIGH
neptune,ANOMALY,86.72,HIGH
neptune,ANOMALY,85.5,HIGH
normal,NORMAL,3.19,LOW
neptune,ANOMALY,81.76,HIGH
normal,NORMAL,16.9,LOW
apache2,ANOMALY,52.52,MEDIUM
neptune,ANOMALY,86.9,HIGH
neptune,ANOMALY,86.92,HIGH
processtable,NORMAL,49.57,MEDIUM
apache2,ANOMALY,63.67,MEDIUM
normal,NORMAL,11.32,LOW
neptune,ANOMALY,81.31,HIGH
neptune,ANOMALY,81.54,HIGH
normal,NORMAL,6.06,LOW
normal,NORMAL,21.97,LOW
processtable,NORMAL,39.6,MEDIUM
normal,NORMAL,3.69,LOW
normal,NORMAL,49.72,MEDIUM
normal,NORMAL,29.85,LOW
guess_passwd,NORMAL,10.49,LOW
neptune,ANOMALY,76.76,HIGH
normal,NORMAL,1.2,LOW
normal,NORMAL,0.36,LOW
warezmaster,NORMAL,28.17,LOW
processtable,ANOMALY,76.31,HIGH
normal,NORMAL,0.72,LOW
neptune,ANOMALY,86.9,HIGH
guess_passwd,NORMAL,11.75,LOW
normal,NORMAL,6.37,LOW
guess_passwd,NORMAL,21.76,LOW
neptune,ANOMALY,81.27,HIGH
back,NORMAL,17.8,LOW
normal,NORMAL,1.19,LOW
neptune,ANOMALY,81.79,HIGH
warezmaster,NORMAL,15.92,LOW
warezmaster,NORMAL,28.45,LOW
normal,NORMAL,2.56,LOW
normal,NORMAL,3.9,LOW
pod,NORMAL,42.53,MEDIUM
ipsweep,NORMAL,51.6,MEDIUM
neptune,ANOMALY,74.99,HIGH
snmpguess,NORMAL,26.41,LOW
normal,NORMAL,28.71,LOW
snmpguess,NORMAL,26.5,LOW
neptune,ANOMALY,76.95,HIGH
normal,NORMAL,9.17,LOW
saint,ANOMALY,53.72,MEDIUM
smurf,NORMAL,47.36,MEDIUM
neptune,ANOMALY,77.17,HIGH
apache2,ANOMALY,64.88,MEDIUM
snmpguess,NORMAL,26.41,LOW
normal,NORMAL,0.38,LOW
neptune,ANOMALY,82.25,HIGH
mscan,ANOMALY,62.81,MEDIUM
normal,NORMAL,16.06,LOW
normal,NORMAL,27.39,LOW
normal,ANOMALY,73.48,HIGH
normal,NORMAL,1.37,LOW
normal,NORMAL,1.21,LOW
processtable,NORMAL,50.53,MEDIUM
neptune,ANOMALY,81.1,HIGH
normal,NORMAL,14.35,LOW
neptune,ANOMALY,87.3,HIGH
normal,NORMAL,4.29,LOW
neptune,ANOMALY,80.75,HIGH
normal,NORMAL,18.09,LOW
normal,NORMAL,3.59,LOW
normal,NORMAL,2.11,LOW
normal,NORMAL,14.84,LOW
normal,NORMAL,0.67,LOW
saint,ANOMALY,93.07,HIGH
normal,NORMAL,0.62,LOW
normal,NORMAL,5.48,LOW
neptune,ANOMALY,80.17,HIGH
mscan,ANOMALY,66.61,MEDIUM
normal,NORMAL,1.48,LOW
normal,NORMAL,25.0,LOW
normal,NORMAL,2.52,LOW
guess_passwd,NORMAL,9.37,LOW
normal,NORMAL,0.42,LOW
guess_passwd,NORMAL,11.79,LOW
neptune,ANOMALY,81.7,HIGH
neptune,ANOMALY,85.73,HIGH
warezmaster,ANOMALY,52.53,MEDIUM
satan,ANOMALY,68.65,MEDIUM
snmpgetattack,NORMAL,26.89,LOW
apache2,ANOMALY,52.43,MEDIUM
normal,NORMAL,0.61,LOW
normal,NORMAL,2.87,LOW
neptune,ANOMALY,81.1,HIGH
normal,NORMAL,0.64,LOW
warezmaster,NORMAL,28.32,LOW
normal,NORMAL,41.97,MEDIUM
normal,NORMAL,1.24,LOW
normal,NORMAL,49.21,MEDIUM
normal,NORMAL,2.56,LOW
back,NORMAL,16.81,LOW
neptune,ANOMALY,77.31,HIGH
processtable,ANOMALY,59.34,MEDIUM
neptune,ANOMALY,82.66,HIGH
normal,NORMAL,16.62,LOW
neptune,ANOMALY,74.58,HIGH
saint,ANOMALY,53.48,MEDIUM
warezmaster,NORMAL,26.8,LOW
satan,ANOMALY,91.73,HIGH
neptune,ANOMALY,80.9,HIGH
neptune,ANOMALY,87.38,HIGH
saint,ANOMALY,93.07,HIGH
neptune,ANOMALY,86.54,HIGH
neptune,ANOMALY,74.63,HIGH
normal,NORMAL,23.55,LOW
apache2,ANOMALY,53.58,MEDIUM
guess_passwd,NORMAL,8.95,LOW
neptune,ANOMALY,87.13,HIGH
normal,NORMAL,2.1,LOW
normal,NORMAL,4.88,LOW
normal,NORMAL,21.08,LOW
mscan,ANOMALY,72.39,HIGH
smurf,ANOMALY,51.97,MEDIUM
normal,NORMAL,50.46,MEDIUM
normal,NORMAL,18.84,LOW
neptune,ANOMALY,80.84,HIGH
normal,NORMAL,17.16,LOW
neptune,ANOMALY,80.89,HIGH
guess_passwd,NORMAL,11.28,LOW
apache2,ANOMALY,76.49,HIGH
normal,NORMAL,26.59,LOW
smurf,NORMAL,45.91,MEDIUM
normal,NORMAL,2.26,LOW
normal,NORMAL,7.67,LOW
normal,NORMAL,2.23,LOW
processtable,NORMAL,50.75,MEDIUM
smurf,NORMAL,43.37,MEDIUM
normal,NORMAL,5.57,LOW
neptune,ANOMALY,79.61,HIGH
neptune,ANOMALY,86.27,HIGH
neptune,ANOMALY,80.94,HIGH
normal,NORMAL,31.67,MEDIUM
neptune,ANOMALY,93.88,HIGH
normal,NORMAL,1.04,LOW
neptune,ANOMALY,82.32,HIGH
neptune,ANOMALY,76.34,HIGH
normal,NORMAL,1.66,LOW
saint,ANOMALY,93.72,HIGH
normal,NORMAL,3.23,LOW
normal,NORMAL,39.39,MEDIUM
neptune,ANOMALY,82.15,HIGH
normal,NORMAL,2.93,LOW
apache2,ANOMALY,55.22,MEDIUM
normal,NORMAL,3.93,LOW
warezmaster,NORMAL,32.0,MEDIUM
neptune,ANOMALY,86.42,HIGH
neptune,ANOMALY,79.44,HIGH
guess_passwd,NORMAL,9.41,LOW
normal,NORMAL,9.36,LOW
normal,NORMAL,1.36,LOW
normal,NORMAL,0.51,LOW
normal,NORMAL,0.76,LOW
normal,NORMAL,1.4,LOW
normal,NORMAL,3.21,LOW
normal,NORMAL,1.62,LOW
warezmaster,NORMAL,26.22,LOW
neptune,ANOMALY,80.36,HIGH
normal,NORMAL,3.88,LOW
neptune,ANOMALY,86.41,HIGH
normal,NORMAL,5.07,LOW
normal,NORMAL,20.1,LOW
normal,NORMAL,10.99,LOW
neptune,ANOMALY,89.24,HIGH
warezmaster,NORMAL,39.34,MEDIUM
normal,NORMAL,7.0,LOW
neptune,ANOMALY,83.31,HIGH
normal,NORMAL,1.35,LOW
snmpguess,NORMAL,26.68,LOW
neptune,ANOMALY,83.58,HIGH
guess_passwd,NORMAL,15.9,LOW
neptune,ANOMALY,81.61,HIGH
normal,NORMAL,1.06,LOW
normal,NORMAL,1.79,LOW
normal,NORMAL,32.94,MEDIUM
neptune,ANOMALY,84.82,HIGH
warezmaster,NORMAL,32.34,MEDIUM
normal,NORMAL,22.87,LOW
normal,NORMAL,0.57,LOW
normal,NORMAL,0.33,LOW
normal,NORMAL,1.05,LOW
normal,NORMAL,6.55,LOW
neptune,ANOMALY,80.54,HIGH
normal,NORMAL,0.58,LOW
apache2,ANOMALY,66.45,MEDIUM
normal,NORMAL,0.35,LOW
neptune,ANOMALY,83.16,HIGH
neptune,ANOMALY,76.34,HIGH
normal,NORMAL,1.77,LOW
normal,NORMAL,0.97,LOW
normal,NORMAL,3.12,LOW
processtable,ANOMALY,75.92,HIGH
smurf,NORMAL,47.62,MEDIUM
warezmaster,NORMAL,28.68,LOW
guess_passwd,NORMAL,29.91,LOW
processtable,NORMAL,49.83,MEDIUM
guess_passwd,NORMAL,14.2,LOW
normal,NORMAL,9.79,LOW
neptune,ANOMALY,80.9,HIGH
normal,NORMAL,0.46,LOW
normal,NORMAL,2.96,LOW
normal,NORMAL,0.64,LOW
httptunnel,ANOMALY,69.31,MEDIUM
normal,NORMAL,2.34,LOW
normal,NORMAL,22.0,LOW
neptune,ANOMALY,80.39,HIGH
normal,NORMAL,15.56,LOW
guess_passwd,NORMAL,12.45,LOW
neptune,ANOMALY,81.28,HIGH
neptune,ANOMALY,86.73,HIGH
satan,ANOMALY,63.59,MEDIUM
neptune,ANOMALY,80.5,HIGH
neptune,ANOMALY,75.52,HIGH
neptune,ANOMALY,81.0,HIGH
neptune,ANOMALY,86.52,HIGH
mscan,ANOMALY,72.41,HIGH
normal,NORMAL,2.44,LOW
normal,NORMAL,2.82,LOW
smurf,NORMAL,51.71,MEDIUM
httptunnel,ANOMALY,69.99,MEDIUM
normal,NORMAL,1.22,LOW
normal,NORMAL,0.23,LOW
warezmaster,NORMAL,26.49,LOW
satan,ANOMALY,62.12,MEDIUM
normal,NORMAL,1.37,LOW
guess_passwd,NORMAL,14.6,LOW
normal,NORMAL,49.62,MEDIUM
normal,NORMAL,0.31,LOW
normal,NORMAL,1.55,LOW
apache2,ANOMALY,59.1,MEDIUM
neptune,ANOMALY,76.11,HIGH
mailbomb,NORMAL,30.11,MEDIUM
normal,NORMAL,4.31,LOW
normal,NORMAL,27.55,LOW
normal,NORMAL,1.29,LOW
ipsweep,NORMAL,51.04,MEDIUM
warezmaster,NORMAL,31.06,MEDIUM
normal,NORMAL,15.63,LOW
warezmaster,NORMAL,29.12,LOW
normal,NORMAL,2.73,LOW
normal,NORMAL,0.61,LOW
normal,NORMAL,4.28,LOW
smurf,ANOMALY,52.87,MEDIUM
normal,NORMAL,11.32,LOW
normal,NORMAL,1.02,LOW
warezmaster,NORMAL,27.69,LOW
normal,NORMAL,17.64,LOW
normal,NORMAL,1.34,LOW
mscan,ANOMALY,61.12,MEDIUM
processtable,ANOMALY,53.35,MEDIUM
normal,NORMAL,0.27,LOW
apache2,ANOMALY,65.49,MEDIUM
neptune,ANOMALY,80.94,HIGH
normal,NORMAL,0.51,LOW
guess_passwd,NORMAL,21.04,LOW
guess_passwd,NORMAL,20.82,LOW
neptune,ANOMALY,81.92,HIGH
neptune,ANOMALY,81.63,HIGH
normal,NORMAL,1.8,LOW
neptune,ANOMALY,85.96,HIGH
normal,NORMAL,1.67,LOW
pod,NORMAL,34.4,MEDIUM
normal,NORMAL,25.69,LOW
normal,NORMAL,11.41,LOW
guess_passwd,NORMAL,11.76,LOW
snmpguess,NORMAL,26.27,LOW
mscan,ANOMALY,78.41,HIGH
warezmaster,NORMAL,46.57,MEDIUM
normal,NORMAL,18.65,LOW
apache2,NORMAL,47.99,MEDIUM
apache2,ANOMALY,77.25,HIGH
normal,NORMAL,3.77,LOW
normal,NORMAL,0.55,LOW
mscan,ANOMALY,70.3,HIGH
normal,NORMAL,0.23,LOW
apache2,ANOMALY,70.97,HIGH
normal,NORMAL,4.42,LOW
neptune,ANOMALY,81.5,HIGH
normal,NORMAL,1.37,LOW
neptune,ANOMALY,80.23,HIGH
normal,NORMAL,1.97,LOW
warezmaster,NORMAL,27.61,LOW
neptune,ANOMALY,85.67,HIGH
neptune,ANOMALY,85.9,HIGH
normal,NORMAL,48.54,MEDIUM
normal,NORMAL,1.81,LOW
neptune,ANOMALY,76.36,HIGH
warezmaster,NORMAL,34.13,MEDIUM
warezmaster,NORMAL,23.68,LOW
warezmaster,NORMAL,25.76,LOW
neptune,ANOMALY,83.21,HIGH
normal,NORMAL,0.74,LOW
guess_passwd,NORMAL,9.86,LOW
neptune,ANOMALY,76.43,HIGH
normal,NORMAL,2.55,LOW
guess_passwd,NORMAL,9.27,LOW
normal,NORMAL,19.47,LOW
normal,NORMAL,0.5,LOW
neptune,ANOMALY,75.93,HIGH
normal,NORMAL,17.0,LOW
smurf,NORMAL,37.23,MEDIUM
mscan,ANOMALY,63.98,MEDIUM
normal,NORMAL,3.42,LOW
neptune,ANOMALY,77.24,HIGH
neptune,ANOMALY,82.15,HIGH
neptune,ANOMALY,81.9,HIGH
normal,NORMAL,2.41,LOW
normal,NORMAL,28.03,LOW
normal,NORMAL,8.1,LOW
neptune,ANOMALY,82.15,HIGH
normal,NORMAL,2.76,LOW
neptune,ANOMALY,81.51,HIGH
guess_passwd,NORMAL,20.15,LOW
normal,NORMAL,12.17,LOW
snmpguess,NORMAL,26.66,LOW
normal,NORMAL,18.18,LOW
mscan,NORMAL,48.41,MEDIUM
mailbomb,NORMAL,24.57,LOW
mscan,ANOMALY,80.42,HIGH
neptune,ANOMALY,73.74,HIGH
normal,NORMAL,1.04,LOW
normal,NORMAL,12.3,LOW
normal,NORMAL,2.88,LOW
snmpgetattack,NORMAL,27.13,LOW
mscan,ANOMALY,74.2,HIGH
normal,NORMAL,3.0,LOW
mscan,ANOMALY,65.81,MEDIUM
normal,NORMAL,0.95,LOW
normal,NORMAL,49.71,MEDIUM
mscan,ANOMALY,67.14,MEDIUM
normal,NORMAL,1.91,LOW
satan,ANOMALY,92.01,HIGH
satan,ANOMALY,95.01,HIGH
snmpgetattack,NORMAL,28.1,LOW
normal,NORMAL,1.79,LOW
normal,NORMAL,0.3,LOW
satan,ANOMALY,68.8,MEDIUM
normal,NORMAL,3.57,LOW
httptunnel,ANOMALY,60.59,MEDIUM
processtable,ANOMALY,62.55,MEDIUM
normal,NORMAL,5.3,LOW
neptune,ANOMALY,82.23,HIGH
neptune,ANOMALY,82.22,HIGH
smurf,ANOMALY,59.53,MEDIUM
satan,ANOMALY,94.07,HIGH
guess_passwd,NORMAL,21.46,LOW
normal,NORMAL,0.58,LOW
normal,NORMAL,0.54,LOW
normal,NORMAL,2.15,LOW
warezmaster,NORMAL,27.14,LOW
normal,NORMAL,2.53,LOW
normal,NORMAL,0.88,LOW
ipsweep,ANOMALY,55.79,MEDIUM
normal,NORMAL,30.31,MEDIUM
normal,ANOMALY,80.02,HIGH
guess_passwd,NORMAL,10.53,LOW
normal,NORMAL,5.23,LOW
neptune,ANOMALY,76.64,HIGH
normal,NORMAL,14.56,LOW
normal,NORMAL,9.82,LOW
mscan,ANOMALY,80.13,HIGH
normal,NORMAL,49.69,MEDIUM
satan,ANOMALY,58.57,MEDIUM
pod,ANOMALY,54.25,MEDIUM
normal,NORMAL,18.7,LOW
saint,ANOMALY,93.74,HIGH
normal,NORMAL,1.38,LOW
neptune,ANOMALY,86.02,HIGH
saint,ANOMALY,52.02,MEDIUM
normal,NORMAL,28.35,LOW
normal,NORMAL,1.17,LOW
neptune,ANOMALY,76.7,HIGH
neptune,ANOMALY,78.46,HIGH
saint,ANOMALY,93.54,HIGH
guess_passwd,NORMAL,28.11,LOW
normal,NORMAL,1.17,LOW
neptune,ANOMALY,81.31,HIGH
neptune,ANOMALY,87.34,HIGH
normal,NORMAL,12.28,LOW
satan,ANOMALY,94.2,HIGH
apache2,ANOMALY,53.51,MEDIUM
snmpgetattack,NORMAL,27.05,LOW
neptune,ANOMALY,82.14,HIGH
guess_passwd,NORMAL,15.21,LOW
sendmail,NORMAL,31.61,MEDIUM
normal,NORMAL,1.68,LOW
normal,NORMAL,2.98,LOW
warezmaster,NORMAL,25.21,LOW
normal,NORMAL,9.61,LOW
normal,NORMAL,18.51,LOW
normal,NORMAL,26.55,LOW
mscan,ANOMALY,65.17,MEDIUM
normal,NORMAL,49.8,MEDIUM
neptune,ANOMALY,81.01,HIGH
apache2,ANOMALY,74.54,HIGH
normal,NORMAL,1.99,LOW
neptune,ANOMALY,78.74,HIGH
normal,NORMAL,3.94,LOW
normal,NORMAL,3.61,LOW
normal,NORMAL,16.87,LOW
apache2,ANOMALY,62.25,MEDIUM
normal,NORMAL,0.47,LOW
smurf,NORMAL,41.31,MEDIUM
normal,NORMAL,23.4,LOW
normal,NORMAL,24.6,LOW
apache2,ANOMALY,73.64,HIGH
normal,NORMAL,3.1,LOW
normal,NORMAL,17.43,LOW
normal,NORMAL,0.58,LOW
normal,NORMAL,22.18,LOW
neptune,ANOMALY,80.48,HIGH
neptune,ANOMALY,77.28,HIGH
saint,ANOMALY,98.18,HIGH
processtable,ANOMALY,64.53,MEDIUM
normal,NORMAL,13.53,LOW
guess_passwd,NORMAL,9.93,LOW
normal,NORMAL,0.44,LOW
processtable,NORMAL,43.88,MEDIUM
normal,NORMAL,26.87,LOW
normal,NORMAL,9.92,LOW
snmpguess,NORMAL,26.2,LOW
normal,NORMAL,0.21,LOW
portsweep,ANOMALY,76.81,HIGH
normal,ANOMALY,69.37,MEDIUM
normal,NORMAL,1.76,LOW
apache2,ANOMALY,52.52,MEDIUM
normal,NORMAL,22.51,LOW
normal,NORMAL,2.32,LOW
normal,NORMAL,50.46,MEDIUM
normal,NORMAL,3.24,LOW
apache2,ANOMALY,57.8,MEDIUM
mscan,ANOMALY,75.62,HIGH
neptune,ANOMALY,80.42,HIGH
neptune,ANOMALY,81.4,HIGH
normal,NORMAL,4.56,LOW
normal,NORMAL,2.03,LOW
neptune,ANOMALY,86.68,HIGH
normal,NORMAL,1.47,LOW
normal,NORMAL,19.01,LOW
neptune,ANOMALY,77.59,HIGH
guess_passwd,NORMAL,25.21,LOW
guess_passwd,NORMAL,10.03,LOW
normal,NORMAL,28.17,LOW
neptune,ANOMALY,87.03,HIGH
normal,NORMAL,1.11,LOW
mscan,ANOMALY,77.91,HIGH
normal,NORMAL,22.45,LOW
snmpguess,NORMAL,26.39,LOW
normal,NORMAL,1.21,LOW
normal,NORMAL,10.08,LOW
satan,ANOMALY,92.89,HIGH
guess_passwd,NORMAL,10.53,LOW
guess_passwd,NORMAL,11.62,LOW
normal,NORMAL,9.52,LOW
normal,NORMAL,1.71,LOW
normal,NORMAL,1.78,LOW
satan,ANOMALY,94.44,HIGH
normal,NORMAL,2.25,LOW
pod,NORMAL,49.53,MEDIUM
normal,NORMAL,2.16,LOW
processtable,NORMAL,38.97,MEDIUM
neptune,ANOMALY,87.02,HIGH
normal,NORMAL,49.61,MEDIUM
normal,NORMAL,11.52,LOW
normal,NORMAL,0.44,LOW
neptune,ANOMALY,81.19,HIGH
normal,NORMAL,26.69,LOW
mscan,ANOMALY,75.77,HIGH
pod,ANOMALY,57.56,MEDIUM
normal,NORMAL,33.02,MEDIUM
normal,NORMAL,0.6,LOW
neptune,ANOMALY,87.18,HIGH
normal,NORMAL,50.09,MEDIUM
neptune,ANOMALY,80.81,HIGH
satan,ANOMALY,94.04,HIGH
snmpguess,NORMAL,26.67,LOW
apache2,ANOMALY,72.82,HIGH
guess_passwd,NORMAL,14.07,LOW
normal,NORMAL,7.21,LOW
normal,NORMAL,4.08,LOW
normal,NORMAL,31.12,MEDIUM
guess_passwd,NORMAL,19.53,LOW
neptune,ANOMALY,79.36,HIGH
normal,NORMAL,1.2,LOW
normal,NORMAL,8.11,LOW
mailbomb,NORMAL,29.45,LOW
normal,NORMAL,2.22,LOW
neptune,ANOMALY,74.58,HIGH
neptune,ANOMALY,85.98,HIGH
normal,NORMAL,1.7,LOW
smurf,ANOMALY,52.48,MEDIUM
normal,NORMAL,16.77,LOW
normal,NORMAL,1.39,LOW
ipsweep,NORMAL,51.67,MEDIUM
normal,NORMAL,27.44,LOW
normal,NORMAL,27.02,LOW
normal,NORMAL,11.94,LOW
neptune,ANOMALY,80.65,HIGH
normal,NORMAL,1.52,LOW
warezmaster,NORMAL,28.93,LOW
normal,NORMAL,1.9,LOW
guess_passwd,NORMAL,15.1,LOW
normal,NORMAL,0.27,LOW
normal,NORMAL,0.81,LOW
normal,NORMAL,2.0,LOW
neptune,ANOMALY,87.47,HIGH
normal,NORMAL,5.71,LOW
neptune,ANOMALY,87.36,HIGH
normal,NORMAL,17.23,LOW
normal,ANOMALY,65.8,MEDIUM
normal,NORMAL,1.39,LOW
normal,NORMAL,26.96,LOW
normal,NORMAL,4.38,LOW
guess_passwd,NORMAL,9.34,LOW
neptune,ANOMALY,75.79,HIGH
normal,NORMAL,9.8,LOW
normal,NORMAL,0.68,LOW
back,NORMAL,16.62,LOW
normal,NORMAL,0.94,LOW
guess_passwd,NORMAL,10.51,LOW
normal,NORMAL,19.16,LOW
normal,NORMAL,49.71,MEDIUM
normal,NORMAL,1.24,LOW
neptune,ANOMALY,86.95,HIGH
neptune,ANOMALY,80.76,HIGH
normal,NORMAL,5.08,LOW
saint,ANOMALY,52.15,MEDIUM
warezmaster,NORMAL,47.21,MEDIUM
snmpguess,NORMAL,26.0,LOW
normal,NORMAL,8.14,LOW
normal,NORMAL,1.31,LOW
guess_passwd,NORMAL,21.61,LOW
normal,NORMAL,1.41,LOW
normal,NORMAL,5.76,LOW
normal,ANOMALY,68.56,MEDIUM
processtable,ANOMALY,55.84,MEDIUM
normal,NORMAL,1.49,LOW
guess_passwd,NORMAL,10.53,LOW
normal,NORMAL,30.83,MEDIUM
neptune,ANOMALY,80.77,HIGH
normal,NORMAL,1.61,LOW
normal,NORMAL,2.87,LOW
normal,NORMAL,0.29,LOW
normal,NORMAL,3.73,LOW
normal,ANOMALY,71.11,HIGH
normal,NORMAL,1.59,LOW
normal,NORMAL,17.64,LOW
normal,NORMAL,2.19,LOW
normal,NORMAL,27.08,LOW
neptune,ANOMALY,86.97,HIGH
normal,NORMAL,0.54,LOW
normal,NORMAL,2.4,LOW
normal,NORMAL,36.14,MEDIUM
normal,NORMAL,3.33,LOW
warezmaster,NORMAL,51.46,MEDIUM
guess_passwd,NORMAL,28.52,LOW
satan,ANOMALY,94.23,HIGH
neptune,ANOMALY,86.06,HIGH
neptune,ANOMALY,79.98,HIGH
guess_passwd,NORMAL,12.73,LOW
mscan,ANOMALY,68.84,MEDIUM
satan,ANOMALY,98.35,HIGH
neptune,ANOMALY,82.15,HIGH
neptune,ANOMALY,73.88,HIGH
normal,NORMAL,1.5,LOW
smurf,NORMAL,38.92,MEDIUM
neptune,ANOMALY,86.69,HIGH
normal,NORMAL,0.21,LOW
normal,NORMAL,4.12,LOW
satan,ANOMALY,94.18,HIGH
warezmaster,NORMAL,27.87,LOW
normal,NORMAL,1.11,LOW
multihop,NORMAL,32.79,MEDIUM
processtable,NORMAL,49.08,MEDIUM
normal,NORMAL,3.28,LOW
normal,NORMAL,0.43,LOW
saint,ANOMALY,94.16,HIGH
normal,NORMAL,0.89,LOW
normal,NORMAL,10.73,LOW
mscan,ANOMALY,81.08,HIGH
normal,NORMAL,16.53,LOW
satan,ANOMALY,93.15,HIGH
normal,NORMAL,19.29,LOW
ipsweep,NORMAL,51.56,MEDIUM
normal,NORMAL,21.73,LOW
neptune,ANOMALY,76.2,HIGH
neptune,ANOMALY,79.04,HIGH
normal,NORMAL,17.78,LOW
nmap,ANOMALY,82.05,HIGH
neptune,ANOMALY,81.62,HIGH
normal,NORMAL,3.94,LOW
neptune,ANOMALY,81.07,HIGH
normal,NORMAL,28.11,LOW
normal,NORMAL,2.89,LOW
normal,NORMAL,24.12,LOW
neptune,ANOMALY,82.31,HIGH
normal,NORMAL,0.86,LOW
satan,ANOMALY,98.14,HIGH
normal,NORMAL,5.53,LOW
apache2,ANOMALY,53.68,MEDIUM
neptune,ANOMALY,81.63,HIGH
guess_passwd,NORMAL,9.77,LOW
neptune,ANOMALY,82.23,HIGH
normal,NORMAL,21.07,LOW
mailbomb,NORMAL,30.3,MEDIUM
normal,NORMAL,3.14,LOW
normal,NORMAL,15.86,LOW
satan,ANOMALY,95.28,HIGH
normal,NORMAL,1.56,LOW
neptune,ANOMALY,86.36,HIGH
normal,NORMAL,5.74,LOW
normal,NORMAL,1.62,LOW
neptune,ANOMALY,75.78,HIGH
normal,NORMAL,1.8,LOW
back,NORMAL,23.45,LOW
guess_passwd,NORMAL,12.32,LOW
snmpgetattack,NORMAL,28.18,LOW
normal,NORMAL,2.78,LOW
apache2,ANOMALY,61.9,MEDIUM
neptune,ANOMALY,85.8,HIGH
normal,NORMAL,5.07,LOW
neptune,ANOMALY,81.74,HIGH
normal,NORMAL,1.88,LOW
normal,NORMAL,17.3,LOW
normal,NORMAL,6.76,LOW
normal,NORMAL,3.23,LOW
satan,ANOMALY,93.25,HIGH
normal,NORMAL,2.16,LOW
normal,NORMAL,2.29,LOW
neptune,ANOMALY,85.86,HIGH
normal,NORMAL,1.94,LOW
normal,NORMAL,4.31,LOW
snmpgetattack,NORMAL,26.59,LOW
neptune,ANOMALY,76.52,HIGH
normal,NORMAL,1.2,LOW
normal,NORMAL,3.05,LOW
normal,NORMAL,49.62,MEDIUM
apache2,ANOMALY,66.61,MEDIUM
neptune,ANOMALY,80.28,HIGH
normal,NORMAL,18.06,LOW
normal,NORMAL,2.6,LOW
normal,NORMAL,0.25,LOW
guess_passwd,NORMAL,21.01,LOW
guess_passwd,NORMAL,10.26,LOW
neptune,ANOMALY,76.65,HIGH
normal,NORMAL,1.11,LOW
normal,NORMAL,0.43,LOW
apache2,ANOMALY,69.67,MEDIUM
normal,NORMAL,3.34,LOW
neptune,ANOMALY,80.39,HIGH
normal,NORMAL,2.23,LOW
neptune,ANOMALY,79.4,HIGH
normal,NORMAL,16.43,LOW
normal,NORMAL,0.85,LOW
normal,NORMAL,38.4,MEDIUM
normal,NORMAL,4.34,LOW
guess_passwd,NORMAL,9.47,LOW
satan,ANOMALY,91.89,HIGH
normal,NORMAL,31.17,MEDIUM
mscan,ANOMALY,67.48,MEDIUM
normal,NORMAL,25.18,LOW
portsweep,ANOMALY,85.36,HIGH
satan,ANOMALY,95.12,HIGH
guess_passwd,NORMAL,10.66,LOW
normal,NORMAL,0.74,LOW
snmpguess,NORMAL,26.59,LOW
processtable,NORMAL,46.54,MEDIUM
normal,NORMAL,0.29,LOW
normal,NORMAL,0.49,LOW
neptune,ANOMALY,82.23,HIGH
neptune,ANOMALY,76.92,HIGH
normal,NORMAL,0.25,LOW
neptune,ANOMALY,75.7,HIGH
apache2,NORMAL,48.86,MEDIUM
apache2,ANOMALY,55.72,MEDIUM
mailbomb,NORMAL,19.57,LOW
normal,NORMAL,16.11,LOW
normal,NORMAL,2.38,LOW
neptune,ANOMALY,91.7,HIGH
guess_passwd,NORMAL,21.7,LOW
mailbomb,NORMAL,26.39,LOW
neptune,ANOMALY,89.35,HIGH
normal,NORMAL,3.19,LOW
normal,NORMAL,19.56,LOW
normal,NORMAL,0.55,LOW
normal,NORMAL,2.56,LOW
neptune,ANOMALY,80.84,HIGH
neptune,ANOMALY,86.98,HIGH
neptune,ANOMALY,75.94,HIGH
processtable,NORMAL,38.0,MEDIUM
normal,NORMAL,0.63,LOW
normal,NORMAL,2.35,LOW
guess_passwd,NORMAL,23.73,LOW
normal,NORMAL,0.91,LOW
satan,ANOMALY,95.13,HIGH
processtable,ANOMALY,66.64,MEDIUM
normal,NORMAL,2.37,LOW
guess_passwd,NORMAL,10.99,LOW
mscan,ANOMALY,65.95,MEDIUM
normal,NORMAL,35.78,MEDIUM
normal,NORMAL,4.47,LOW
normal,NORMAL,1.01,LOW
apache2,ANOMALY,56.98,MEDIUM
neptune,ANOMALY,82.3,HIGH
mailbomb,NORMAL,31.16,MEDIUM
normal,NORMAL,15.39,LOW
neptune,ANOMALY,76.31,HIGH
satan,ANOMALY,93.54,HIGH
normal,NORMAL,40.24,MEDIUM
mscan,ANOMALY,63.98,MEDIUM
neptune,ANOMALY,75.52,HIGH
satan,ANOMALY,93.08,HIGH
guess_passwd,NORMAL,23.73,LOW
guess_passwd,NORMAL,10.05,LOW
normal,NORMAL,0.54,LOW
normal,ANOMALY,57.0,MEDIUM
satan,ANOMALY,94.23,HIGH
normal,NORMAL,18.51,LOW
apache2,ANOMALY,66.29,MEDIUM
smurf,NORMAL,44.82,MEDIUM
normal,NORMAL,17.59,LOW
normal,NORMAL,3.64,LOW
normal,NORMAL,19.1,LOW
neptune,ANOMALY,87.53,HIGH
neptune,ANOMALY,77.76,HIGH
neptune,ANOMALY,80.87,HIGH
httptunnel,NORMAL,17.97,LOW
normal,NORMAL,9.32,LOW
saint,ANOMALY,93.21,HIGH
neptune,ANOMALY,80.42,HIGH
normal,NORMAL,3.33,LOW
warezmaster,NORMAL,32.25,MEDIUM
neptune,ANOMALY,81.13,HIGH
back,NORMAL,17.31,LOW
normal,NORMAL,0.72,LOW
neptune,ANOMALY,81.86,HIGH
neptune,ANOMALY,89.84,HIGH
guess_passwd,NORMAL,12.68,LOW
neptune,ANOMALY,80.26,HIGH
normal,NORMAL,2.93,LOW
guess_passwd,NORMAL,10.83,LOW
normal,NORMAL,2.08,LOW
normal,NORMAL,34.25,MEDIUM
normal,NORMAL,7.89,LOW
apache2,NORMAL,45.84,MEDIUM
normal,ANOMALY,62.12,MEDIUM
normal,NORMAL,0.33,LOW
normal,NORMAL,1.89,LOW
normal,NORMAL,0.26,LOW
neptune,ANOMALY,87.49,HIGH
mscan,ANOMALY,68.83,MEDIUM
ipsweep,NORMAL,51.6,MEDIUM
normal,NORMAL,0.16,LOW
mscan,ANOMALY,74.67,HIGH
normal,NORMAL,14.5,LOW
snmpguess,NORMAL,26.57,LOW
normal,NORMAL,0.34,LOW
normal,NORMAL,0.49,LOW
normal,NORMAL,42.52,MEDIUM
back,NORMAL,44.05,MEDIUM
normal,NORMAL,2.11,LOW
normal,NORMAL,20.19,LOW
guess_passwd,NORMAL,26.36,LOW
normal,NORMAL,5.87,LOW
normal,NORMAL,9.52,LOW
normal,NORMAL,4.12,LOW
normal,NORMAL,41.85,MEDIUM
portsweep,ANOMALY,73.03,HIGH
neptune,ANOMALY,76.58,HIGH
neptune,ANOMALY,75.05,HIGH
normal,NORMAL,5.39,LOW
neptune,ANOMALY,80.3,HIGH
neptune,ANOMALY,76.63,HIGH
neptune,ANOMALY,84.69,HIGH
buffer_overflow,NORMAL,38.14,MEDIUM
apache2,ANOMALY,63.59,MEDIUM
normal,NORMAL,1.81,LOW
guess_passwd,NORMAL,9.22,LOW
normal,NORMAL,3.94,LOW
normal,NORMAL,28.17,LOW
normal,NORMAL,2.15,LOW
satan,ANOMALY,94.3,HIGH
normal,NORMAL,1.34,LOW
warezmaster,NORMAL,29.19,LOW
normal,NORMAL,1.31,LOW
neptune,ANOMALY,85.27,HIGH
normal,NORMAL,0.61,LOW
smurf,NORMAL,39.31,MEDIUM
normal,NORMAL,1.97,LOW
neptune,ANOMALY,76.18,HIGH
normal,NORMAL,0.33,LOW
neptune,ANOMALY,80.87,HIGH
neptune,ANOMALY,79.21,HIGH
normal,NORMAL,1.47,LOW
neptune,ANOMALY,81.36,HIGH
neptune,ANOMALY,75.43,HIGH
normal,NORMAL,0.8,LOW
neptune,ANOMALY,87.19,HIGH
neptune,ANOMALY,82.8,HIGH
ipsweep,ANOMALY,58.24,MEDIUM
normal,NORMAL,3.56,LOW
normal,NORMAL,50.56,MEDIUM
normal,ANOMALY,66.92,MEDIUM
mscan,ANOMALY,78.91,HIGH
saint,ANOMALY,98.06,HIGH
smurf,NORMAL,44.1,MEDIUM
neptune,ANOMALY,84.82,HIGH
normal,NORMAL,0.68,LOW
neptune,ANOMALY,86.34,HIGH
normal,NORMAL,2.73,LOW
normal,NORMAL,47.82,MEDIUM
normal,NORMAL,4.71,LOW
neptune,ANOMALY,87.04,HIGH
guess_passwd,NORMAL,9.37,LOW
neptune,ANOMALY,80.32,HIGH
normal,NORMAL,5.96,LOW
normal,NORMAL,22.05,LOW
normal,NORMAL,17.5,LOW
neptune,ANOMALY,81.55,HIGH
neptune,ANOMALY,80.71,HIGH
normal,NORMAL,18.1,LOW
normal,NORMAL,2.23,LOW
normal,NORMAL,3.91,LOW
guess_passwd,NORMAL,24.52,LOW
httptunnel,ANOMALY,62.98,MEDIUM
normal,NORMAL,15.75,LOW
neptune,ANOMALY,76.38,HIGH
satan,ANOMALY,59.32,MEDIUM
normal,NORMAL,18.62,LOW
snmpgetattack,NORMAL,27.47,LOW
normal,NORMAL,9.24,LOW
processtable,NORMAL,38.58,MEDIUM
warezmaster,NORMAL,24.09,LOW
normal,ANOMALY,54.48,MEDIUM
neptune,ANOMALY,81.19,HIGH
neptune,ANOMALY,81.68,HIGH
normal,NORMAL,2.61,LOW
neptune,ANOMALY,82.2,HIGH
normal,NORMAL,21.62,LOW
normal,NORMAL,1.6,LOW
guess_passwd,NORMAL,20.98,LOW
ipsweep,ANOMALY,52.44,MEDIUM
normal,NORMAL,1.53,LOW
normal,NORMAL,35.88,MEDIUM
guess_passwd,NORMAL,20.42,LOW
mscan,ANOMALY,67.17,MEDIUM
normal,NORMAL,0.91,LOW
guess_passwd,NORMAL,12.68,LOW
normal,NORMAL,2.65,LOW
processtable,NORMAL,50.14,MEDIUM
normal,NORMAL,0.34,LOW
warezmaster,NORMAL,36.33,MEDIUM
normal,NORMAL,33.66,MEDIUM
processtable,NORMAL,40.37,MEDIUM
normal,NORMAL,1.48,LOW
guess_passwd,NORMAL,28.6,LOW
normal,NORMAL,0.93,LOW
mailbomb,NORMAL,19.31,LOW
normal,NORMAL,14.29,LOW
satan,ANOMALY,62.13,MEDIUM
neptune,ANOMALY,86.9,HIGH
mscan,ANOMALY,65.54,MEDIUM
normal,NORMAL,16.84,LOW
mscan,ANOMALY,70.55,HIGH
normal,NORMAL,0.82,LOW
normal,NORMAL,3.35,LOW
snmpguess,NORMAL,26.63,LOW
normal,NORMAL,1.3,LOW
normal,NORMAL,0.42,LOW
normal,NORMAL,3.66,LOW
normal,NORMAL,1.2,LOW
normal,NORMAL,1.7,LOW
smurf,NORMAL,39.7,MEDIUM
warezmaster,NORMAL,33.39,MEDIUM
normal,NORMAL,1.44,LOW
satan,ANOMALY,95.09,HIGH
neptune,ANOMALY,79.93,HIGH
neptune,ANOMALY,80.59,HIGH
normal,NORMAL,3.51,LOW
mscan,ANOMALY,61.27,MEDIUM
normal,NORMAL,3.44,LOW
normal,NORMAL,1.39,LOW
warezmaster,NORMAL,29.4,LOW
normal,NORMAL,2.2,LOW
normal,NORMAL,24.79,LOW
neptune,ANOMALY,86.45,HIGH
nmap,ANOMALY,82.2,HIGH
neptune,ANOMALY,79.71,HIGH
apache2,NORMAL,49.87,MEDIUM
neptune,ANOMALY,77.54,HIGH
normal,NORMAL,1.55,LOW
neptune,ANOMALY,83.69,HIGH
normal,NORMAL,0.27,LOW
apache2,NORMAL,45.47,MEDIUM
guess_passwd,NORMAL,27.75,LOW
normal,NORMAL,19.05,LOW
saint,ANOMALY,93.21,HIGH
normal,NORMAL,3.37,LOW
guess_passwd,NORMAL,9.3,LOW
mailbomb,NORMAL,22.41,LOW
guess_passwd,NORMAL,9.9,LOW
normal,NORMAL,5.93,LOW
normal,NORMAL,2.22,LOW
normal,NORMAL,2.56,LOW
normal,NORMAL,16.71,LOW
neptune,ANOMALY,87.47,HIGH
normal,NORMAL,5.73,LOW
satan,ANOMALY,94.16,HIGH
saint,ANOMALY,53.48,MEDIUM
normal,ANOMALY,74.14,HIGH
neptune,ANOMALY,75.68,HIGH
multihop,NORMAL,33.75,MEDIUM
apache2,ANOMALY,63.08,MEDIUM
neptune,ANOMALY,80.92,HIGH
normal,NORMAL,35.07,MEDIUM
normal,NORMAL,11.8,LOW
neptune,ANOMALY,80.24,HIGH
normal,NORMAL,2.93,LOW
normal,NORMAL,3.47,LOW
back,NORMAL,16.97,LOW
apache2,ANOMALY,57.84,MEDIUM
guess_passwd,NORMAL,12.52,LOW
normal,NORMAL,1.98,LOW
neptune,ANOMALY,82.94,HIGH
normal,NORMAL,8.84,LOW
neptune,ANOMALY,74.95,HIGH
normal,NORMAL,0.39,LOW
portsweep,ANOMALY,62.04,MEDIUM
normal,NORMAL,4.88,LOW
guess_passwd,NORMAL,18.68,LOW
guess_passwd,NORMAL,10.56,LOW
normal,NORMAL,0.71,LOW
neptune,ANOMALY,82.02,HIGH
neptune,ANOMALY,75.19,HIGH
guess_passwd,NORMAL,9.48,LOW
guess_passwd,NORMAL,50.82,MEDIUM
normal,NORMAL,1.37,LOW
neptune,ANOMALY,86.11,HIGH
normal,NORMAL,21.42,LOW
neptune,ANOMALY,81.34,HIGH
normal,NORMAL,11.9,LOW
normal,NORMAL,0.92,LOW
normal,NORMAL,3.07,LOW
snmpguess,NORMAL,26.55,LOW
normal,NORMAL,4.79,LOW
neptune,ANOMALY,86.53,HIGH
normal,NORMAL,0.23,LOW
guess_passwd,NORMAL,11.42,LOW
mscan,ANOMALY,68.29,MEDIUM
normal,NORMAL,7.1,LOW
normal,NORMAL,4.76,LOW
back,NORMAL,18.48,LOW
normal,NORMAL,1.68,LOW
guess_passwd,NORMAL,10.01,LOW
normal,NORMAL,2.54,LOW
normal,NORMAL,47.82,MEDIUM
normal,NORMAL,0.61,LOW
normal,NORMAL,41.67,MEDIUM
warezmaster,NORMAL,28.82,LOW
neptune,ANOMALY,81.29,HIGH
normal,ANOMALY,65.0,MEDIUM
normal,NORMAL,1.43,LOW
normal,NORMAL,0.56,LOW
normal,NORMAL,40.57,MEDIUM
neptune,ANOMALY,80.57,HIGH
warezmaster,NORMAL,28.23,LOW
normal,NORMAL,16.68,LOW
normal,NORMAL,0.42,LOW
warezmaster,NORMAL,27.87,LOW
normal,NORMAL,0.79,LOW
normal,NORMAL,4.67,LOW
neptune,ANOMALY,75.39,HIGH
warezmaster,NORMAL,27.63,LOW
smurf,NORMAL,49.82,MEDIUM
guess_passwd,NORMAL,14.51,LOW
neptune,ANOMALY,80.25,HIGH
normal,NORMAL,3.06,LOW
normal,NORMAL,17.97,LOW
guess_passwd,NORMAL,10.63,LOW
guess_passwd,NORMAL,20.3,LOW
guess_passwd,NORMAL,10.54,LOW
neptune,ANOMALY,73.25,HIGH
neptune,ANOMALY,87.36,HIGH
normal,NORMAL,2.4,LOW
neptune,ANOMALY,80.6,HIGH
normal,NORMAL,2.64,LOW
normal,ANOMALY,53.43,MEDIUM
back,NORMAL,36.89,MEDIUM
apache2,ANOMALY,54.62,MEDIUM
normal,NORMAL,2.3,LOW
neptune,ANOMALY,79.87,HIGH
normal,NORMAL,2.61,LOW
normal,ANOMALY,57.56,MEDIUM
back,NORMAL,27.36,LOW
normal,NORMAL,1.46,LOW
guess_passwd,NORMAL,10.42,LOW
neptune,ANOMALY,81.35,HIGH
normal,NORMAL,1.42,LOW
back,NORMAL,18.56,LOW
saint,ANOMALY,92.96,HIGH
neptune,ANOMALY,76.87,HIGH
normal,NORMAL,5.15,LOW
neptune,ANOMALY,87.31,HIGH
normal,NORMAL,9.13,LOW
normal,NORMAL,1.36,LOW
guess_passwd,NORMAL,11.88,LOW
portsweep,ANOMALY,58.32,MEDIUM
normal,NORMAL,0.77,LOW
neptune,ANOMALY,74.58,HIGH
normal,NORMAL,1.99,LOW
saint,ANOMALY,88.33,HIGH
neptune,ANOMALY,81.07,HIGH
saint,ANOMALY,53.67,MEDIUM
normal,NORMAL,5.11,LOW
normal,NORMAL,49.69,MEDIUM
normal,NORMAL,0.25,LOW
normal,NORMAL,3.09,LOW
rootkit,NORMAL,25.79,LOW
normal,NORMAL,0.71,LOW
neptune,ANOMALY,87.33,HIGH
normal,NORMAL,33.72,MEDIUM
normal,NORMAL,29.37,LOW
normal,NORMAL,14.15,LOW
processtable,ANOMALY,78.46,HIGH
neptune,ANOMALY,80.35,HIGH
normal,NORMAL,26.49,LOW
smurf,ANOMALY,54.03,MEDIUM
normal,NORMAL,1.81,LOW
neptune,ANOMALY,82.09,HIGH
normal,NORMAL,19.89,LOW
normal,NORMAL,4.62,LOW
guess_passwd,NORMAL,9.88,LOW
normal,NORMAL,21.3,LOW
normal,NORMAL,29.13,LOW
normal,NORMAL,2.94,LOW
apache2,ANOMALY,52.47,MEDIUM
neptune,ANOMALY,80.34,HIGH
neptune,ANOMALY,82.27,HIGH
normal,NORMAL,4.71,LOW
neptune,ANOMALY,78.86,HIGH
normal,NORMAL,3.75,LOW
processtable,ANOMALY,76.07,HIGH
neptune,ANOMALY,82.29,HIGH
guess_passwd,NORMAL,10.08,LOW
normal,NORMAL,1.86,LOW
mscan,ANOMALY,78.41,HIGH
guess_passwd,NORMAL,21.68,LOW
satan,ANOMALY,99.2,HIGH
httptunnel,ANOMALY,65.75,MEDIUM
normal,NORMAL,0.81,LOW
guess_passwd,NORMAL,21.62,LOW
warezmaster,NORMAL,39.14,MEDIUM
normal,NORMAL,34.79,MEDIUM
normal,NORMAL,24.23,LOW
neptune,ANOMALY,79.95,HIGH
normal,NORMAL,10.79,LOW
neptune,ANOMALY,85.57,HIGH
guess_passwd,NORMAL,28.52,LOW
normal,NORMAL,1.43,LOW
normal,NORMAL,4.45,LOW
neptune,ANOMALY,81.63,HIGH
mscan,ANOMALY,79.88,HIGH
normal,NORMAL,2.18,LOW
warezmaster,NORMAL,26.36,LOW
snmpguess,NORMAL,26.67,LOW
normal,NORMAL,2.56,LOW
normal,NORMAL,28.94,LOW
normal,NORMAL,19.09,LOW
neptune,ANOMALY,76.54,HIGH
normal,NORMAL,3.04,LOW
processtable,NORMAL,39.6,MEDIUM
snmpguess,NORMAL,26.36,LOW
normal,NORMAL,1.06,LOW
back,NORMAL,36.4,MEDIUM
normal,NORMAL,3.63,LOW
smurf,NORMAL,40.15,MEDIUM
neptune,ANOMALY,79.77,HIGH
warezmaster,NORMAL,32.35,MEDIUM
normal,NORMAL,1.85,LOW
mscan,ANOMALY,74.55,HIGH
normal,NORMAL,18.33,LOW
neptune,ANOMALY,76.52,HIGH
neptune,ANOMALY,80.23,HIGH
rootkit,ANOMALY,63.23,MEDIUM
neptune,ANOMALY,81.25,HIGH
normal,NORMAL,18.44,LOW
processtable,NORMAL,49.83,MEDIUM
saint,ANOMALY,52.61,MEDIUM
normal,NORMAL,30.38,MEDIUM
mscan,ANOMALY,81.51,HIGH
normal,NORMAL,2.44,LOW
guess_passwd,NORMAL,15.3,LOW
ipsweep,NORMAL,51.57,MEDIUM
normal,NORMAL,8.4,LOW
warezmaster,NORMAL,26.98,LOW
mailbomb,NORMAL,17.85,LOW
normal,ANOMALY,64.04,MEDIUM
warezmaster,NORMAL,30.93,MEDIUM
neptune,ANOMALY,73.31,HIGH
back,NORMAL,21.8,LOW
guess_passwd,NORMAL,10.11,LOW
normal,NORMAL,2.13,LOW
normal,NORMAL,5.72,LOW
normal,NORMAL,49.61,MEDIUM
normal,NORMAL,1.75,LOW
neptune,ANOMALY,82.23,HIGH
guess_passwd,NORMAL,50.36,MEDIUM
normal,NORMAL,13.89,LOW
mscan,ANOMALY,70.45,HIGH
guess_passwd,NORMAL,12.03,LOW
warezmaster,NORMAL,44.67,MEDIUM
normal,NORMAL,1.81,LOW
normal,NORMAL,0.79,LOW
normal,NORMAL,49.8,MEDIUM
saint,ANOMALY,93.72,HIGH
neptune,ANOMALY,80.94,HIGH
normal,NORMAL,11.05,LOW
snmpguess,NORMAL,26.6,LOW
normal,NORMAL,1.63,LOW
normal,NORMAL,50.45,MEDIUM
pod,NORMAL,49.53,MEDIUM
neptune,ANOMALY,80.52,HIGH
normal,NORMAL,0.48,LOW
processtable,ANOMALY,75.95,HIGH
normal,NORMAL,1.8,LOW
normal,NORMAL,9.05,LOW
guess_passwd,NORMAL,28.81,LOW
normal,NORMAL,2.48,LOW
mscan,NORMAL,49.89,MEDIUM
neptune,ANOMALY,81.85,HIGH
neptune,ANOMALY,85.72,HIGH
normal,NORMAL,4.53,LOW
guess_passwd,NORMAL,10.65,LOW
back,NORMAL,19.4,LOW
neptune,ANOMALY,78.46,HIGH
normal,NORMAL,0.72,LOW
normal,NORMAL,1.91,LOW
neptune,ANOMALY,87.83,HIGH
apache2,ANOMALY,60.39,MEDIUM
normal,NORMAL,8.56,LOW
processtable,NORMAL,38.48,MEDIUM
normal,NORMAL,0.25,LOW
guess_passwd,NORMAL,21.79,LOW
smurf,ANOMALY,60.13,MEDIUM
neptune,ANOMALY,81.57,HIGH
neptune,ANOMALY,76.21,HIGH
smurf,NORMAL,50.23,MEDIUM
saint,ANOMALY,53.65,MEDIUM
smurf,ANOMALY,52.04,MEDIUM
smurf,NORMAL,50.23,MEDIUM
normal,NORMAL,16.19,LOW
neptune,ANOMALY,80.6,HIGH
normal,NORMAL,0.46,LOW
neptune,ANOMALY,80.35,HIGH
warezmaster,NORMAL,41.4,MEDIUM
normal,NORMAL,0.79,LOW
back,NORMAL,15.96,LOW
normal,NORMAL,21.55,LOW
normal,NORMAL,2.16,LOW
neptune,ANOMALY,81.24,HIGH
normal,NORMAL,1.97,LOW
normal,NORMAL,1.27,LOW
normal,NORMAL,6.51,LOW
warezmaster,NORMAL,50.22,MEDIUM
normal,NORMAL,31.22,MEDIUM
normal,NORMAL,16.79,LOW
warezmaster,NORMAL,27.87,LOW
processtable,NORMAL,41.4,MEDIUM
apache2,ANOMALY,73.57,HIGH
normal,NORMAL,4.55,LOW
guess_passwd,NORMAL,21.29,LOW
neptune,ANOMALY,76.56,HIGH
neptune,ANOMALY,80.73,HIGH
processtable,NORMAL,48.19,MEDIUM
httptunnel,ANOMALY,61.32,MEDIUM
processtable,NORMAL,48.13,MEDIUM
normal,NORMAL,1.2,LOW
normal,NORMAL,0.32,LOW
normal,NORMAL,4.27,LOW
snmpgetattack,NORMAL,28.21,LOW
normal,NORMAL,11.37,LOW
portsweep,ANOMALY,67.75,MEDIUM
normal,NORMAL,0.69,LOW
normal,NORMAL,0.92,LOW
neptune,ANOMALY,81.23,HIGH
warezmaster,NORMAL,46.02,MEDIUM
mscan,ANOMALY,83.55,HIGH
normal,NORMAL,2.12,LOW
guess_passwd,NORMAL,20.3,LOW
normal,NORMAL,3.14,LOW
neptune,ANOMALY,76.56,HIGH
apache2,ANOMALY,58.23,MEDIUM
neptune,ANOMALY,86.88,HIGH
guess_passwd,NORMAL,12.61,LOW
normal,NORMAL,2.47,LOW
mscan,ANOMALY,76.31,HIGH
apache2,ANOMALY,76.94,HIGH
normal,NORMAL,0.45,LOW
neptune,ANOMALY,74.16,HIGH
normal,NORMAL,4.34,LOW
smurf,NORMAL,50.77,MEDIUM
neptune,ANOMALY,81.8,HIGH
normal,NORMAL,16.2,LOW
normal,NORMAL,1.99,LOW
normal,NORMAL,5.87,LOW
normal,NORMAL,0.82,LOW
satan,ANOMALY,92.77,HIGH
normal,NORMAL,1.74,LOW
guess_passwd,NORMAL,15.01,LOW
normal,NORMAL,4.0,LOW
warezmaster,NORMAL,23.45,LOW
satan,ANOMALY,92.42,HIGH
neptune,ANOMALY,87.0,HIGH
mscan,ANOMALY,66.88,MEDIUM
normal,NORMAL,0.57,LOW
normal,NORMAL,2.76,LOW
normal,NORMAL,23.45,LOW
snmpgetattack,NORMAL,27.07,LOW
apache2,ANOMALY,61.77,MEDIUM
neptune,ANOMALY,76.03,HIGH
normal,NORMAL,23.05,LOW
normal,NORMAL,19.71,LOW
guess_passwd,NORMAL,12.52,LOW
neptune,ANOMALY,74.74,HIGH
neptune,ANOMALY,80.35,HIGH
normal,NORMAL,2.57,LOW
guess_passwd,NORMAL,27.84,LOW
normal,NORMAL,10.41,LOW
normal,NORMAL,1.74,LOW
processtable,ANOMALY,66.64,MEDIUM
snmpguess,NORMAL,26.57,LOW
smurf,ANOMALY,55.82,MEDIUM
normal,NORMAL,37.31,MEDIUM
normal,NORMAL,2.09,LOW
neptune,ANOMALY,80.33,HIGH
guess_passwd,NORMAL,22.41,LOW
normal,NORMAL,4.43,LOW
snmpgetattack,NORMAL,26.76,LOW
neptune,ANOMALY,73.94,HIGH
warezmaster,NORMAL,17.4,LOW
normal,NORMAL,2.18,LOW
mailbomb,NORMAL,17.6,LOW
normal,NORMAL,45.58,MEDIUM
normal,NORMAL,1.6,LOW
neptune,ANOMALY,81.19,HIGH
processtable,NORMAL,38.58,MEDIUM
neptune,ANOMALY,74.83,HIGH
warezmaster,NORMAL,36.46,MEDIUM
normal,NORMAL,1.79,LOW
guess_passwd,NORMAL,21.79,LOW
neptune,ANOMALY,82.27,HIGH
back,NORMAL,19.81,LOW
normal,NORMAL,1.03,LOW
normal,NORMAL,4.09,LOW
neptune,ANOMALY,82.04,HIGH
snmpguess,NORMAL,26.71,LOW
normal,NORMAL,0.39,LOW
neptune,ANOMALY,80.51,HIGH
neptune,ANOMALY,81.28,HIGH
normal,NORMAL,24.98,LOW
back,NORMAL,23.14,LOW
normal,NORMAL,2.06,LOW
guess_passwd,NORMAL,10.29,LOW
normal,NORMAL,2.02,LOW
processtable,ANOMALY,51.81,MEDIUM
normal,NORMAL,9.17,LOW
neptune,ANOMALY,81.79,HIGH
neptune,ANOMALY,77.01,HIGH
neptune,ANOMALY,75.63,HIGH
normal,NORMAL,0.87,LOW
normal,NORMAL,1.41,LOW
neptune,ANOMALY,75.78,HIGH
neptune,ANOMALY,86.52,HIGH
portsweep,ANOMALY,66.53,MEDIUM
guess_passwd,NORMAL,10.08,LOW
normal,NORMAL,21.34,LOW
normal,NORMAL,0.49,LOW
satan,ANOMALY,65.42,MEDIUM
apache2,ANOMALY,56.15,MEDIUM
normal,NORMAL,1.64,LOW
snmpguess,NORMAL,26.41,LOW
smurf,NORMAL,44.39,MEDIUM
normal,NORMAL,10.08,LOW
normal,NORMAL,1.65,LOW
normal,NORMAL,1.5,LOW
satan,ANOMALY,95.16,HIGH
normal,NORMAL,2.37,LOW
httptunnel,ANOMALY,60.74,MEDIUM
smurf,ANOMALY,58.0,MEDIUM
warezmaster,NORMAL,37.58,MEDIUM
satan,ANOMALY,94.3,HIGH
mscan,ANOMALY,76.35,HIGH
neptune,ANOMALY,87.3,HIGH
normal,NORMAL,1.03,LOW
normal,NORMAL,3.07,LOW
neptune,ANOMALY,87.95,HIGH
neptune,ANOMALY,80.7,HIGH
normal,NORMAL,0.47,LOW
normal,NORMAL,3.22,LOW
normal,NORMAL,20.69,LOW
processtable,ANOMALY,75.94,HIGH
mscan,ANOMALY,66.94,MEDIUM
normal,NORMAL,0.33,LOW
normal,NORMAL,26.9,LOW
normal,NORMAL,3.15,LOW
mscan,ANOMALY,72.1,HIGH
apache2,ANOMALY,57.49,MEDIUM
guess_passwd,NORMAL,30.92,MEDIUM
neptune,ANOMALY,85.35,HIGH
smurf,ANOMALY,53.32,MEDIUM
warezmaster,NORMAL,28.85,LOW
normal,NORMAL,10.28,LOW
processtable,ANOMALY,67.83,MEDIUM
normal,NORMAL,0.77,LOW
normal,NORMAL,2.28,LOW
neptune,ANOMALY,81.61,HIGH
ipsweep,ANOMALY,52.74,MEDIUM
neptune,ANOMALY,79.42,HIGH
normal,NORMAL,50.27,MEDIUM
warezmaster,NORMAL,38.35,MEDIUM
apache2,ANOMALY,69.87,MEDIUM
apache2,ANOMALY,53.98,MEDIUM
neptune,ANOMALY,88.53,HIGH
portsweep,ANOMALY,74.44,HIGH
normal,NORMAL,4.35,LOW
normal,ANOMALY,52.27,MEDIUM
normal,NORMAL,1.62,LOW
mscan,ANOMALY,70.14,HIGH
processtable,NORMAL,47.81,MEDIUM
normal,NORMAL,1.48,LOW
neptune,ANOMALY,87.24,HIGH
normal,NORMAL,0.53,LOW
satan,ANOMALY,62.14,MEDIUM
guess_passwd,NORMAL,9.38,LOW
back,NORMAL,15.08,LOW
guess_passwd,NORMAL,28.18,LOW
normal,NORMAL,3.95,LOW
neptune,ANOMALY,78.77,HIGH
warezmaster,NORMAL,29.28,LOW
guess_passwd,NORMAL,18.68,LOW
smurf,NORMAL,35.27,MEDIUM
neptune,ANOMALY,74.25,HIGH
neptune,ANOMALY,76.29,HIGH
normal,NORMAL,41.23,MEDIUM
normal,NORMAL,49.61,MEDIUM
normal,NORMAL,13.31,LOW
normal,NORMAL,0.41,LOW
normal,NORMAL,2.79,LOW
neptune,ANOMALY,76.58,HIGH
normal,NORMAL,16.44,LOW
neptune,ANOMALY,76.65,HIGH
normal,NORMAL,2.52,LOW
normal,NORMAL,2.93,LOW
apache2,ANOMALY,66.56,MEDIUM
neptune,ANOMALY,82.09,HIGH
neptune,ANOMALY,75.92,HIGH
guess_passwd,ANOMALY,59.84,MEDIUM
normal,NORMAL,7.76,LOW
neptune,ANOMALY,76.49,HIGH
normal,NORMAL,1.49,LOW
neptune,ANOMALY,86.36,HIGH
normal,NORMAL,9.88,LOW
normal,NORMAL,46.64,MEDIUM
normal,NORMAL,0.55,LOW
normal,NORMAL,1.93,LOW
neptune,ANOMALY,86.33,HIGH
neptune,ANOMALY,87.2,HIGH
mscan,ANOMALY,68.62,MEDIUM
satan,ANOMALY,92.15,HIGH
neptune,ANOMALY,76.11,HIGH
normal,NORMAL,0.35,LOW
neptune,ANOMALY,82.23,HIGH
neptune,ANOMALY,86.43,HIGH
normal,NORMAL,32.54,MEDIUM
neptune,ANOMALY,76.47,HIGH
normal,NORMAL,2.02,LOW
normal,NORMAL,1.2,LOW
neptune,ANOMALY,76.52,HIGH
satan,ANOMALY,63.42,MEDIUM
saint,ANOMALY,54.14,MEDIUM
neptune,ANOMALY,87.31,HIGH
snmpguess,NORMAL,26.32,LOW
snmpguess,NORMAL,26.67,LOW
normal,NORMAL,21.04,LOW
normal,NORMAL,3.09,LOW
normal,NORMAL,26.51,LOW
normal,NORMAL,2.39,LOW
normal,NORMAL,0.47,LOW
guess_passwd,NORMAL,11.22,LOW
guess_passwd,NORMAL,9.98,LOW
smurf,ANOMALY,52.65,MEDIUM
neptune,ANOMALY,81.74,HIGH
warezmaster,NORMAL,34.58,MEDIUM
guess_passwd,NORMAL,30.51,MEDIUM
neptune,ANOMALY,76.64,HIGH
neptune,ANOMALY,79.47,HIGH
normal,NORMAL,9.28,LOW
mscan,ANOMALY,77.73,HIGH
normal,NORMAL,19.4,LOW
normal,NORMAL,0.38,LOW
neptune,ANOMALY,85.66,HIGH
neptune,ANOMALY,78.58,HIGH
processtable,NORMAL,47.13,MEDIUM
normal,NORMAL,1.27,LOW
normal,NORMAL,49.71,MEDIUM
normal,NORMAL,1.7,LOW
warezmaster,ANOMALY,52.49,MEDIUM
mailbomb,NORMAL,27.25,LOW
neptune,ANOMALY,80.52,HIGH
smurf,NORMAL,39.12,MEDIUM
normal,NORMAL,4.38,LOW
smurf,ANOMALY,54.27,MEDIUM
back,NORMAL,29.87,LOW
normal,NORMAL,16.63,LOW
apache2,ANOMALY,53.91,MEDIUM
neptune,ANOMALY,76.63,HIGH
neptune,ANOMALY,82.11,HIGH
neptune,ANOMALY,79.94,HIGH
normal,NORMAL,1.8,LOW
neptune,ANOMALY,86.75,HIGH
neptune,ANOMALY,77.4,HIGH
normal,NORMAL,2.67,LOW
neptune,ANOMALY,80.57,HIGH
normal,NORMAL,15.92,LOW
neptune,ANOMALY,81.81,HIGH
apache2,NORMAL,49.38,MEDIUM
normal,NORMAL,3.8,LOW
normal,NORMAL,8.84,LOW
satan,ANOMALY,98.4,HIGH
neptune,ANOMALY,89.79,HIGH
neptune,ANOMALY,86.84,HIGH
normal,NORMAL,0.41,LOW
normal,NORMAL,0.47,LOW
normal,NORMAL,29.34,LOW
smurf,NORMAL,49.52,MEDIUM
mailbomb,NORMAL,23.74,LOW
normal,NORMAL,1.44,LOW
neptune,ANOMALY,81.2,HIGH
normal,NORMAL,23.68,LOW
normal,NORMAL,5.31,LOW
normal,NORMAL,19.88,LOW
neptune,ANOMALY,80.05,HIGH
smurf,NORMAL,40.51,MEDIUM
smurf,NORMAL,36.77,MEDIUM
normal,NORMAL,1.38,LOW
mscan,ANOMALY,67.39,MEDIUM
normal,NORMAL,2.67,LOW
normal,NORMAL,3.49,LOW
normal,NORMAL,2.24,LOW
neptune,ANOMALY,75.56,HIGH
warezmaster,ANOMALY,69.96,MEDIUM
neptune,ANOMALY,75.95,HIGH
mailbomb,NORMAL,17.98,LOW
normal,NORMAL,27.46,LOW
normal,NORMAL,0.72,LOW
normal,NORMAL,0.27,LOW
guess_passwd,NORMAL,49.5,MEDIUM
apache2,ANOMALY,62.08,MEDIUM
normal,NORMAL,1.04,LOW
normal,NORMAL,26.87,LOW
normal,NORMAL,2.57,LOW
normal,NORMAL,14.33,LOW
satan,ANOMALY,94.16,HIGH
normal,NORMAL,26.7,LOW
smurf,NORMAL,47.25,MEDIUM
snmpguess,NORMAL,26.38,LOW
guess_passwd,NORMAL,10.02,LOW
snmpgetattack,NORMAL,26.84,LOW
neptune,ANOMALY,87.52,HIGH
normal,NORMAL,9.95,LOW
mscan,ANOMALY,66.35,MEDIUM
neptune,ANOMALY,86.8,HIGH
guess_passwd,NORMAL,19.65,LOW
normal,NORMAL,17.26,LOW
guess_passwd,NORMAL,10.73,LOW
normal,NORMAL,4.34,LOW
normal,NORMAL,31.59,MEDIUM
ipsweep,ANOMALY,58.27,MEDIUM
satan,ANOMALY,68.15,MEDIUM
normal,NORMAL,2.01,LOW
normal,NORMAL,49.72,MEDIUM
satan,ANOMALY,92.04,HIGH
normal,NORMAL,32.78,MEDIUM
neptune,ANOMALY,76.25,HIGH
normal,NORMAL,11.37,LOW
neptune,ANOMALY,78.96,HIGH
normal,NORMAL,2.34,LOW
normal,NORMAL,19.33,LOW
normal,NORMAL,1.03,LOW
normal,NORMAL,0.79,LOW
normal,NORMAL,18.5,LOW
normal,NORMAL,1.31,LOW
ps,NORMAL,32.57,MEDIUM
normal,NORMAL,4.01,LOW
warezmaster,NORMAL,36.77,MEDIUM
normal,NORMAL,10.45,LOW
processtable,ANOMALY,80.34,HIGH
warezmaster,NORMAL,25.47,LOW
normal,NORMAL,3.89,LOW
normal,NORMAL,40.81,MEDIUM
normal,NORMAL,0.87,LOW
apache2,ANOMALY,58.55,MEDIUM
neptune,ANOMALY,74.7,HIGH
neptune,ANOMALY,76.56,HIGH
normal,NORMAL,1.8,LOW
normal,NORMAL,1.89,LOW
normal,ANOMALY,64.55,MEDIUM
normal,NORMAL,0.36,LOW
processtable,NORMAL,42.44,MEDIUM
normal,NORMAL,1.61,LOW
mailbomb,NORMAL,19.85,LOW
normal,NORMAL,0.41,LOW
neptune,ANOMALY,83.72,HIGH
neptune,ANOMALY,87.53,HIGH
neptune,ANOMALY,77.83,HIGH
normal,ANOMALY,55.82,MEDIUM
normal,NORMAL,9.57,LOW
mscan,ANOMALY,80.92,HIGH
normal,NORMAL,22.05,LOW
normal,NORMAL,1.55,LOW
normal,NORMAL,1.93,LOW
normal,NORMAL,19.1,LOW
neptune,ANOMALY,80.97,HIGH
satan,ANOMALY,99.56,HIGH
normal,NORMAL,12.76,LOW
normal,NORMAL,18.63,LOW
mscan,ANOMALY,67.5,MEDIUM
smurf,ANOMALY,61.88,MEDIUM
satan,ANOMALY,93.98,HIGH
smurf,ANOMALY,52.82,MEDIUM
guess_passwd,NORMAL,9.73,LOW
neptune,ANOMALY,79.18,HIGH
neptune,ANOMALY,80.51,HIGH
neptune,ANOMALY,80.77,HIGH
normal,NORMAL,50.09,MEDIUM
normal,ANOMALY,62.47,MEDIUM
mailbomb,NORMAL,15.75,LOW
normal,NORMAL,0.32,LOW
processtable,ANOMALY,67.23,MEDIUM
normal,NORMAL,26.62,LOW
normal,NORMAL,0.96,LOW
neptune,ANOMALY,80.21,HIGH
normal,NORMAL,0.82,LOW
neptune,ANOMALY,76.18,HIGH
saint,ANOMALY,93.81,HIGH
processtable,NORMAL,51.66,MEDIUM
normal,NORMAL,2.95,LOW
normal,NORMAL,3.32,LOW
normal,NORMAL,1.07,LOW
normal,NORMAL,5.73,LOW
normal,NORMAL,20.54,LOW
processtable,ANOMALY,66.21,MEDIUM
neptune,ANOMALY,81.19,HIGH
neptune,ANOMALY,80.68,HIGH
normal,NORMAL,3.05,LOW
mailbomb,NORMAL,12.89,LOW
neptune,ANOMALY,79.17,HIGH
normal,NORMAL,15.48,LOW
normal,NORMAL,0.52,LOW
snmpguess,NORMAL,26.66,LOW
smurf,ANOMALY,52.04,MEDIUM
neptune,ANOMALY,81.04,HIGH
normal,NORMAL,49.62,MEDIUM
satan,ANOMALY,89.51,HIGH
normal,NORMAL,0.89,LOW
normal,NORMAL,2.92,LOW
snmpgetattack,NORMAL,26.63,LOW
normal,NORMAL,1.06,LOW
normal,NORMAL,0.6,LOW
normal,NORMAL,28.97,LOW
guess_passwd,NORMAL,35.67,MEDIUM
normal,NORMAL,1.02,LOW
back,NORMAL,18.24,LOW
normal,NORMAL,1.8,LOW
neptune,ANOMALY,74.53,HIGH
smurf,NORMAL,50.33,MEDIUM
neptune,ANOMALY,82.35,HIGH
normal,NORMAL,36.64,MEDIUM
neptune,ANOMALY,83.8,HIGH
normal,NORMAL,20.32,LOW
neptune,ANOMALY,74.54,HIGH
mscan,ANOMALY,74.06,HIGH
satan,ANOMALY,91.86,HIGH
neptune,ANOMALY,74.49,HIGH
normal,NORMAL,2.47,LOW
normal,NORMAL,2.1,LOW
smurf,ANOMALY,52.82,MEDIUM
smurf,NORMAL,51.71,MEDIUM
neptune,ANOMALY,82.18,HIGH
processtable,ANOMALY,81.75,HIGH
normal,NORMAL,23.06,LOW
normal,NORMAL,18.74,LOW
normal,NORMAL,4.2,LOW
normal,NORMAL,2.38,LOW
normal,NORMAL,49.72,MEDIUM
neptune,ANOMALY,81.24,HIGH
normal,NORMAL,1.66,LOW
neptune,ANOMALY,86.18,HIGH
neptune,ANOMALY,81.15,HIGH
normal,NORMAL,1.6,LOW
smurf,NORMAL,49.86,MEDIUM
guess_passwd,NORMAL,10.04,LOW
processtable,NORMAL,39.01,MEDIUM
neptune,ANOMALY,80.61,HIGH
saint,ANOMALY,93.1,HIGH
normal,NORMAL,0.65,LOW
normal,NORMAL,3.61,LOW
neptune,ANOMALY,80.99,HIGH
neptune,ANOMALY,80.39,HIGH
neptune,ANOMALY,79.19,HIGH
normal,NORMAL,1.47,LOW
warezmaster,NORMAL,29.19,LOW
normal,NORMAL,1.67,LOW
normal,NORMAL,17.58,LOW
normal,NORMAL,49.6,MEDIUM
mscan,ANOMALY,77.4,HIGH
satan,ANOMALY,59.48,MEDIUM
normal,NORMAL,17.86,LOW
warezmaster,NORMAL,24.9,LOW
guess_passwd,NORMAL,13.33,LOW
normal,NORMAL,0.5,LOW
mailbomb,NORMAL,13.02,LOW
normal,NORMAL,2.96,LOW
normal,NORMAL,31.38,MEDIUM
satan,ANOMALY,66.86,MEDIUM
normal,NORMAL,4.76,LOW
normal,NORMAL,5.72,LOW
neptune,ANOMALY,74.02,HIGH
normal,NORMAL,3.06,LOW
normal,ANOMALY,60.29,MEDIUM
neptune,ANOMALY,86.22,HIGH
warezmaster,NORMAL,27.39,LOW
smurf,ANOMALY,55.51,MEDIUM
mscan,ANOMALY,75.39,HIGH
snmpguess,NORMAL,26.43,LOW
mscan,ANOMALY,68.82,MEDIUM
normal,NORMAL,2.3,LOW
smurf,NORMAL,46.45,MEDIUM
normal,NORMAL,5.75,LOW
normal,NORMAL,1.19,LOW
normal,NORMAL,32.82,MEDIUM
normal,NORMAL,10.08,LOW
normal,NORMAL,0.76,LOW
smurf,NORMAL,49.31,MEDIUM
neptune,ANOMALY,86.25,HIGH
normal,NORMAL,9.94,LOW
normal,NORMAL,49.27,MEDIUM
normal,NORMAL,4.64,LOW
neptune,ANOMALY,80.39,HIGH
warezmaster,NORMAL,38.3,MEDIUM
normal,NORMAL,0.22,LOW
normal,NORMAL,0.44,LOW
processtable,NORMAL,38.19,MEDIUM
neptune,ANOMALY,82.37,HIGH
normal,NORMAL,0.51,LOW
warezmaster,NORMAL,27.51,LOW
apache2,ANOMALY,60.83,MEDIUM
saint,ANOMALY,77.85,HIGH
neptune,ANOMALY,87.24,HIGH
normal,NORMAL,0.78,LOW
normal,NORMAL,1.18,LOW
xterm,NORMAL,24.66,LOW
mscan,ANOMALY,57.05,MEDIUM
back,NORMAL,29.84,LOW
neptune,ANOMALY,76.38,HIGH
neptune,ANOMALY,84.11,HIGH
neptune,ANOMALY,81.5,HIGH
guess_passwd,NORMAL,31.84,MEDIUM
satan,ANOMALY,66.44,MEDIUM
normal,NORMAL,16.34,LOW
normal,NORMAL,1.2,LOW
normal,NORMAL,22.65,LOW
back,NORMAL,15.02,LOW
apache2,ANOMALY,61.88,MEDIUM
normal,NORMAL,30.24,MEDIUM
guess_passwd,NORMAL,21.79,LOW
satan,ANOMALY,66.97,MEDIUM
normal,NORMAL,2.46,LOW
apache2,ANOMALY,60.34,MEDIUM
neptune,ANOMALY,73.72,HIGH
neptune,ANOMALY,81.91,HIGH
normal,NORMAL,22.41,LOW
satan,ANOMALY,64.08,MEDIUM
snmpguess,NORMAL,26.58,LOW
normal,NORMAL,1.32,LOW
normal,NORMAL,1.3,LOW
neptune,ANOMALY,86.57,HIGH
normal,NORMAL,3.0,LOW
normal,NORMAL,2.81,LOW
normal,NORMAL,5.68,LOW
normal,NORMAL,0.72,LOW
normal,NORMAL,1.12,LOW
normal,NORMAL,9.69,LOW
mailbomb,NORMAL,18.03,LOW
satan,ANOMALY,93.1,HIGH
normal,NORMAL,3.18,LOW
neptune,ANOMALY,75.31,HIGH
normal,NORMAL,10.32,LOW
normal,NORMAL,10.7,LOW
normal,NORMAL,20.02,LOW
smurf,ANOMALY,52.19,MEDIUM
warezmaster,NORMAL,30.1,MEDIUM
neptune,ANOMALY,80.19,HIGH
neptune,ANOMALY,85.76,HIGH
normal,NORMAL,1.36,LOW
normal,NORMAL,0.29,LOW
normal,NORMAL,44.13,MEDIUM
normal,NORMAL,0.38,LOW
processtable,NORMAL,45.6,MEDIUM
neptune,ANOMALY,81.71,HIGH
neptune,ANOMALY,81.43,HIGH
normal,NORMAL,0.66,LOW
warezmaster,NORMAL,29.35,LOW
normal,NORMAL,49.21,MEDIUM
normal,NORMAL,1.53,LOW
neptune,ANOMALY,80.49,HIGH
neptune,ANOMALY,79.41,HIGH
warezmaster,NORMAL,28.75,LOW
normal,NORMAL,0.66,LOW
normal,NORMAL,1.28,LOW
neptune,ANOMALY,73.8,HIGH
neptune,ANOMALY,75.94,HIGH
normal,NORMAL,1.65,LOW
normal,NORMAL,3.39,LOW
normal,NORMAL,26.39,LOW
normal,NORMAL,1.48,LOW
neptune,ANOMALY,86.33,HIGH
normal,NORMAL,18.89,LOW
normal,NORMAL,20.22,LOW
neptune,ANOMALY,75.9,HIGH
warezmaster,NORMAL,33.55,MEDIUM
guess_passwd,NORMAL,9.37,LOW
normal,NORMAL,26.43,LOW
warezmaster,NORMAL,44.9,MEDIUM
neptune,ANOMALY,74.6,HIGH
snmpguess,NORMAL,26.31,LOW
teardrop,NORMAL,44.0,MEDIUM
mailbomb,NORMAL,26.16,LOW
mscan,ANOMALY,74.65,HIGH
neptune,ANOMALY,86.7,HIGH
neptune,ANOMALY,81.64,HIGH
neptune,ANOMALY,79.68,HIGH
normal,NORMAL,26.61,LOW
apache2,ANOMALY,59.03,MEDIUM
neptune,ANOMALY,94.61,HIGH
processtable,ANOMALY,75.83,HIGH
warezmaster,NORMAL,33.92,MEDIUM
neptune,ANOMALY,78.64,HIGH
mscan,ANOMALY,79.02,HIGH
neptune,ANOMALY,80.74,HIGH
normal,NORMAL,0.82,LOW
normal,NORMAL,20.2,LOW
mscan,ANOMALY,78.04,HIGH
normal,NORMAL,4.28,LOW
neptune,ANOMALY,86.83,HIGH
normal,NORMAL,3.51,LOW
normal,NORMAL,3.94,LOW
normal,NORMAL,1.88,LOW
normal,NORMAL,31.06,MEDIUM
neptune,ANOMALY,76.06,HIGH
normal,NORMAL,49.71,MEDIUM
guess_passwd,NORMAL,21.47,LOW
processtable,ANOMALY,67.9,MEDIUM
normal,NORMAL,0.63,LOW
neptune,ANOMALY,80.78,HIGH
normal,NORMAL,0.42,LOW
mscan,ANOMALY,75.36,HIGH
normal,NORMAL,11.77,LOW
warezmaster,NORMAL,32.14,MEDIUM
mailbomb,NORMAL,18.03,LOW
satan,ANOMALY,64.33,MEDIUM
normal,NORMAL,2.13,LOW
neptune,ANOMALY,86.57,HIGH
ftp_write,NORMAL,17.78,LOW
normal,NORMAL,0.77,LOW
warezmaster,NORMAL,38.51,MEDIUM
satan,ANOMALY,94.19,HIGH
normal,NORMAL,18.51,LOW
mscan,ANOMALY,83.76,HIGH
apache2,ANOMALY,75.72,HIGH
smurf,NORMAL,41.18,MEDIUM
guess_passwd,NORMAL,20.96,LOW
normal,NORMAL,26.5,LOW
neptune,ANOMALY,82.0,HIGH
normal,NORMAL,8.01,LOW
neptune,ANOMALY,85.87,HIGH
normal,NORMAL,0.96,LOW
normal,NORMAL,20.98,LOW
neptune,ANOMALY,70.37,HIGH
neptune,ANOMALY,80.45,HIGH
normal,NORMAL,2.46,LOW
normal,NORMAL,1.69,LOW
normal,NORMAL,29.47,LOW
normal,NORMAL,26.63,LOW
portsweep,ANOMALY,57.08,MEDIUM
normal,NORMAL,37.08,MEDIUM
neptune,ANOMALY,81.97,HIGH
normal,NORMAL,3.13,LOW
normal,NORMAL,4.01,LOW
normal,NORMAL,1.95,LOW
normal,NORMAL,0.48,LOW
normal,NORMAL,44.2,MEDIUM
guess_passwd,NORMAL,10.5,LOW
normal,NORMAL,2.17,LOW
neptune,ANOMALY,87.0,HIGH
neptune,ANOMALY,80.65,HIGH
normal,NORMAL,5.04,LOW
normal,NORMAL,1.95,LOW
buffer_overflow,NORMAL,46.34,MEDIUM
guess_passwd,NORMAL,25.06,LOW
warezmaster,NORMAL,25.21,LOW
apache2,ANOMALY,54.87,MEDIUM
neptune,ANOMALY,80.65,HIGH
smurf,NORMAL,44.71,MEDIUM
normal,NORMAL,1.2,LOW
normal,NORMAL,23.18,LOW
ipsweep,NORMAL,51.67,MEDIUM
normal,NORMAL,40.5,MEDIUM
normal,NORMAL,25.31,LOW
back,NORMAL,16.48,LOW
normal,NORMAL,19.09,LOW
normal,NORMAL,3.32,LOW
normal,NORMAL,32.59,MEDIUM
neptune,ANOMALY,85.91,HIGH
normal,NORMAL,2.01,LOW
neptune,ANOMALY,79.75,HIGH
normal,NORMAL,20.25,LOW
neptune,ANOMALY,81.41,HIGH
normal,NORMAL,38.26,MEDIUM
guess_passwd,NORMAL,20.03,LOW
normal,NORMAL,26.36,LOW
neptune,ANOMALY,81.52,HIGH
normal,NORMAL,3.07,LOW
normal,NORMAL,16.19,LOW
normal,NORMAL,16.88,LOW
guess_passwd,NORMAL,9.41,LOW
normal,NORMAL,0.21,LOW
neptune,ANOMALY,86.44,HIGH
normal,NORMAL,0.24,LOW
normal,NORMAL,1.82,LOW
neptune,ANOMALY,84.73,HIGH
normal,NORMAL,3.6,LOW
normal,NORMAL,23.03,LOW
processtable,NORMAL,41.18,MEDIUM
apache2,NORMAL,49.62,MEDIUM
neptune,ANOMALY,77.03,HIGH
normal,NORMAL,28.17,LOW
portsweep,ANOMALY,67.52,MEDIUM
normal,NORMAL,1.03,LOW
smurf,ANOMALY,52.82,MEDIUM
normal,NORMAL,19.01,LOW
satan,ANOMALY,95.16,HIGH
mscan,ANOMALY,79.53,HIGH
multihop,ANOMALY,84.03,HIGH
neptune,ANOMALY,75.0,HIGH
normal,NORMAL,31.1,MEDIUM
mscan,ANOMALY,70.19,HIGH
normal,NORMAL,9.68,LOW
neptune,ANOMALY,86.92,HIGH
normal,NORMAL,1.94,LOW
normal,NORMAL,19.65,LOW
normal,NORMAL,1.81,LOW
mscan,ANOMALY,78.66,HIGH
normal,NORMAL,5.05,LOW
normal,NORMAL,0.52,LOW
apache2,ANOMALY,68.74,MEDIUM
normal,NORMAL,20.02,LOW
neptune,ANOMALY,82.34,HIGH
satan,ANOMALY,63.56,MEDIUM
snmpguess,NORMAL,26.49,LOW
satan,ANOMALY,68.19,MEDIUM
normal,NORMAL,6.98,LOW
satan,ANOMALY,66.48,MEDIUM
processtable,NORMAL,45.87,MEDIUM
neptune,ANOMALY,75.47,HIGH
warezmaster,NORMAL,38.35,MEDIUM
normal,NORMAL,2.22,LOW
normal,NORMAL,18.21,LOW
neptune,ANOMALY,80.27,HIGH
processtable,ANOMALY,75.65,HIGH
normal,NORMAL,2.44,LOW
neptune,ANOMALY,82.13,HIGH
neptune,ANOMALY,84.72,HIGH
neptune,ANOMALY,81.82,HIGH
normal,NORMAL,7.35,LOW
normal,NORMAL,4.01,LOW
normal,NORMAL,13.22,LOW
neptune,ANOMALY,81.33,HIGH
neptune,ANOMALY,85.43,HIGH
warezmaster,NORMAL,16.81,LOW
mscan,ANOMALY,66.79,MEDIUM
satan,ANOMALY,93.43,HIGH
normal,NORMAL,2.82,LOW
normal,NORMAL,1.0,LOW
guess_passwd,NORMAL,10.93,LOW
normal,NORMAL,3.96,LOW
normal,NORMAL,1.28,LOW
normal,NORMAL,1.15,LOW
normal,NORMAL,6.02,LOW
normal,NORMAL,2.59,LOW
guess_passwd,NORMAL,10.72,LOW
normal,NORMAL,0.71,LOW
normal,NORMAL,5.14,LOW
normal,NORMAL,0.43,LOW
smurf,NORMAL,43.24,MEDIUM
neptune,ANOMALY,81.16,HIGH
normal,NORMAL,0.6,LOW
ipsweep,ANOMALY,51.93,MEDIUM
normal,NORMAL,22.04,LOW
normal,NORMAL,2.95,LOW
normal,NORMAL,1.44,LOW
warezmaster,ANOMALY,52.53,MEDIUM
normal,NORMAL,49.65,MEDIUM
normal,NORMAL,0.46,LOW
neptune,ANOMALY,79.67,HIGH
normal,NORMAL,2.22,LOW
normal,NORMAL,0.34,LOW
normal,NORMAL,0.87,LOW
guess_passwd,NORMAL,32.03,MEDIUM
smurf,NORMAL,42.25,MEDIUM
guess_passwd,NORMAL,10.21,LOW
normal,NORMAL,0.48,LOW
normal,NORMAL,17.67,LOW
guess_passwd,NORMAL,35.37,MEDIUM
mailbomb,NORMAL,26.58,LOW
normal,NORMAL,27.66,LOW
normal,NORMAL,4.07,LOW
warezmaster,NORMAL,32.55,MEDIUM
normal,NORMAL,1.11,LOW
normal,NORMAL,0.25,LOW
neptune,ANOMALY,81.39,HIGH
processtable,ANOMALY,67.04,MEDIUM
satan,ANOMALY,92.42,HIGH
smurf,NORMAL,51.3,MEDIUM
normal,NORMAL,1.01,LOW
guess_passwd,NORMAL,9.29,LOW
neptune,ANOMALY,88.2,HIGH
smurf,ANOMALY,60.43,MEDIUM
normal,NORMAL,17.25,LOW
guess_passwd,NORMAL,28.14,LOW
normal,NORMAL,20.32,LOW
neptune,ANOMALY,75.3,HIGH
normal,NORMAL,16.52,LOW
normal,NORMAL,2.55,LOW
neptune,ANOMALY,81.96,HIGH
normal,NORMAL,2.72,LOW
saint,ANOMALY,55.44,MEDIUM
normal,NORMAL,49.69,MEDIUM
mscan,ANOMALY,77.02,HIGH
normal,NORMAL,0.73,LOW
normal,NORMAL,6.68,LOW
neptune,ANOMALY,80.35,HIGH
normal,NORMAL,14.61,LOW
apache2,ANOMALY,57.38,MEDIUM
normal,NORMAL,2.63,LOW
normal,NORMAL,2.84,LOW
neptune,ANOMALY,77.91,HIGH
neptune,ANOMALY,80.18,HIGH
mscan,ANOMALY,79.57,HIGH
neptune,ANOMALY,74.64,HIGH
mscan,ANOMALY,80.06,HIGH
satan,ANOMALY,95.18,HIGH
neptune,ANOMALY,81.69,HIGH
mscan,ANOMALY,65.48,MEDIUM
neptune,ANOMALY,80.41,HIGH
normal,NORMAL,45.2,MEDIUM
normal,NORMAL,46.28,MEDIUM
neptune,ANOMALY,87.42,HIGH
normal,NORMAL,17.38,LOW
mailbomb,NORMAL,14.24,LOW
saint,ANOMALY,52.35,MEDIUM
smurf,ANOMALY,51.97,MEDIUM
satan,ANOMALY,95.28,HIGH
normal,NORMAL,0.99,LOW
normal,NORMAL,21.26,LOW
smurf,NORMAL,50.14,MEDIUM
normal,NORMAL,9.18,LOW
nmap,ANOMALY,82.96,HIGH
guess_passwd,NORMAL,10.54,LOW
guess_passwd,NORMAL,21.27,LOW
normal,NORMAL,22.3,LOW
normal,NORMAL,18.74,LOW
normal,NORMAL,19.21,LOW
snmpgetattack,NORMAL,27.86,LOW
normal,NORMAL,0.55,LOW
normal,NORMAL,1.85,LOW
normal,NORMAL,1.45,LOW
warezmaster,NORMAL,27.23,LOW
guess_passwd,NORMAL,21.82,LOW
neptune,ANOMALY,82.77,HIGH
normal,NORMAL,18.89,LOW
processtable,ANOMALY,67.67,MEDIUM
neptune,ANOMALY,76.87,HIGH
guess_passwd,NORMAL,27.75,LOW
normal,NORMAL,2.71,LOW
normal,NORMAL,0.97,LOW
normal,NORMAL,0.24,LOW
warezmaster,NORMAL,41.51,MEDIUM
normal,NORMAL,2.16,LOW
neptune,ANOMALY,82.61,HIGH
normal,NORMAL,17.21,LOW
mailbomb,NORMAL,23.31,LOW
normal,NORMAL,37.48,MEDIUM
normal,NORMAL,16.36,LOW
normal,NORMAL,26.86,LOW
portsweep,ANOMALY,74.07,HIGH
normal,NORMAL,1.24,LOW
neptune,ANOMALY,75.57,HIGH
warezmaster,NORMAL,28.02,LOW
normal,NORMAL,3.34,LOW
neptune,ANOMALY,74.83,HIGH
normal,NORMAL,21.87,LOW
neptune,ANOMALY,88.3,HIGH
normal,NORMAL,18.53,LOW
neptune,ANOMALY,81.22,HIGH
normal,ANOMALY,58.26,MEDIUM
neptune,ANOMALY,76.06,HIGH
neptune,ANOMALY,80.34,HIGH
apache2,ANOMALY,76.71,HIGH
normal,NORMAL,1.35,LOW
normal,NORMAL,0.49,LOW
apache2,ANOMALY,55.8,MEDIUM
warezmaster,NORMAL,17.34,LOW
normal,NORMAL,0.4,LOW
normal,NORMAL,18.37,LOW
normal,ANOMALY,52.46,MEDIUM
neptune,ANOMALY,82.11,HIGH
normal,NORMAL,2.39,LOW
warezmaster,NORMAL,28.61,LOW
neptune,ANOMALY,81.61,HIGH
normal,NORMAL,7.16,LOW
normal,NORMAL,0.58,LOW
normal,NORMAL,1.08,LOW
guess_passwd,NORMAL,9.68,LOW
processtable,NORMAL,51.6,MEDIUM
normal,NORMAL,6.91,LOW
normal,NORMAL,0.52,LOW
warezmaster,NORMAL,34.88,MEDIUM
guess_passwd,NORMAL,9.49,LOW
neptune,ANOMALY,80.14,HIGH
normal,NORMAL,1.23,LOW
neptune,ANOMALY,81.61,HIGH
snmpguess,NORMAL,26.39,LOW
normal,NORMAL,27.99,LOW
normal,NORMAL,0.34,LOW
normal,NORMAL,50.56,MEDIUM
normal,NORMAL,3.74,LOW
normal,NORMAL,17.16,LOW
httptunnel,ANOMALY,62.77,MEDIUM
neptune,ANOMALY,76.56,HIGH
back,NORMAL,18.43,LOW
apache2,ANOMALY,54.22,MEDIUM
mscan,ANOMALY,77.21,HIGH
neptune,ANOMALY,79.03,HIGH
normal,NORMAL,10.17,LOW
normal,NORMAL,49.65,MEDIUM
normal,NORMAL,12.26,LOW
normal,NORMAL,5.08,LOW
normal,ANOMALY,62.74,MEDIUM
satan,ANOMALY,94.85,HIGH
apache2,ANOMALY,68.17,MEDIUM
neptune,ANOMALY,88.28,HIGH
neptune,ANOMALY,87.25,HIGH
normal,NORMAL,0.99,LOW
normal,NORMAL,8.53,LOW
normal,NORMAL,2.44,LOW
apache2,ANOMALY,58.14,MEDIUM
normal,NORMAL,2.62,LOW
processtable,NORMAL,43.51,MEDIUM
neptune,ANOMALY,76.11,HIGH
normal,NORMAL,17.08,LOW
processtable,NORMAL,51.6,MEDIUM
normal,NORMAL,16.96,LOW
normal,NORMAL,3.95,LOW
guess_passwd,NORMAL,10.66,LOW
normal,NORMAL,2.22,LOW
normal,NORMAL,49.03,MEDIUM
neptune,ANOMALY,80.91,HIGH
normal,NORMAL,3.18,LOW
warezmaster,NORMAL,41.24,MEDIUM
neptune,ANOMALY,80.39,HIGH
normal,NORMAL,0.8,LOW
snmpguess,NORMAL,26.5,LOW
processtable,ANOMALY,76.28,HIGH
neptune,ANOMALY,90.71,HIGH
normal,NORMAL,1.75,LOW
normal,NORMAL,1.15,LOW
saint,ANOMALY,77.88,HIGH
neptune,ANOMALY,82.27,HIGH
normal,NORMAL,28.83,LOW
mscan,ANOMALY,67.4,MEDIUM
normal,NORMAL,25.0,LOW
satan,ANOMALY,69.34,MEDIUM
normal,NORMAL,0.91,LOW
normal,NORMAL,11.32,LOW
back,NORMAL,15.54,LOW
normal,NORMAL,1.44,LOW
neptune,ANOMALY,80.09,HIGH
guess_passwd,NORMAL,21.65,LOW
processtable,NORMAL,44.46,MEDIUM
apache2,ANOMALY,76.25,HIGH
neptune,ANOMALY,87.16,HIGH
apache2,ANOMALY,57.98,MEDIUM
neptune,ANOMALY,81.25,HIGH
portsweep,ANOMALY,85.59,HIGH
neptune,ANOMALY,81.91,HIGH
neptune,ANOMALY,77.01,HIGH
smurf,NORMAL,35.14,MEDIUM
normal,NORMAL,2.29,LOW
normal,NORMAL,37.13,MEDIUM
mscan,ANOMALY,79.93,HIGH
neptune,ANOMALY,80.55,HIGH
processtable,NORMAL,47.99,MEDIUM
ipsweep,NORMAL,51.74,MEDIUM
mscan,ANOMALY,82.05,HIGH
normal,NORMAL,4.35,LOW
normal,NORMAL,0.29,LOW
normal,NORMAL,28.98,LOW
neptune,ANOMALY,81.88,HIGH
guess_passwd,NORMAL,21.56,LOW
normal,NORMAL,0.72,LOW
guess_passwd,NORMAL,20.63,LOW
guess_passwd,NORMAL,25.23,LOW
normal,NORMAL,6.72,LOW
normal,NORMAL,49.63,MEDIUM
neptune,ANOMALY,80.49,HIGH
normal,NORMAL,2.73,LOW
normal,NORMAL,23.47,LOW
warezmaster,NORMAL,34.59,MEDIUM
neptune,ANOMALY,76.13,HIGH
normal,NORMAL,1.55,LOW
neptune,ANOMALY,81.66,HIGH
warezmaster,NORMAL,29.68,LOW
neptune,ANOMALY,82.34,HIGH
normal,NORMAL,1.18,LOW
satan,ANOMALY,99.77,HIGH
normal,NORMAL,21.71,LOW
normal,NORMAL,3.46,LOW
normal,NORMAL,1.27,LOW
normal,NORMAL,0.34,LOW
apache2,ANOMALY,57.56,MEDIUM
neptune,ANOMALY,93.3,HIGH
normal,NORMAL,1.6,LOW
normal,NORMAL,21.44,LOW
mscan,ANOMALY,66.41,MEDIUM
normal,NORMAL,2.74,LOW
normal,NORMAL,20.38,LOW
normal,NORMAL,1.47,LOW
normal,NORMAL,33.46,MEDIUM
mscan,ANOMALY,78.94,HIGH
nmap,ANOMALY,81.95,HIGH
guess_passwd,NORMAL,20.93,LOW
normal,NORMAL,11.78,LOW
normal,NORMAL,4.83,LOW
apache2,ANOMALY,67.18,MEDIUM
neptune,ANOMALY,77.99,HIGH
neptune,ANOMALY,76.67,HIGH
neptune,ANOMALY,82.18,HIGH
normal,NORMAL,27.06,LOW
smurf,NORMAL,36.77,MEDIUM
normal,NORMAL,2.95,LOW
neptune,ANOMALY,79.86,HIGH
normal,NORMAL,8.14,LOW
guess_passwd,NORMAL,27.46,LOW
back,NORMAL,15.01,LOW
mscan,ANOMALY,75.04,HIGH
normal,NORMAL,2.19,LOW
normal,NORMAL,0.55,LOW
normal,NORMAL,25.47,LOW
neptune,ANOMALY,76.15,HIGH
neptune,ANOMALY,81.85,HIGH
normal,NORMAL,3.08,LOW
smurf,NORMAL,38.96,MEDIUM
warezmaster,NORMAL,35.07,MEDIUM
saint,ANOMALY,93.18,HIGH
normal,NORMAL,1.85,LOW
normal,NORMAL,0.44,LOW
normal,NORMAL,5.44,LOW
smurf,ANOMALY,52.04,MEDIUM
neptune,ANOMALY,81.64,HIGH
warezmaster,NORMAL,28.83,LOW
snmpgetattack,NORMAL,26.7,LOW
normal,NORMAL,18.53,LOW
warezmaster,NORMAL,24.6,LOW
guess_passwd,NORMAL,20.68,LOW
apache2,ANOMALY,52.18,MEDIUM
mscan,ANOMALY,66.54,MEDIUM
normal,NORMAL,2.0,LOW
processtable,NORMAL,50.03,MEDIUM
normal,NORMAL,0.25,LOW
mscan,ANOMALY,66.66,MEDIUM
normal,NORMAL,1.67,LOW
normal,NORMAL,0.48,LOW
normal,NORMAL,6.32,LOW
warezmaster,NORMAL,35.62,MEDIUM
guess_passwd,NORMAL,9.96,LOW
normal,NORMAL,14.62,LOW
normal,NORMAL,36.87,MEDIUM
normal,NORMAL,19.78,LOW
warezmaster,NORMAL,37.62,MEDIUM
back,NORMAL,15.39,LOW
normal,NORMAL,14.67,LOW
processtable,NORMAL,50.72,MEDIUM
normal,NORMAL,2.93,LOW
normal,NORMAL,3.94,LOW
neptune,ANOMALY,80.47,HIGH
back,NORMAL,18.24,LOW
normal,NORMAL,0.41,LOW
normal,NORMAL,0.49,LOW
mscan,ANOMALY,80.37,HIGH
snmpguess,NORMAL,26.36,LOW
nmap,ANOMALY,82.36,HIGH
neptune,ANOMALY,86.72,HIGH
smurf,ANOMALY,55.35,MEDIUM
neptune,ANOMALY,74.07,HIGH
normal,NORMAL,17.73,LOW
normal,NORMAL,0.65,LOW
processtable,NORMAL,51.57,MEDIUM
normal,NORMAL,26.61,LOW
neptune,ANOMALY,79.31,HIGH
normal,NORMAL,22.24,LOW
normal,NORMAL,1.99,LOW
normal,NORMAL,19.79,LOW
warezmaster,NORMAL,30.89,MEDIUM
neptune,ANOMALY,76.58,HIGH
normal,NORMAL,0.35,LOW
normal,NORMAL,8.55,LOW
neptune,ANOMALY,82.06,HIGH
normal,NORMAL,26.75,LOW
satan,ANOMALY,63.55,MEDIUM
portsweep,ANOMALY,68.88,MEDIUM
normal,NORMAL,2.56,LOW
normal,NORMAL,1.59,LOW
normal,NORMAL,22.21,LOW
normal,NORMAL,1.38,LOW
normal,NORMAL,1.16,LOW
normal,NORMAL,0.41,LOW
normal,NORMAL,39.34,MEDIUM
normal,NORMAL,1.78,LOW
normal,NORMAL,2.1,LOW
back,NORMAL,9.67,LOW
neptune,ANOMALY,75.98,HIGH
neptune,ANOMALY,80.65,HIGH
neptune,ANOMALY,74.53,HIGH
processtable,NORMAL,39.6,MEDIUM
back,NORMAL,15.67,LOW
warezmaster,NORMAL,34.93,MEDIUM
normal,NORMAL,3.01,LOW
guess_passwd,NORMAL,9.4,LOW
neptune,ANOMALY,77.02,HIGH
normal,NORMAL,3.57,LOW
normal,ANOMALY,56.02,MEDIUM
normal,NORMAL,4.84,LOW
normal,NORMAL,8.23,LOW
processtable,NORMAL,47.84,MEDIUM
neptune,ANOMALY,74.75,HIGH
neptune,ANOMALY,92.49,HIGH
apache2,ANOMALY,58.41,MEDIUM
mscan,ANOMALY,68.06,MEDIUM
guess_passwd,NORMAL,11.4,LOW
normal,NORMAL,1.77,LOW
normal,NORMAL,2.6,LOW
processtable,ANOMALY,76.01,HIGH
saint,ANOMALY,83.84,HIGH
normal,NORMAL,1.52,LOW
normal,NORMAL,2.64,LOW
normal,NORMAL,3.46,LOW
normal,NORMAL,24.05,LOW
smurf,NORMAL,50.43,MEDIUM
normal,NORMAL,19.76,LOW
neptune,ANOMALY,82.37,HIGH
mscan,ANOMALY,69.14,MEDIUM
normal,NORMAL,0.9,LOW
apache2,ANOMALY,58.16,MEDIUM
neptune,ANOMALY,86.9,HIGH
normal,NORMAL,4.06,LOW
neptune,ANOMALY,84.64,HIGH
snmpguess,NORMAL,26.34,LOW
mscan,ANOMALY,76.62,HIGH
processtable,NORMAL,45.11,MEDIUM
normal,NORMAL,1.37,LOW
normal,NORMAL,0.68,LOW
normal,NORMAL,2.07,LOW
neptune,ANOMALY,80.42,HIGH
normal,NORMAL,26.6,LOW
processtable,NORMAL,44.6,MEDIUM
neptune,ANOMALY,76.52,HIGH
normal,NORMAL,6.15,LOW
neptune,ANOMALY,81.74,HIGH
normal,NORMAL,5.39,LOW
smurf,ANOMALY,54.77,MEDIUM
normal,ANOMALY,58.11,MEDIUM
normal,NORMAL,4.77,LOW
mscan,ANOMALY,66.31,MEDIUM
smurf,NORMAL,50.77,MEDIUM
normal,NORMAL,1.86,LOW
guess_passwd,NORMAL,34.0,MEDIUM
neptune,ANOMALY,80.87,HIGH
guess_passwd,NORMAL,19.55,LOW
normal,NORMAL,16.23,LOW
neptune,ANOMALY,78.07,HIGH
neptune,ANOMALY,76.06,HIGH
saint,ANOMALY,93.69,HIGH
normal,NORMAL,49.7,MEDIUM
normal,NORMAL,2.53,LOW
normal,NORMAL,0.7,LOW
neptune,ANOMALY,76.31,HIGH
warezmaster,NORMAL,26.1,LOW
portsweep,ANOMALY,76.52,HIGH
processtable,ANOMALY,63.32,MEDIUM
apache2,ANOMALY,54.27,MEDIUM
normal,NORMAL,9.98,LOW
normal,NORMAL,2.36,LOW
mscan,ANOMALY,73.26,HIGH
apache2,ANOMALY,76.38,HIGH
snmpgetattack,NORMAL,30.94,MEDIUM
normal,NORMAL,1.05,LOW
snmpgetattack,NORMAL,26.89,LOW
apache2,ANOMALY,70.86,HIGH
normal,NORMAL,2.55,LOW
normal,NORMAL,3.18,LOW
warezmaster,NORMAL,35.26,MEDIUM
guess_passwd,NORMAL,9.41,LOW
neptune,ANOMALY,80.62,HIGH
normal,NORMAL,3.04,LOW
ipsweep,ANOMALY,52.75,MEDIUM
neptune,ANOMALY,79.84,HIGH
normal,NORMAL,0.91,LOW
normal,NORMAL,1.31,LOW
normal,NORMAL,26.66,LOW
warezmaster,NORMAL,28.93,LOW
normal,NORMAL,11.73,LOW
warezmaster,NORMAL,36.81,MEDIUM
mscan,ANOMALY,72.08,HIGH
normal,NORMAL,0.57,LOW
neptune,ANOMALY,81.12,HIGH
normal,NORMAL,6.19,LOW
warezmaster,NORMAL,27.93,LOW
normal,NORMAL,15.65,LOW
neptune,ANOMALY,82.09,HIGH
normal,NORMAL,1.2,LOW
neptune,ANOMALY,75.99,HIGH
normal,NORMAL,0.34,LOW
warezmaster,NORMAL,30.8,MEDIUM
satan,ANOMALY,94.6,HIGH
normal,NORMAL,14.01,LOW
normal,NORMAL,1.14,LOW
apache2,ANOMALY,52.58,MEDIUM
normal,NORMAL,1.61,LOW
guess_passwd,NORMAL,21.27,LOW
neptune,ANOMALY,82.14,HIGH
normal,NORMAL,2.88,LOW
neptune,ANOMALY,85.65,HIGH
warezmaster,NORMAL,25.22,LOW
neptune,ANOMALY,82.89,HIGH
httptunnel,ANOMALY,62.66,MEDIUM
neptune,ANOMALY,81.91,HIGH
satan,ANOMALY,60.98,MEDIUM
apache2,ANOMALY,57.78,MEDIUM
mscan,ANOMALY,63.97,MEDIUM
mscan,ANOMALY,78.46,HIGH
mailbomb,NORMAL,32.62,MEDIUM
normal,NORMAL,16.65,LOW
processtable,NORMAL,43.39,MEDIUM
smurf,ANOMALY,52.19,MEDIUM
neptune,ANOMALY,74.22,HIGH
normal,NORMAL,49.72,MEDIUM
smurf,NORMAL,35.57,MEDIUM
warezmaster,NORMAL,30.61,MEDIUM
apache2,ANOMALY,57.61,MEDIUM
neptune,ANOMALY,80.74,HIGH
neptune,ANOMALY,92.19,HIGH
saint,ANOMALY,92.13,HIGH
normal,NORMAL,0.5,LOW
normal,NORMAL,15.33,LOW
smurf,NORMAL,37.94,MEDIUM
normal,NORMAL,10.47,LOW
neptune,ANOMALY,82.06,HIGH
mscan,ANOMALY,73.45,HIGH
normal,NORMAL,2.56,LOW
normal,NORMAL,1.5,LOW
snmpguess,NORMAL,26.32,LOW
neptune,ANOMALY,80.22,HIGH
ipsweep,ANOMALY,52.74,MEDIUM
neptune,ANOMALY,86.85,HIGH
normal,ANOMALY,73.74,HIGH
snmpguess,NORMAL,26.43,LOW
satan,ANOMALY,58.17,MEDIUM
guess_passwd,NORMAL,11.75,LOW
neptune,ANOMALY,82.09,HIGH
normal,NORMAL,1.31,LOW
neptune,ANOMALY,81.55,HIGH
smurf,ANOMALY,52.04,MEDIUM
normal,NORMAL,1.34,LOW
normal,NORMAL,0.55,LOW
guess_passwd,NORMAL,9.99,LOW
satan,ANOMALY,91.96,HIGH
apache2,ANOMALY,59.83,MEDIUM
normal,NORMAL,1.72,LOW
normal,NORMAL,17.03,LOW
apache2,ANOMALY,75.74,HIGH
guess_passwd,NORMAL,27.73,LOW
normal,NORMAL,13.36,LOW
mailbomb,NORMAL,12.98,LOW
neptune,ANOMALY,82.09,HIGH
neptune,ANOMALY,80.74,HIGH
neptune,ANOMALY,87.47,HIGH
normal,NORMAL,22.54,LOW
normal,NORMAL,5.69,LOW
normal,NORMAL,12.2,LOW
normal,NORMAL,3.03,LOW
guess_passwd,NORMAL,11.88,LOW
neptune,ANOMALY,83.66,HIGH
neptune,ANOMALY,87.33,HIGH
saint,ANOMALY,89.36,HIGH
mailbomb,NORMAL,13.11,LOW
neptune,ANOMALY,81.52,HIGH
normal,NORMAL,0.55,LOW
neptune,ANOMALY,85.79,HIGH
satan,ANOMALY,94.34,HIGH
warezmaster,NORMAL,51.23,MEDIUM
normal,ANOMALY,66.17,MEDIUM
normal,NORMAL,2.14,LOW
normal,NORMAL,12.49,LOW
snmpguess,NORMAL,26.63,LOW
normal,NORMAL,5.64,LOW
warezmaster,NORMAL,17.85,LOW
normal,NORMAL,1.87,LOW
snmpgetattack,NORMAL,40.69,MEDIUM
smurf,NORMAL,41.65,MEDIUM
httptunnel,ANOMALY,62.31,MEDIUM
neptune,ANOMALY,80.11,HIGH
guess_passwd,NORMAL,13.91,LOW
apache2,ANOMALY,70.86,HIGH
normal,NORMAL,1.75,LOW
mscan,ANOMALY,69.0,MEDIUM
neptune,ANOMALY,86.57,HIGH
normal,NORMAL,1.01,LOW
guess_passwd,NORMAL,24.39,LOW
neptune,ANOMALY,76.47,HIGH
guess_passwd,NORMAL,21.04,LOW
guess_passwd,NORMAL,11.52,LOW
satan,ANOMALY,67.15,MEDIUM
normal,NORMAL,6.79,LOW
normal,NORMAL,2.05,LOW
snmpguess,NORMAL,26.39,LOW
apache2,ANOMALY,70.88,HIGH
httptunnel,ANOMALY,62.49,MEDIUM
mailbomb,NORMAL,22.21,LOW
neptune,ANOMALY,81.36,HIGH
normal,NORMAL,3.36,LOW
neptune,ANOMALY,81.45,HIGH
normal,NORMAL,11.74,LOW
guess_passwd,NORMAL,20.66,LOW
neptune,ANOMALY,86.2,HIGH
normal,NORMAL,1.95,LOW
guess_passwd,NORMAL,21.15,LOW
portsweep,ANOMALY,90.37,HIGH
smurf,NORMAL,41.3,MEDIUM
normal,NORMAL,50.45,MEDIUM
normal,NORMAL,0.38,LOW
neptune,ANOMALY,75.37,HIGH
neptune,ANOMALY,81.91,HIGH
normal,NORMAL,29.3,LOW
neptune,ANOMALY,76.63,HIGH
normal,NORMAL,2.73,LOW
mailbomb,NORMAL,14.91,LOW
neptune,ANOMALY,86.65,HIGH
normal,NORMAL,1.12,LOW
warezmaster,NORMAL,17.42,LOW
normal,NORMAL,5.38,LOW
satan,ANOMALY,94.34,HIGH
guess_passwd,NORMAL,10.63,LOW
normal,NORMAL,1.43,LOW
normal,NORMAL,2.44,LOW
normal,NORMAL,16.79,LOW
normal,NORMAL,1.05,LOW
processtable,ANOMALY,66.58,MEDIUM
normal,NORMAL,0.45,LOW
mscan,ANOMALY,79.07,HIGH
neptune,ANOMALY,80.3,HIGH
normal,NORMAL,4.23,LOW
smurf,NORMAL,46.87,MEDIUM
neptune,ANOMALY,81.24,HIGH
neptune,ANOMALY,74.68,HIGH
neptune,ANOMALY,69.98,MEDIUM
normal,NORMAL,1.7,LOW
neptune,ANOMALY,81.91,HIGH
neptune,ANOMALY,85.46,HIGH
neptune,ANOMALY,82.66,HIGH
normal,NORMAL,28.8,LOW
neptune,ANOMALY,81.47,HIGH
mscan,ANOMALY,75.15,HIGH
guess_passwd,NORMAL,16.4,LOW
neptune,ANOMALY,81.29,HIGH
normal,NORMAL,25.71,LOW
neptune,ANOMALY,85.33,HIGH
apache2,ANOMALY,74.54,HIGH
mscan,ANOMALY,80.77,HIGH
pod,NORMAL,49.49,MEDIUM
normal,NORMAL,1.71,LOW
normal,NORMAL,3.71,LOW
mscan,ANOMALY,73.73,HIGH
mscan,ANOMALY,72.96,HIGH
neptune,ANOMALY,75.93,HIGH
normal,NORMAL,1.61,LOW
normal,NORMAL,49.19,MEDIUM
apache2,ANOMALY,57.95,MEDIUM
normal,NORMAL,2.65,LOW
mailbomb,NORMAL,28.78,LOW
apache2,NORMAL,49.35,MEDIUM
normal,NORMAL,17.23,LOW
smurf,NORMAL,50.85,MEDIUM
neptune,ANOMALY,80.48,HIGH
normal,NORMAL,2.7,LOW
mscan,ANOMALY,69.82,MEDIUM
normal,NORMAL,1.49,LOW
normal,NORMAL,0.82,LOW
warezmaster,NORMAL,28.49,LOW
normal,NORMAL,18.18,LOW
normal,NORMAL,15.51,LOW
warezmaster,NORMAL,32.49,MEDIUM
neptune,ANOMALY,82.43,HIGH
normal,NORMAL,24.94,LOW
normal,NORMAL,2.73,LOW
normal,NORMAL,3.16,LOW
normal,NORMAL,22.32,LOW
neptune,ANOMALY,81.19,HIGH
normal,NORMAL,50.46,MEDIUM
snmpgetattack,NORMAL,27.39,LOW
normal,NORMAL,35.36,MEDIUM
neptune,ANOMALY,87.29,HIGH
apache2,ANOMALY,59.06,MEDIUM
normal,NORMAL,12.12,LOW
normal,NORMAL,5.1,LOW
mscan,ANOMALY,66.71,MEDIUM
normal,NORMAL,2.36,LOW
normal,NORMAL,2.43,LOW
normal,NORMAL,1.05,LOW
portsweep,ANOMALY,73.17,HIGH
neptune,ANOMALY,79.86,HIGH
neptune,ANOMALY,86.41,HIGH
normal,NORMAL,2.44,LOW
guess_passwd,NORMAL,13.0,LOW
neptune,ANOMALY,79.07,HIGH
normal,NORMAL,6.33,LOW
mscan,ANOMALY,80.16,HIGH
neptune,ANOMALY,80.39,HIGH
apache2,ANOMALY,67.53,MEDIUM
neptune,ANOMALY,76.11,HIGH
neptune,ANOMALY,75.19,HIGH
apache2,ANOMALY,62.08,MEDIUM
normal,NORMAL,0.42,LOW
normal,NORMAL,31.83,MEDIUM
neptune,ANOMALY,82.33,HIGH
normal,NORMAL,27.45,LOW
neptune,ANOMALY,78.02,HIGH
normal,NORMAL,1.82,LOW
neptune,ANOMALY,86.76,HIGH
neptune,ANOMALY,81.27,HIGH
neptune,ANOMALY,87.21,HIGH
normal,NORMAL,1.07,LOW
normal,NORMAL,1.0,LOW
guess_passwd,NORMAL,33.53,MEDIUM
normal,NORMAL,0.47,LOW
mscan,NORMAL,37.88,MEDIUM
normal,NORMAL,10.32,LOW
normal,NORMAL,1.14,LOW
normal,NORMAL,0.38,LOW
neptune,ANOMALY,81.61,HIGH
normal,NORMAL,11.91,LOW
smurf,ANOMALY,56.93,MEDIUM
guess_passwd,NORMAL,9.42,LOW
normal,NORMAL,2.3,LOW
ps,NORMAL,50.5,MEDIUM
neptune,ANOMALY,80.04,HIGH
neptune,ANOMALY,86.59,HIGH
neptune,ANOMALY,86.94,HIGH
processtable,ANOMALY,75.81,HIGH
normal,NORMAL,2.12,LOW
neptune,ANOMALY,75.94,HIGH
normal,NORMAL,49.62,MEDIUM
normal,NORMAL,14.75,LOW
neptune,ANOMALY,74.27,HIGH
smurf,NORMAL,49.82,MEDIUM
normal,NORMAL,0.26,LOW
snmpguess,NORMAL,26.32,LOW
neptune,ANOMALY,86.94,HIGH
processtable,NORMAL,39.41,MEDIUM
smurf,ANOMALY,51.9,MEDIUM
processtable,NORMAL,49.57,MEDIUM
saint,ANOMALY,52.89,MEDIUM
normal,NORMAL,0.66,LOW
normal,NORMAL,0.55,LOW
normal,NORMAL,0.74,LOW
warezmaster,NORMAL,38.28,MEDIUM
neptune,ANOMALY,83.28,HIGH
normal,NORMAL,23.46,LOW
normal,NORMAL,2.63,LOW
normal,NORMAL,1.95,LOW
neptune,ANOMALY,81.52,HIGH
normal,NORMAL,0.22,LOW
normal,NORMAL,1.72,LOW
normal,NORMAL,6.13,LOW
normal,NORMAL,18.92,LOW
normal,NORMAL,23.16,LOW
satan,ANOMALY,62.17,MEDIUM
normal,NORMAL,26.62,LOW
neptune,ANOMALY,74.57,HIGH
normal,NORMAL,8.8,LOW
normal,NORMAL,1.75,LOW
normal,NORMAL,1.27,LOW
normal,NORMAL,0.42,LOW
xterm,ANOMALY,53.02,MEDIUM
normal,NORMAL,0.87,LOW
portsweep,ANOMALY,85.35,HIGH
satan,ANOMALY,94.31,HIGH
mscan,ANOMALY,76.32,HIGH
xterm,NORMAL,35.85,MEDIUM
normal,NORMAL,8.39,LOW
neptune,ANOMALY,85.58,HIGH
mscan,ANOMALY,75.2,HIGH
warezmaster,NORMAL,29.53,LOW
saint,ANOMALY,93.74,HIGH
normal,NORMAL,11.13,LOW
mailbomb,NORMAL,37.13,MEDIUM
pod,ANOMALY,57.63,MEDIUM
httptunnel,ANOMALY,61.86,MEDIUM
warezmaster,NORMAL,36.08,MEDIUM
neptune,ANOMALY,82.23,HIGH
normal,NORMAL,39.33,MEDIUM
normal,NORMAL,2.73,LOW
normal,NORMAL,0.14,LOW
normal,NORMAL,24.97,LOW
smurf,ANOMALY,54.5,MEDIUM
warezmaster,NORMAL,41.82,MEDIUM
neptune,ANOMALY,81.25,HIGH
normal,NORMAL,4.36,LOW
normal,NORMAL,49.71,MEDIUM
satan,ANOMALY,60.57,MEDIUM
warezmaster,NORMAL,42.71,MEDIUM
back,NORMAL,15.66,LOW
mscan,ANOMALY,78.37,HIGH
normal,NORMAL,2.0,LOW
normal,NORMAL,0.98,LOW
guess_passwd,NORMAL,11.25,LOW
mailbomb,NORMAL,23.81,LOW
guess_passwd,NORMAL,28.92,LOW
neptune,ANOMALY,86.18,HIGH
normal,NORMAL,41.19,MEDIUM
normal,NORMAL,15.99,LOW
neptune,ANOMALY,81.8,HIGH
normal,NORMAL,1.63,LOW
mscan,ANOMALY,76.9,HIGH
guess_passwd,NORMAL,21.77,LOW
back,NORMAL,16.41,LOW
guess_passwd,NORMAL,10.92,LOW
mscan,ANOMALY,71.09,HIGH
normal,NORMAL,10.81,LOW
neptune,ANOMALY,81.24,HIGH
processtable,NORMAL,51.59,MEDIUM
normal,NORMAL,0.78,LOW
normal,NORMAL,47.67,MEDIUM
saint,ANOMALY,94.18,HIGH
neptune,ANOMALY,80.76,HIGH
normal,NORMAL,2.43,LOW
mailbomb,NORMAL,29.17,LOW
mailbomb,NORMAL,31.56,MEDIUM
normal,NORMAL,25.4,LOW
mailbomb,NORMAL,16.49,LOW
smurf,NORMAL,38.92,MEDIUM
neptune,ANOMALY,76.11,HIGH
apache2,ANOMALY,55.74,MEDIUM
portsweep,ANOMALY,76.54,HIGH
normal,NORMAL,1.43,LOW
saint,ANOMALY,69.67,MEDIUM
normal,NORMAL,17.63,LOW
normal,NORMAL,0.86,LOW
normal,NORMAL,2.45,LOW
warezmaster,NORMAL,27.87,LOW
guess_passwd,NORMAL,14.37,LOW
normal,NORMAL,1.87,LOW
normal,NORMAL,3.34,LOW
mscan,ANOMALY,71.04,HIGH
normal,NORMAL,9.86,LOW
named,NORMAL,29.51,LOW
neptune,ANOMALY,82.11,HIGH
mscan,ANOMALY,80.14,HIGH
neptune,ANOMALY,76.16,HIGH
normal,NORMAL,1.91,LOW
normal,NORMAL,5.83,LOW
normal,NORMAL,26.08,LOW
apache2,ANOMALY,67.55,MEDIUM
neptune,ANOMALY,81.52,HIGH
warezmaster,NORMAL,32.04,MEDIUM
neptune,ANOMALY,82.2,HIGH
normal,NORMAL,19.37,LOW
normal,NORMAL,1.19,LOW
normal,NORMAL,0.48,LOW
normal,NORMAL,0.91,LOW
normal,NORMAL,0.43,LOW
normal,NORMAL,0.31,LOW
normal,NORMAL,23.98,LOW
guess_passwd,NORMAL,11.73,LOW
normal,NORMAL,4.13,LOW
neptune,ANOMALY,76.67,HIGH
neptune,ANOMALY,85.43,HIGH
processtable,NORMAL,45.14,MEDIUM
smurf,ANOMALY,51.85,MEDIUM
normal,NORMAL,17.02,LOW
satan,ANOMALY,92.76,HIGH
warezmaster,NORMAL,34.01,MEDIUM
normal,NORMAL,0.45,LOW
processtable,NORMAL,37.94,MEDIUM
normal,NORMAL,5.64,LOW
normal,NORMAL,30.61,MEDIUM
neptune,ANOMALY,81.76,HIGH
smurf,NORMAL,40.55,MEDIUM
neptune,ANOMALY,78.86,HIGH
neptune,ANOMALY,75.12,HIGH
normal,NORMAL,6.06,LOW
smurf,NORMAL,40.5,MEDIUM
neptune,ANOMALY,87.18,HIGH
normal,NORMAL,2.57,LOW
normal,NORMAL,18.47,LOW
normal,NORMAL,1.4,LOW
apache2,ANOMALY,57.05,MEDIUM
normal,NORMAL,4.81,LOW
neptune,ANOMALY,75.39,HIGH
normal,NORMAL,0.46,LOW
normal,NORMAL,2.72,LOW
normal,NORMAL,1.36,LOW
normal,NORMAL,0.6,LOW
ipsweep,ANOMALY,56.0,MEDIUM
neptune,ANOMALY,82.09,HIGH
normal,NORMAL,1.55,LOW
warezmaster,ANOMALY,52.53,MEDIUM
neptune,ANOMALY,75.19,HIGH
normal,NORMAL,1.6,LOW
normal,NORMAL,19.77,LOW
warezmaster,NORMAL,43.18,MEDIUM
neptune,ANOMALY,81.16,HIGH
normal,NORMAL,2.74,LOW
normal,NORMAL,20.71,LOW
neptune,ANOMALY,85.45,HIGH
apache2,ANOMALY,74.79,HIGH
rootkit,NORMAL,20.09,LOW
back,NORMAL,17.12,LOW
normal,NORMAL,1.15,LOW
processtable,NORMAL,39.62,MEDIUM
snmpguess,NORMAL,26.49,LOW
neptune,ANOMALY,81.81,HIGH
normal,NORMAL,2.06,LOW
normal,NORMAL,26.58,LOW
guess_passwd,NORMAL,10.74,LOW
neptune,ANOMALY,91.89,HIGH
normal,NORMAL,13.1,LOW
neptune,ANOMALY,80.78,HIGH
smurf,NORMAL,49.99,MEDIUM
normal,NORMAL,38.22,MEDIUM
neptune,ANOMALY,76.24,HIGH
warezmaster,NORMAL,38.98,MEDIUM
normal,NORMAL,2.41,LOW
neptune,ANOMALY,82.35,HIGH
normal,NORMAL,2.82,LOW
neptune,ANOMALY,82.45,HIGH
smurf,ANOMALY,52.86,MEDIUM
mailbomb,NORMAL,30.29,MEDIUM
neptune,ANOMALY,86.92,HIGH
normal,NORMAL,1.1,LOW
guess_passwd,NORMAL,11.63,LOW
neptune,ANOMALY,80.68,HIGH
normal,NORMAL,1.09,LOW
saint,ANOMALY,93.94,HIGH
normal,NORMAL,2.17,LOW
normal,NORMAL,50.12,MEDIUM
normal,NORMAL,18.34,LOW
normal,NORMAL,15.93,LOW
normal,NORMAL,1.32,LOW
smurf,NORMAL,44.64,MEDIUM
normal,NORMAL,25.23,LOW
normal,NORMAL,4.37,LOW
normal,NORMAL,33.42,MEDIUM
normal,NORMAL,18.66,LOW
apache2,ANOMALY,53.14,MEDIUM
neptune,ANOMALY,82.16,HIGH
normal,NORMAL,2.32,LOW
normal,NORMAL,28.22,LOW
back,NORMAL,27.14,LOW
normal,NORMAL,2.09,LOW
guess_passwd,NORMAL,23.69,LOW
mscan,ANOMALY,71.93,HIGH
warezmaster,NORMAL,33.03,MEDIUM
normal,NORMAL,3.46,LOW
warezmaster,ANOMALY,52.53,MEDIUM
portsweep,ANOMALY,75.35,HIGH
smurf,NORMAL,50.16,MEDIUM
normal,NORMAL,27.92,LOW
warezmaster,NORMAL,27.93,LOW
normal,NORMAL,27.0,LOW
mscan,ANOMALY,76.06,HIGH
normal,NORMAL,2.76,LOW
neptune,ANOMALY,79.62,HIGH
normal,NORMAL,30.49,MEDIUM
snmpgetattack,NORMAL,29.27,LOW
apache2,ANOMALY,76.84,HIGH
normal,NORMAL,7.55,LOW
processtable,NORMAL,50.72,MEDIUM
neptune,ANOMALY,75.87,HIGH
guess_passwd,NORMAL,10.68,LOW
normal,ANOMALY,73.43,HIGH
normal,NORMAL,0.49,LOW
neptune,ANOMALY,86.02,HIGH
normal,NORMAL,7.6,LOW
apache2,ANOMALY,76.84,HIGH
normal,NORMAL,13.16,LOW
normal,NORMAL,3.4,LOW
neptune,ANOMALY,82.04,HIGH
neptune,ANOMALY,74.94,HIGH
normal,ANOMALY,87.77,HIGH
normal,NORMAL,2.31,LOW
neptune,ANOMALY,85.86,HIGH
xterm,NORMAL,33.99,MEDIUM
neptune,ANOMALY,76.4,HIGH
warezmaster,NORMAL,34.83,MEDIUM
processtable,ANOMALY,66.8,MEDIUM
normal,NORMAL,4.55,LOW
smurf,ANOMALY,58.81,MEDIUM
neptune,ANOMALY,80.32,HIGH
normal,NORMAL,21.46,LOW
guess_passwd,NORMAL,14.31,LOW
smurf,NORMAL,44.13,MEDIUM
apache2,ANOMALY,76.33,HIGH
guess_passwd,NORMAL,10.89,LOW
nmap,ANOMALY,81.81,HIGH
neptune,ANOMALY,80.78,HIGH
saint,ANOMALY,93.06,HIGH
neptune,ANOMALY,85.52,HIGH
normal,NORMAL,1.33,LOW
normal,NORMAL,28.13,LOW
neptune,ANOMALY,78.64,HIGH
neptune,ANOMALY,80.23,HIGH
warezmaster,NORMAL,34.81,MEDIUM
neptune,ANOMALY,78.31,HIGH
neptune,ANOMALY,87.31,HIGH
normal,NORMAL,21.1,LOW
mscan,ANOMALY,83.74,HIGH
normal,NORMAL,2.97,LOW
normal,NORMAL,3.48,LOW
normal,NORMAL,11.78,LOW
normal,NORMAL,0.62,LOW
neptune,ANOMALY,74.6,HIGH
snmpgetattack,NORMAL,26.51,LOW
processtable,ANOMALY,76.5,HIGH
neptune,ANOMALY,75.3,HIGH
processtable,NORMAL,44.21,MEDIUM
neptune,ANOMALY,80.55,HIGH
neptune,ANOMALY,75.52,HIGH
normal,NORMAL,2.47,LOW
normal,NORMAL,9.14,LOW
normal,NORMAL,0.78,LOW
warezmaster,NORMAL,34.03,MEDIUM
snmpgetattack,NORMAL,45.32,MEDIUM
normal,NORMAL,1.97,LOW
normal,NORMAL,50.56,MEDIUM
snmpguess,NORMAL,26.21,LOW
normal,NORMAL,19.31,LOW
normal,NORMAL,1.58,LOW
neptune,ANOMALY,82.2,HIGH
normal,NORMAL,0.38,LOW
satan,ANOMALY,93.34,HIGH
normal,NORMAL,0.73,LOW
neptune,ANOMALY,82.12,HIGH
normal,NORMAL,2.49,LOW
normal,NORMAL,0.33,LOW
neptune,ANOMALY,83.36,HIGH
neptune,ANOMALY,80.35,HIGH
normal,NORMAL,2.18,LOW
normal,NORMAL,2.24,LOW
smurf,ANOMALY,52.82,MEDIUM
neptune,ANOMALY,83.63,HIGH
guess_passwd,NORMAL,10.11,LOW
snmpguess,NORMAL,26.28,LOW
normal,ANOMALY,62.54,MEDIUM
warezmaster,NORMAL,35.27,MEDIUM
mscan,ANOMALY,80.51,HIGH
normal,NORMAL,1.2,LOW
apache2,ANOMALY,55.54,MEDIUM
saint,ANOMALY,55.19,MEDIUM
smurf,ANOMALY,56.51,MEDIUM
guess_passwd,ANOMALY,55.14,MEDIUM
saint,ANOMALY,98.44,HIGH
mscan,ANOMALY,81.51,HIGH
neptune,ANOMALY,81.29,HIGH
neptune,ANOMALY,76.64,HIGH
normal,NORMAL,49.69,MEDIUM
normal,NORMAL,0.6,LOW
warezmaster,NORMAL,29.35,LOW
satan,ANOMALY,57.08,MEDIUM
httptunnel,ANOMALY,62.44,MEDIUM
normal,NORMAL,2.56,LOW
neptune,ANOMALY,91.9,HIGH
normal,NORMAL,0.4,LOW
warezmaster,ANOMALY,55.62,MEDIUM
normal,NORMAL,0.73,LOW
neptune,ANOMALY,75.02,HIGH
normal,NORMAL,1.9,LOW
neptune,ANOMALY,81.89,HIGH
normal,NORMAL,27.23,LOW
normal,NORMAL,1.55,LOW
normal,NORMAL,4.04,LOW
normal,NORMAL,2.41,LOW
neptune,ANOMALY,82.04,HIGH
satan,ANOMALY,92.57,HIGH
neptune,ANOMALY,86.9,HIGH
warezmaster,NORMAL,23.27,LOW
normal,NORMAL,4.19,LOW
guess_passwd,NORMAL,27.34,LOW
normal,NORMAL,4.15,LOW
apache2,ANOMALY,75.25,HIGH
back,NORMAL,18.45,LOW
normal,NORMAL,0.6,LOW
neptune,ANOMALY,76.54,HIGH
satan,ANOMALY,89.91,HIGH
normal,NORMAL,17.57,LOW
mscan,ANOMALY,72.2,HIGH
guess_passwd,NORMAL,10.52,LOW
normal,NORMAL,24.37,LOW
mscan,ANOMALY,76.44,HIGH
guess_passwd,NORMAL,11.74,LOW
processtable,ANOMALY,75.62,HIGH
normal,NORMAL,2.07,LOW
apache2,ANOMALY,57.41,MEDIUM
normal,NORMAL,1.17,LOW
apache2,ANOMALY,73.74,HIGH
portsweep,ANOMALY,77.05,HIGH
saint,ANOMALY,53.89,MEDIUM
neptune,ANOMALY,86.88,HIGH
satan,ANOMALY,93.0,HIGH
back,NORMAL,35.38,MEDIUM
neptune,ANOMALY,82.04,HIGH
apache2,ANOMALY,76.68,HIGH
mscan,ANOMALY,66.71,MEDIUM
mscan,ANOMALY,77.57,HIGH
normal,NORMAL,16.78,LOW
snmpguess,NORMAL,26.63,LOW
smurf,ANOMALY,51.79,MEDIUM
neptune,ANOMALY,80.44,HIGH
normal,NORMAL,0.65,LOW
neptune,ANOMALY,82.23,HIGH
neptune,ANOMALY,73.93,HIGH
satan,ANOMALY,92.42,HIGH
mscan,ANOMALY,68.87,MEDIUM
normal,NORMAL,15.91,LOW
portsweep,ANOMALY,85.93,HIGH
normal,NORMAL,27.05,LOW
normal,NORMAL,0.67,LOW
guess_passwd,NORMAL,22.85,LOW
processtable,NORMAL,47.88,MEDIUM
neptune,ANOMALY,87.29,HIGH
guess_passwd,NORMAL,11.57,LOW
normal,NORMAL,0.74,LOW
saint,ANOMALY,93.79,HIGH
normal,NORMAL,1.95,LOW
neptune,ANOMALY,76.56,HIGH
warezmaster,NORMAL,27.92,LOW
normal,NORMAL,1.74,LOW
apache2,ANOMALY,56.26,MEDIUM
normal,NORMAL,18.39,LOW
neptune,ANOMALY,75.99,HIGH
mscan,ANOMALY,76.0,HIGH
warezmaster,NORMAL,28.32,LOW
apache2,ANOMALY,61.83,MEDIUM
back,NORMAL,19.65,LOW
ipsweep,ANOMALY,52.6,MEDIUM
neptune,ANOMALY,81.61,HIGH
normal,NORMAL,16.65,LOW
normal,NORMAL,0.75,LOW
satan,ANOMALY,93.53,HIGH
normal,NORMAL,5.69,LOW
neptune,ANOMALY,85.44,HIGH
normal,NORMAL,5.09,LOW
normal,NORMAL,1.28,LOW
neptune,ANOMALY,83.65,HIGH
apache2,ANOMALY,67.49,MEDIUM
normal,NORMAL,2.84,LOW
normal,NORMAL,5.27,LOW
normal,NORMAL,1.5,LOW
neptune,ANOMALY,76.54,HIGH
back,NORMAL,18.2,LOW
guess_passwd,NORMAL,11.68,LOW
normal,NORMAL,1.65,LOW
neptune,ANOMALY,85.85,HIGH
normal,NORMAL,0.65,LOW
normal,NORMAL,16.1,LOW
normal,NORMAL,0.36,LOW
normal,NORMAL,3.06,LOW
normal,ANOMALY,56.48,MEDIUM
neptune,ANOMALY,74.39,HIGH
guess_passwd,NORMAL,9.07,LOW
buffer_overflow,NORMAL,45.07,MEDIUM
guess_passwd,NORMAL,10.09,LOW
normal,NORMAL,0.41,LOW
neptune,ANOMALY,87.53,HIGH
neptune,ANOMALY,78.86,HIGH
mscan,ANOMALY,81.0,HIGH
normal,NORMAL,14.62,LOW
normal,NORMAL,5.66,LOW
neptune,ANOMALY,85.9,HIGH
mscan,ANOMALY,69.07,MEDIUM
normal,NORMAL,2.06,LOW
normal,NORMAL,20.63,LOW
normal,NORMAL,0.48,LOW
apache2,NORMAL,47.74,MEDIUM
normal,NORMAL,0.71,LOW
normal,NORMAL,1.81,LOW
back,NORMAL,15.8,LOW
snmpgetattack,NORMAL,26.81,LOW
normal,NORMAL,3.23,LOW
portsweep,ANOMALY,71.79,HIGH
normal,NORMAL,0.98,LOW
normal,NORMAL,1.95,LOW
normal,NORMAL,2.37,LOW
neptune,ANOMALY,80.73,HIGH
neptune,ANOMALY,80.44,HIGH
normal,NORMAL,1.95,LOW
normal,NORMAL,1.32,LOW
snmpguess,NORMAL,26.2,LOW
neptune,ANOMALY,80.61,HIGH
apache2,ANOMALY,76.68,HIGH
normal,NORMAL,0.16,LOW
neptune,ANOMALY,81.69,HIGH
satan,ANOMALY,68.33,MEDIUM
normal,NORMAL,20.49,LOW
satan,ANOMALY,93.43,HIGH
normal,NORMAL,15.84,LOW
smurf,ANOMALY,59.64,MEDIUM
normal,NORMAL,0.29,LOW
processtable,NORMAL,43.01,MEDIUM
neptune,ANOMALY,75.96,HIGH
normal,NORMAL,2.19,LOW
back,NORMAL,15.76,LOW
processtable,ANOMALY,56.99,MEDIUM
mscan,ANOMALY,59.29,MEDIUM
warezmaster,NORMAL,27.14,LOW
guess_passwd,NORMAL,11.63,LOW
ipsweep,NORMAL,51.66,MEDIUM
normal,NORMAL,10.84,LOW
neptune,ANOMALY,75.71,HIGH
normal,NORMAL,19.36,LOW
neptune,ANOMALY,87.84,HIGH
neptune,ANOMALY,82.23,HIGH
guess_passwd,NORMAL,10.2,LOW
neptune,ANOMALY,85.41,HIGH
apache2,ANOMALY,61.25,MEDIUM
apache2,NORMAL,50.51,MEDIUM
normal,NORMAL,49.69,MEDIUM
smurf,ANOMALY,57.56,MEDIUM
satan,ANOMALY,98.03,HIGH
neptune,ANOMALY,75.5,HIGH
normal,NORMAL,1.4,LOW
neptune,ANOMALY,80.41,HIGH
normal,NORMAL,2.11,LOW
neptune,ANOMALY,79.25,HIGH
normal,NORMAL,1.31,LOW
neptune,ANOMALY,80.84,HIGH
normal,NORMAL,0.57,LOW
neptune,ANOMALY,81.84,HIGH
normal,NORMAL,4.45,LOW
normal,NORMAL,33.96,MEDIUM
neptune,ANOMALY,79.31,HIGH
mscan,NORMAL,45.9,MEDIUM
normal,NORMAL,5.56,LOW
normal,NORMAL,16.96,LOW
warezmaster,NORMAL,29.07,LOW
smurf,NORMAL,43.28,MEDIUM
normal,NORMAL,3.52,LOW
neptune,ANOMALY,81.1,HIGH
normal,NORMAL,4.42,LOW
mscan,ANOMALY,73.35,HIGH
neptune,ANOMALY,85.03,HIGH
normal,NORMAL,1.46,LOW
smurf,NORMAL,40.35,MEDIUM
normal,NORMAL,1.63,LOW
normal,NORMAL,51.73,MEDIUM
normal,NORMAL,0.36,LOW
processtable,ANOMALY,63.16,MEDIUM
neptune,ANOMALY,80.48,HIGH
normal,NORMAL,1.4,LOW
mailbomb,NORMAL,30.3,MEDIUM
back,NORMAL,20.68,LOW
guess_passwd,NORMAL,23.6,LOW
normal,NORMAL,2.13,LOW
mailbomb,NORMAL,17.59,LOW
satan,ANOMALY,67.31,MEDIUM
snmpguess,NORMAL,26.17,LOW
normal,NORMAL,1.6,LOW
normal,NORMAL,3.27,LOW
normal,NORMAL,2.71,LOW
back,NORMAL,40.99,MEDIUM
neptune,ANOMALY,82.2,HIGH
normal,NORMAL,23.16,LOW
neptune,ANOMALY,80.72,HIGH
back,NORMAL,14.4,LOW
neptune,ANOMALY,74.63,HIGH
neptune,ANOMALY,85.52,HIGH
smurf,ANOMALY,52.82,MEDIUM
mscan,ANOMALY,69.4,MEDIUM
mscan,ANOMALY,75.07,HIGH
neptune,ANOMALY,74.7,HIGH
guess_passwd,NORMAL,27.65,LOW
neptune,ANOMALY,81.83,HIGH
mscan,ANOMALY,74.36,HIGH
neptune,ANOMALY,86.93,HIGH
neptune,ANOMALY,80.52,HIGH
neptune,ANOMALY,86.39,HIGH
normal,NORMAL,14.48,LOW
normal,NORMAL,3.28,LOW
smurf,NORMAL,46.37,MEDIUM
normal,NORMAL,1.86,LOW
normal,NORMAL,22.28,LOW
guess_passwd,ANOMALY,66.2,MEDIUM
warezmaster,NORMAL,35.25,MEDIUM
normal,NORMAL,1.55,LOW
mailbomb,NORMAL,43.3,MEDIUM
normal,NORMAL,18.79,LOW
mscan,ANOMALY,77.14,HIGH
mscan,ANOMALY,70.59,HIGH
neptune,ANOMALY,78.74,HIGH
normal,NORMAL,1.55,LOW
httptunnel,ANOMALY,59.92,MEDIUM
neptune,ANOMALY,80.17,HIGH
warezmaster,NORMAL,37.77,MEDIUM
smurf,NORMAL,44.64,MEDIUM
guess_passwd,NORMAL,22.45,LOW
neptune,ANOMALY,81.63,HIGH
normal,NORMAL,1.71,LOW
normal,NORMAL,1.35,LOW
normal,NORMAL,3.33,LOW
neptune,ANOMALY,81.16,HIGH
neptune,ANOMALY,80.19,HIGH
httptunnel,ANOMALY,63.5,MEDIUM
processtable,ANOMALY,67.04,MEDIUM
normal,NORMAL,18.32,LOW
normal,NORMAL,2.72,LOW
satan,ANOMALY,98.11,HIGH
snmpguess,NORMAL,26.13,LOW
phf,NORMAL,46.5,MEDIUM
normal,NORMAL,13.33,LOW
satan,ANOMALY,89.85,HIGH
warezmaster,NORMAL,23.12,LOW
normal,NORMAL,26.03,LOW
normal,NORMAL,49.8,MEDIUM
warezmaster,NORMAL,27.38,LOW
neptune,ANOMALY,80.97,HIGH
normal,NORMAL,4.16,LOW
normal,NORMAL,1.46,LOW
normal,NORMAL,10.48,LOW
mailbomb,NORMAL,17.05,LOW
apache2,ANOMALY,58.49,MEDIUM
neptune,ANOMALY,82.2,HIGH
guess_passwd,NORMAL,19.64,LOW
normal,NORMAL,2.0,LOW
normal,NORMAL,28.49,LOW
neptune,ANOMALY,81.93,HIGH
normal,NORMAL,0.43,LOW
guess_passwd,NORMAL,11.78,LOW
guess_passwd,NORMAL,9.43,LOW
normal,NORMAL,1.99,LOW
neptune,ANOMALY,80.27,HIGH
neptune,ANOMALY,82.34,HIGH
back,NORMAL,14.94,LOW
apache2,ANOMALY,76.51,HIGH
normal,NORMAL,3.51,LOW
normal,NORMAL,1.59,LOW
normal,NORMAL,3.98,LOW
normal,ANOMALY,83.41,HIGH
processtable,ANOMALY,75.95,HIGH
apache2,ANOMALY,55.88,MEDIUM
normal,NORMAL,3.19,LOW
neptune,ANOMALY,77.59,HIGH
warezmaster,NORMAL,34.62,MEDIUM
normal,NORMAL,0.39,LOW
normal,NORMAL,11.88,LOW
saint,ANOMALY,52.61,MEDIUM
smurf,ANOMALY,52.82,MEDIUM
neptune,ANOMALY,86.76,HIGH
normal,NORMAL,4.88,LOW
neptune,ANOMALY,79.67,HIGH
guess_passwd,NORMAL,21.63,LOW
normal,NORMAL,30.24,MEDIUM
snmpgetattack,NORMAL,45.25,MEDIUM
normal,NORMAL,1.29,LOW
back,NORMAL,16.38,LOW
neptune,ANOMALY,79.66,HIGH
warezmaster,NORMAL,28.68,LOW
normal,NORMAL,1.93,LOW
snmpgetattack,NORMAL,26.72,LOW
neptune,ANOMALY,74.55,HIGH
mscan,ANOMALY,76.31,HIGH
nmap,ANOMALY,82.44,HIGH
normal,NORMAL,32.62,MEDIUM
portsweep,ANOMALY,82.57,HIGH
satan,ANOMALY,98.72,HIGH
mscan,ANOMALY,71.97,HIGH
normal,NORMAL,1.07,LOW
warezmaster,NORMAL,33.04,MEDIUM
normal,NORMAL,1.17,LOW
processtable,NORMAL,45.6,MEDIUM
normal,NORMAL,1.36,LOW
normal,NORMAL,23.29,LOW
normal,NORMAL,2.77,LOW
normal,NORMAL,0.48,LOW
normal,NORMAL,1.01,LOW
warezmaster,ANOMALY,52.53,MEDIUM
neptune,ANOMALY,81.09,HIGH
neptune,ANOMALY,82.11,HIGH
apache2,ANOMALY,76.28,HIGH
normal,NORMAL,1.34,LOW
httptunnel,ANOMALY,62.12,MEDIUM
apache2,ANOMALY,51.9,MEDIUM
neptune,ANOMALY,81.65,HIGH
warezmaster,NORMAL,34.31,MEDIUM
normal,NORMAL,2.63,LOW
mscan,NORMAL,36.89,MEDIUM
neptune,ANOMALY,76.11,HIGH
warezmaster,NORMAL,28.11,LOW
saint,ANOMALY,93.74,HIGH
pod,NORMAL,50.19,MEDIUM
neptune,ANOMALY,81.93,HIGH
processtable,ANOMALY,66.73,MEDIUM
normal,NORMAL,6.41,LOW
normal,NORMAL,31.54,MEDIUM
neptune,ANOMALY,86.27,HIGH
normal,NORMAL,3.69,LOW
mailbomb,NORMAL,25.71,LOW
normal,NORMAL,49.72,MEDIUM
neptune,ANOMALY,83.82,HIGH
snmpguess,NORMAL,26.74,LOW
smurf,NORMAL,48.04,MEDIUM
normal,NORMAL,0.49,LOW
normal,NORMAL,1.64,LOW
neptune,ANOMALY,81.5,HIGH
normal,NORMAL,4.44,LOW
smurf,NORMAL,49.31,MEDIUM
mscan,ANOMALY,67.1,MEDIUM
apache2,NORMAL,49.96,MEDIUM
normal,NORMAL,5.06,LOW
normal,NORMAL,7.32,LOW
normal,NORMAL,0.34,LOW
normal,NORMAL,0.69,LOW
normal,NORMAL,3.73,LOW
normal,NORMAL,1.0,LOW
smurf,ANOMALY,52.04,MEDIUM
smurf,NORMAL,43.9,MEDIUM
mscan,ANOMALY,77.92,HIGH
neptune,ANOMALY,81.85,HIGH
normal,NORMAL,23.0,LOW
normal,NORMAL,22.22,LOW
back,NORMAL,17.04,LOW
neptune,ANOMALY,80.6,HIGH
warezmaster,NORMAL,37.67,MEDIUM
normal,NORMAL,0.53,LOW
apache2,ANOMALY,54.4,MEDIUM
normal,NORMAL,1.15,LOW
normal,NORMAL,0.83,LOW
neptune,ANOMALY,82.34,HIGH
snmpguess,NORMAL,26.0,LOW
guess_passwd,ANOMALY,54.02,MEDIUM
normal,NORMAL,30.52,MEDIUM
normal,NORMAL,0.75,LOW
normal,NORMAL,21.77,LOW
snmpguess,NORMAL,26.17,LOW
normal,NORMAL,3.72,LOW
normal,NORMAL,1.09,LOW
normal,NORMAL,50.09,MEDIUM
normal,NORMAL,9.58,LOW
satan,ANOMALY,95.06,HIGH
normal,ANOMALY,63.0,MEDIUM
satan,ANOMALY,99.6,HIGH
mscan,ANOMALY,68.19,MEDIUM
normal,NORMAL,3.6,LOW
satan,ANOMALY,64.9,MEDIUM
httptunnel,ANOMALY,69.1,MEDIUM
normal,NORMAL,6.58,LOW
normal,NORMAL,4.69,LOW
normal,NORMAL,5.6,LOW
normal,NORMAL,17.09,LOW
neptune,ANOMALY,81.81,HIGH
normal,NORMAL,36.9,MEDIUM
normal,NORMAL,0.94,LOW
neptune,ANOMALY,86.73,HIGH
normal,NORMAL,2.13,LOW
neptune,ANOMALY,80.42,HIGH
apache2,ANOMALY,56.4,MEDIUM
normal,NORMAL,3.54,LOW
smurf,NORMAL,36.53,MEDIUM
normal,NORMAL,1.09,LOW
neptune,ANOMALY,85.32,HIGH
httptunnel,ANOMALY,61.37,MEDIUM
saint,ANOMALY,85.09,HIGH
normal,NORMAL,11.1,LOW
neptune,ANOMALY,79.47,HIGH
mscan,ANOMALY,72.04,HIGH
normal,NORMAL,0.57,LOW
neptune,ANOMALY,87.34,HIGH
apache2,ANOMALY,66.97,MEDIUM
neptune,ANOMALY,80.57,HIGH
normal,NORMAL,2.76,LOW
neptune,ANOMALY,80.62,HIGH
normal,NORMAL,1.31,LOW
normal,NORMAL,7.03,LOW
mailbomb,NORMAL,26.62,LOW
normal,NORMAL,1.87,LOW
neptune,ANOMALY,80.86,HIGH
snmpgetattack,NORMAL,27.08,LOW
normal,NORMAL,4.32,LOW
warezmaster,NORMAL,28.25,LOW
normal,NORMAL,6.06,LOW
normal,NORMAL,0.71,LOW
neptune,ANOMALY,80.43,HIGH
normal,NORMAL,0.87,LOW
guess_passwd,NORMAL,10.35,LOW
satan,ANOMALY,98.14,HIGH
satan,ANOMALY,94.18,HIGH
apache2,ANOMALY,55.76,MEDIUM
normal,NORMAL,3.13,LOW
normal,NORMAL,0.95,LOW
normal,NORMAL,4.44,LOW
normal,NORMAL,14.88,LOW
normal,NORMAL,9.79,LOW
processtable,NORMAL,41.4,MEDIUM
back,NORMAL,16.69,LOW
normal,NORMAL,6.11,LOW
neptune,ANOMALY,82.29,HIGH
normal,NORMAL,10.81,LOW
mscan,NORMAL,34.67,MEDIUM
normal,NORMAL,4.91,LOW
normal,NORMAL,1.27,LOW
normal,NORMAL,1.55,LOW
normal,NORMAL,6.11,LOW
neptune,ANOMALY,87.52,HIGH
mscan,NORMAL,50.81,MEDIUM
normal,NORMAL,2.06,LOW
neptune,ANOMALY,81.68,HIGH
back,NORMAL,15.98,LOW
normal,NORMAL,14.56,LOW
mscan,ANOMALY,70.65,HIGH
neptune,ANOMALY,82.32,HIGH
normal,NORMAL,2.14,LOW
neptune,ANOMALY,81.92,HIGH
warezmaster,NORMAL,36.54,MEDIUM
warezmaster,NORMAL,33.57,MEDIUM
mailbomb,NORMAL,13.34,LOW
normal,NORMAL,1.0,LOW
mscan,ANOMALY,72.9,HIGH
normal,NORMAL,13.57,LOW
normal,NORMAL,45.97,MEDIUM
warezmaster,NORMAL,37.4,MEDIUM
mscan,ANOMALY,79.5,HIGH
normal,NORMAL,49.34,MEDIUM
normal,NORMAL,7.04,LOW
normal,NORMAL,10.8,LOW
normal,NORMAL,50.08,MEDIUM
neptune,ANOMALY,78.66,HIGH
normal,NORMAL,1.93,LOW
saint,ANOMALY,99.72,HIGH
normal,NORMAL,1.24,LOW
apache2,NORMAL,48.8,MEDIUM
normal,NORMAL,1.06,LOW
snmpguess,NORMAL,26.03,LOW
mscan,ANOMALY,83.52,HIGH
normal,NORMAL,0.22,LOW
normal,NORMAL,21.12,LOW
normal,NORMAL,2.97,LOW
apache2,ANOMALY,65.27,MEDIUM
mscan,ANOMALY,52.38,MEDIUM
guess_passwd,NORMAL,21.48,LOW
snmpgetattack,NORMAL,26.71,LOW
processtable,NORMAL,45.8,MEDIUM
normal,NORMAL,50.37,MEDIUM
normal,ANOMALY,68.61,MEDIUM
normal,NORMAL,23.04,LOW
normal,NORMAL,11.26,LOW
warezmaster,NORMAL,27.46,LOW
back,NORMAL,24.15,LOW
normal,NORMAL,0.53,LOW
snmpguess,NORMAL,26.41,LOW
neptune,ANOMALY,78.14,HIGH
normal,NORMAL,8.55,LOW
multihop,NORMAL,21.83,LOW
warezmaster,NORMAL,27.98,LOW
normal,NORMAL,8.68,LOW
normal,NORMAL,18.18,LOW
satan,ANOMALY,93.15,HIGH
guess_passwd,NORMAL,10.44,LOW
normal,NORMAL,3.26,LOW
mscan,ANOMALY,75.33,HIGH
snmpguess,NORMAL,26.57,LOW
apache2,ANOMALY,74.07,HIGH
neptune,ANOMALY,82.25,HIGH
normal,NORMAL,11.09,LOW
guess_passwd,NORMAL,20.66,LOW
neptune,ANOMALY,75.07,HIGH
neptune,ANOMALY,81.61,HIGH
processtable,ANOMALY,63.81,MEDIUM
neptune,ANOMALY,76.26,HIGH
warezmaster,NORMAL,28.35,LOW
normal,NORMAL,0.69,LOW
normal,NORMAL,2.9,LOW
normal,NORMAL,0.59,LOW
apache2,ANOMALY,76.27,HIGH
processtable,NORMAL,45.74,MEDIUM
normal,NORMAL,5.91,LOW
processtable,ANOMALY,68.06,MEDIUM
smurf,ANOMALY,59.84,MEDIUM
normal,NORMAL,2.89,LOW
smurf,ANOMALY,55.64,MEDIUM
neptune,ANOMALY,75.71,HIGH
normal,NORMAL,1.85,LOW
normal,NORMAL,50.32,MEDIUM
normal,NORMAL,17.78,LOW
mscan,ANOMALY,66.75,MEDIUM
xlock,NORMAL,34.01,MEDIUM
satan,ANOMALY,91.96,HIGH
warezmaster,NORMAL,33.93,MEDIUM
processtable,ANOMALY,76.03,HIGH
normal,NORMAL,2.21,LOW
satan,ANOMALY,95.27,HIGH
normal,NORMAL,0.53,LOW
mscan,ANOMALY,79.2,HIGH
neptune,ANOMALY,79.79,HIGH
smurf,NORMAL,40.47,MEDIUM
normal,ANOMALY,62.95,MEDIUM
neptune,ANOMALY,81.74,HIGH
processtable,NORMAL,45.91,MEDIUM
normal,NORMAL,26.9,LOW
normal,NORMAL,39.66,MEDIUM
normal,NORMAL,21.91,LOW
neptune,ANOMALY,81.24,HIGH
normal,NORMAL,1.16,LOW
neptune,ANOMALY,81.29,HIGH
apache2,ANOMALY,55.74,MEDIUM
normal,NORMAL,1.8,LOW
neptune,ANOMALY,76.11,HIGH
normal,NORMAL,29.73,LOW
normal,NORMAL,1.84,LOW
normal,NORMAL,3.14,LOW
normal,NORMAL,18.68,LOW
normal,NORMAL,1.76,LOW
mailbomb,NORMAL,17.52,LOW
snmpguess,NORMAL,26.63,LOW
portsweep,ANOMALY,85.31,HIGH
normal,NORMAL,2.58,LOW
normal,NORMAL,1.88,LOW
warezmaster,NORMAL,30.19,MEDIUM
normal,NORMAL,2.06,LOW
neptune,ANOMALY,80.59,HIGH
normal,NORMAL,25.24,LOW
ipsweep,ANOMALY,52.74,MEDIUM
normal,NORMAL,2.17,LOW
normal,NORMAL,1.33,LOW
mailbomb,NORMAL,17.74,LOW
satan,ANOMALY,64.34,MEDIUM
neptune,ANOMALY,86.66,HIGH
normal,NORMAL,12.24,LOW
normal,NORMAL,6.78,LOW
neptune,ANOMALY,76.74,HIGH
normal,NORMAL,17.8,LOW
satan,ANOMALY,91.76,HIGH
smurf,ANOMALY,52.72,MEDIUM
normal,NORMAL,1.11,LOW
normal,NORMAL,0.94,LOW
mscan,ANOMALY,75.4,HIGH
snmpguess,NORMAL,26.4,LOW
warezmaster,NORMAL,26.62,LOW
back,NORMAL,44.62,MEDIUM
mscan,ANOMALY,73.59,HIGH
neptune,ANOMALY,82.09,HIGH
guess_passwd,NORMAL,9.55,LOW
normal,NORMAL,15.14,LOW
smurf,ANOMALY,55.84,MEDIUM
smurf,ANOMALY,52.08,MEDIUM
normal,NORMAL,2.46,LOW
normal,NORMAL,3.47,LOW
normal,NORMAL,3.34,LOW
neptune,ANOMALY,87.65,HIGH
guess_passwd,NORMAL,9.41,LOW
normal,NORMAL,1.0,LOW
normal,ANOMALY,63.33,MEDIUM
smurf,NORMAL,50.33,MEDIUM
satan,ANOMALY,65.88,MEDIUM
mscan,ANOMALY,81.03,HIGH
neptune,ANOMALY,85.43,HIGH
neptune,ANOMALY,76.54,HIGH
normal,NORMAL,30.96,MEDIUM
normal,NORMAL,2.91,LOW
normal,NORMAL,2.11,LOW
neptune,ANOMALY,81.38,HIGH
neptune,ANOMALY,75.3,HIGH
portsweep,ANOMALY,77.41,HIGH
normal,NORMAL,2.16,LOW
ipsweep,NORMAL,51.72,MEDIUM
normal,NORMAL,11.75,LOW
mailbomb,NORMAL,32.62,MEDIUM
normal,NORMAL,1.58,LOW
normal,NORMAL,21.82,LOW
mscan,ANOMALY,79.67,HIGH
warezmaster,NORMAL,37.01,MEDIUM
neptune,ANOMALY,75.08,HIGH
guess_passwd,NORMAL,11.58,LOW
neptune,ANOMALY,79.47,HIGH
snmpgetattack,NORMAL,45.38,MEDIUM
normal,NORMAL,4.67,LOW
normal,NORMAL,2.05,LOW
processtable,NORMAL,47.54,MEDIUM
satan,ANOMALY,94.38,HIGH
normal,NORMAL,4.2,LOW
normal,NORMAL,5.16,LOW
neptune,ANOMALY,86.91,HIGH
neptune,ANOMALY,74.95,HIGH
normal,NORMAL,1.72,LOW
neptune,ANOMALY,81.91,HIGH
normal,NORMAL,0.58,LOW
normal,NORMAL,18.81,LOW
normal,NORMAL,18.02,LOW
normal,NORMAL,1.53,LOW
normal,NORMAL,24.44,LOW
normal,NORMAL,21.71,LOW
neptune,ANOMALY,79.17,HIGH
normal,NORMAL,1.47,LOW
normal,NORMAL,5.63,LOW
apache2,ANOMALY,52.08,MEDIUM
normal,NORMAL,2.97,LOW
neptune,ANOMALY,76.36,HIGH
warezmaster,NORMAL,33.77,MEDIUM
snmpguess,NORMAL,26.6,LOW
normal,NORMAL,20.04,LOW
saint,ANOMALY,100.0,HIGH
normal,NORMAL,20.83,LOW
normal,NORMAL,2.44,LOW
normal,NORMAL,5.37,LOW
normal,NORMAL,0.48,LOW
snmpguess,NORMAL,26.41,LOW
processtable,NORMAL,50.24,MEDIUM
snmpgetattack,NORMAL,27.15,LOW
warezmaster,NORMAL,39.03,MEDIUM
normal,NORMAL,1.68,LOW
satan,ANOMALY,95.13,HIGH
snmpguess,NORMAL,26.49,LOW
smurf,ANOMALY,51.85,MEDIUM
processtable,ANOMALY,75.58,HIGH
mailbomb,NORMAL,17.81,LOW
neptune,ANOMALY,81.97,HIGH
normal,NORMAL,0.38,LOW
normal,NORMAL,6.36,LOW
neptune,ANOMALY,79.98,HIGH
normal,NORMAL,18.68,LOW
normal,NORMAL,6.77,LOW
normal,NORMAL,23.3,LOW
normal,NORMAL,2.87,LOW
warezmaster,NORMAL,28.85,LOW
normal,NORMAL,4.17,LOW
mscan,ANOMALY,75.01,HIGH
warezmaster,NORMAL,38.06,MEDIUM
normal,NORMAL,42.27,MEDIUM
neptune,ANOMALY,81.93,HIGH
neptune,ANOMALY,73.5,HIGH
warezmaster,NORMAL,27.09,LOW
normal,NORMAL,26.92,LOW
neptune,ANOMALY,82.27,HIGH
ps,NORMAL,23.06,LOW
processtable,NORMAL,45.4,MEDIUM
normal,NORMAL,0.4,LOW
normal,NORMAL,1.04,LOW
warezmaster,NORMAL,24.62,LOW
neptune,ANOMALY,81.52,HIGH
processtable,NORMAL,40.25,MEDIUM
normal,NORMAL,1.53,LOW
neptune,ANOMALY,85.38,HIGH
normal,NORMAL,49.6,MEDIUM
neptune,ANOMALY,76.2,HIGH
normal,NORMAL,0.34,LOW
normal,NORMAL,4.09,LOW
guess_passwd,NORMAL,14.76,LOW
normal,NORMAL,3.11,LOW
neptune,ANOMALY,76.14,HIGH
mscan,ANOMALY,75.39,HIGH
normal,NORMAL,0.24,LOW
mscan,ANOMALY,78.74,HIGH
neptune,ANOMALY,86.84,HIGH
normal,NORMAL,11.3,LOW
normal,NORMAL,10.02,LOW
back,NORMAL,23.4,LOW
normal,NORMAL,1.62,LOW
neptune,ANOMALY,82.16,HIGH
neptune,ANOMALY,76.35,HIGH
neptune,ANOMALY,78.67,HIGH
normal,NORMAL,19.0,LOW
mscan,ANOMALY,68.35,MEDIUM
guess_passwd,NORMAL,10.35,LOW
normal,NORMAL,1.09,LOW
normal,NORMAL,9.06,LOW
neptune,ANOMALY,81.84,HIGH
mailbomb,NORMAL,25.26,LOW
normal,NORMAL,0.46,LOW
satan,ANOMALY,90.16,HIGH
normal,ANOMALY,69.79,MEDIUM
satan,ANOMALY,88.8,HIGH
mscan,ANOMALY,75.14,HIGH
normal,NORMAL,49.29,MEDIUM
normal,NORMAL,3.14,LOW
normal,NORMAL,0.61,LOW
neptune,ANOMALY,80.41,HIGH
mailbomb,NORMAL,23.94,LOW
normal,NORMAL,24.36,LOW
normal,NORMAL,2.75,LOW
satan,ANOMALY,67.17,MEDIUM
warezmaster,NORMAL,36.3,MEDIUM
normal,NORMAL,0.77,LOW
snmpgetattack,NORMAL,26.7,LOW
processtable,NORMAL,45.45,MEDIUM
warezmaster,NORMAL,27.52,LOW
normal,NORMAL,6.73,LOW
warezmaster,NORMAL,51.44,MEDIUM
back,NORMAL,18.34,LOW
normal,NORMAL,2.65,LOW
normal,NORMAL,0.39,LOW
apache2,ANOMALY,74.71,HIGH
normal,NORMAL,0.52,LOW
normal,NORMAL,0.78,LOW
normal,NORMAL,1.59,LOW
normal,NORMAL,4.69,LOW
neptune,ANOMALY,80.72,HIGH
neptune,ANOMALY,79.48,HIGH
mscan,ANOMALY,80.94,HIGH
normal,NORMAL,22.95,LOW
guess_passwd,NORMAL,21.79,LOW
apache2,ANOMALY,55.05,MEDIUM
normal,NORMAL,1.8,LOW
warezmaster,NORMAL,36.13,MEDIUM
guess_passwd,NORMAL,10.09,LOW
neptune,ANOMALY,82.45,HIGH
mscan,ANOMALY,77.0,HIGH
normal,NORMAL,50.16,MEDIUM
mscan,ANOMALY,76.75,HIGH
guess_passwd,NORMAL,10.52,LOW
back,NORMAL,22.38,LOW
normal,NORMAL,5.55,LOW
normal,NORMAL,4.01,LOW
neptune,ANOMALY,82.13,HIGH
nmap,ANOMALY,82.09,HIGH
normal,NORMAL,3.12,LOW
satan,ANOMALY,62.15,MEDIUM
processtable,NORMAL,47.35,MEDIUM
neptune,ANOMALY,74.88,HIGH
neptune,ANOMALY,81.5,HIGH
normal,NORMAL,22.81,LOW
neptune,ANOMALY,82.23,HIGH
normal,NORMAL,17.22,LOW
normal,NORMAL,1.26,LOW
normal,NORMAL,19.23,LOW
normal,NORMAL,1.05,LOW
apache2,ANOMALY,52.22,MEDIUM
normal,NORMAL,4.35,LOW
normal,NORMAL,7.21,LOW
neptune,ANOMALY,76.47,HIGH
satan,ANOMALY,95.05,HIGH
normal,NORMAL,49.71,MEDIUM
normal,NORMAL,0.98,LOW
normal,NORMAL,6.3,LOW
saint,ANOMALY,92.9,HIGH
normal,NORMAL,1.01,LOW
mailbomb,NORMAL,23.65,LOW
neptune,ANOMALY,86.41,HIGH
mscan,ANOMALY,78.11,HIGH
neptune,ANOMALY,81.39,HIGH
normal,NORMAL,0.64,LOW
normal,NORMAL,3.83,LOW
smurf,NORMAL,37.97,MEDIUM
normal,NORMAL,2.23,LOW
apache2,ANOMALY,76.97,HIGH
neptune,ANOMALY,82.25,HIGH
normal,NORMAL,33.35,MEDIUM
normal,NORMAL,0.64,LOW
normal,NORMAL,19.58,LOW
mscan,ANOMALY,75.71,HIGH
normal,NORMAL,30.39,MEDIUM
normal,NORMAL,9.14,LOW
neptune,ANOMALY,85.41,HIGH
saint,ANOMALY,98.57,HIGH
back,NORMAL,15.97,LOW
normal,NORMAL,0.43,LOW
guess_passwd,NORMAL,15.06,LOW
warezmaster,NORMAL,34.2,MEDIUM
neptune,ANOMALY,81.63,HIGH
neptune,ANOMALY,82.0,HIGH
normal,NORMAL,5.09,LOW
processtable,NORMAL,38.21,MEDIUM
guess_passwd,NORMAL,18.68,LOW
normal,NORMAL,28.98,LOW
smurf,ANOMALY,53.29,MEDIUM
warezmaster,NORMAL,25.63,LOW
satan,ANOMALY,99.85,HIGH
neptune,ANOMALY,81.48,HIGH
neptune,ANOMALY,81.5,HIGH
mailbomb,NORMAL,24.68,LOW
normal,NORMAL,0.5,LOW
normal,NORMAL,1.69,LOW
neptune,ANOMALY,81.61,HIGH
normal,NORMAL,2.45,LOW
neptune,ANOMALY,76.02,HIGH
normal,NORMAL,4.84,LOW
normal,NORMAL,1.9,LOW
neptune,ANOMALY,72.51,HIGH
guess_passwd,NORMAL,10.47,LOW
neptune,ANOMALY,77.12,HIGH
normal,NORMAL,20.71,LOW
neptune,ANOMALY,88.0,HIGH
mscan,ANOMALY,65.81,MEDIUM
normal,NORMAL,2.22,LOW
normal,NORMAL,21.64,LOW
processtable,NORMAL,46.28,MEDIUM
normal,NORMAL,1.17,LOW
apache2,NORMAL,45.63,MEDIUM
guess_passwd,NORMAL,27.69,LOW
normal,NORMAL,0.21,LOW
processtable,NORMAL,50.5,MEDIUM
neptune,ANOMALY,75.92,HIGH
normal,ANOMALY,55.06,MEDIUM
neptune,ANOMALY,75.19,HIGH
normal,NORMAL,2.01,LOW
normal,NORMAL,0.95,LOW
guess_passwd,NORMAL,9.07,LOW
normal,NORMAL,11.78,LOW
neptune,ANOMALY,76.09,HIGH
normal,NORMAL,17.44,LOW
normal,NORMAL,3.16,LOW
back,NORMAL,25.27,LOW
normal,NORMAL,49.69,MEDIUM
smurf,NORMAL,48.7,MEDIUM
normal,NORMAL,2.08,LOW
neptune,ANOMALY,76.06,HIGH
normal,NORMAL,0.4,LOW
processtable,NORMAL,41.4,MEDIUM
mscan,ANOMALY,79.01,HIGH
satan,ANOMALY,65.71,MEDIUM
normal,NORMAL,1.96,LOW
guess_passwd,NORMAL,9.42,LOW
normal,NORMAL,2.57,LOW
neptune,ANOMALY,85.54,HIGH
saint,ANOMALY,93.22,HIGH
neptune,ANOMALY,81.92,HIGH
normal,NORMAL,50.46,MEDIUM
normal,NORMAL,8.12,LOW
normal,ANOMALY,71.5,HIGH
normal,NORMAL,9.49,LOW
normal,NORMAL,49.8,MEDIUM
neptune,ANOMALY,87.2,HIGH
neptune,ANOMALY,85.37,HIGH
neptune,ANOMALY,78.53,HIGH
normal,NORMAL,0.6,LOW
mailbomb,NORMAL,15.75,LOW
smurf,NORMAL,46.63,MEDIUM
normal,NORMAL,23.47,LOW
normal,NORMAL,7.63,LOW
neptune,ANOMALY,80.55,HIGH
neptune,ANOMALY,80.05,HIGH
neptune,ANOMALY,82.11,HIGH
normal,NORMAL,44.16,MEDIUM
mscan,ANOMALY,70.88,HIGH
normal,NORMAL,1.57,LOW
guess_passwd,NORMAL,9.29,LOW
normal,NORMAL,44.05,MEDIUM
guess_passwd,NORMAL,10.42,LOW
normal,NORMAL,49.71,MEDIUM
normal,NORMAL,1.14,LOW
normal,NORMAL,14.57,LOW
neptune,ANOMALY,76.04,HIGH
normal,NORMAL,2.78,LOW
neptune,ANOMALY,82.86,HIGH
neptune,ANOMALY,78.69,HIGH
satan,ANOMALY,65.31,MEDIUM
normal,NORMAL,35.8,MEDIUM
mscan,ANOMALY,74.47,HIGH
neptune,ANOMALY,80.05,HIGH
apache2,ANOMALY,55.07,MEDIUM
guess_passwd,NORMAL,10.09,LOW
neptune,ANOMALY,76.1,HIGH
normal,NORMAL,32.07,MEDIUM
normal,NORMAL,8.69,LOW
normal,NORMAL,3.63,LOW
guess_passwd,NORMAL,9.94,LOW
normal,NORMAL,49.8,MEDIUM
normal,NORMAL,2.48,LOW
normal,NORMAL,6.74,LOW
normal,NORMAL,1.95,LOW
neptune,ANOMALY,82.27,HIGH
normal,NORMAL,0.77,LOW
normal,NORMAL,0.91,LOW
normal,NORMAL,0.39,LOW
normal,NORMAL,28.32,LOW
neptune,ANOMALY,80.36,HIGH
portsweep,ANOMALY,72.87,HIGH
normal,NORMAL,4.33,LOW
httptunnel,NORMAL,34.83,MEDIUM
normal,NORMAL,5.32,LOW
neptune,ANOMALY,85.66,HIGH
neptune,ANOMALY,79.89,HIGH
warezmaster,NORMAL,26.44,LOW
neptune,ANOMALY,81.33,HIGH
normal,NORMAL,0.55,LOW
neptune,ANOMALY,74.6,HIGH
guess_passwd,NORMAL,10.67,LOW
back,NORMAL,17.17,LOW
normal,NORMAL,2.52,LOW
snmpguess,NORMAL,26.64,LOW
normal,NORMAL,29.06,LOW
normal,NORMAL,4.38,LOW
httptunnel,NORMAL,35.65,MEDIUM
apache2,ANOMALY,73.84,HIGH
smurf,NORMAL,41.44,MEDIUM
normal,NORMAL,1.43,LOW
normal,NORMAL,23.0,LOW
guess_passwd,NORMAL,9.58,LOW
satan,NORMAL,41.67,MEDIUM
satan,ANOMALY,59.14,MEDIUM
neptune,ANOMALY,82.29,HIGH
saint,ANOMALY,93.69,HIGH
normal,NORMAL,3.64,LOW
neptune,ANOMALY,74.86,HIGH
mscan,NORMAL,40.31,MEDIUM
neptune,ANOMALY,87.46,HIGH
neptune,ANOMALY,81.64,HIGH
normal,NORMAL,1.67,LOW
mscan,ANOMALY,67.1,MEDIUM
mscan,ANOMALY,64.85,MEDIUM
saint,ANOMALY,55.05,MEDIUM
neptune,ANOMALY,76.11,HIGH
normal,NORMAL,49.62,MEDIUM
normal,NORMAL,2.17,LOW
normal,NORMAL,2.26,LOW
normal,NORMAL,1.6,LOW
guess_passwd,NORMAL,10.21,LOW
neptune,ANOMALY,80.77,HIGH
neptune,ANOMALY,81.1,HIGH
normal,NORMAL,17.89,LOW
guess_passwd,NORMAL,10.18,LOW
neptune,ANOMALY,80.98,HIGH
portsweep,ANOMALY,77.02,HIGH
neptune,ANOMALY,85.9,HIGH
apache2,ANOMALY,57.78,MEDIUM
normal,NORMAL,0.32,LOW
normal,NORMAL,2.51,LOW
normal,NORMAL,2.06,LOW
neptune,ANOMALY,80.14,HIGH
snmpgetattack,NORMAL,26.95,LOW
neptune,ANOMALY,81.29,HIGH
neptune,ANOMALY,80.36,HIGH
back,NORMAL,17.87,LOW
neptune,ANOMALY,76.8,HIGH
satan,ANOMALY,94.95,HIGH
normal,NORMAL,16.94,LOW
snmpguess,NORMAL,26.41,LOW
normal,NORMAL,1.64,LOW
neptune,ANOMALY,76.67,HIGH
snmpguess,NORMAL,38.12,MEDIUM
normal,NORMAL,29.13,LOW
snmpguess,NORMAL,26.55,LOW
neptune,ANOMALY,80.33,HIGH
back,NORMAL,27.65,LOW
neptune,ANOMALY,85.92,HIGH
satan,ANOMALY,64.64,MEDIUM
neptune,ANOMALY,86.94,HIGH
apache2,ANOMALY,61.8,MEDIUM
normal,NORMAL,0.6,LOW
neptune,ANOMALY,80.5,HIGH
normal,NORMAL,18.62,LOW
neptune,ANOMALY,76.47,HIGH
warezmaster,NORMAL,26.56,LOW
ipsweep,NORMAL,51.57,MEDIUM
mscan,ANOMALY,79.44,HIGH
normal,NORMAL,3.52,LOW
neptune,ANOMALY,75.26,HIGH
neptune,ANOMALY,81.08,HIGH
guess_passwd,NORMAL,23.6,LOW
neptune,ANOMALY,75.27,HIGH
normal,NORMAL,1.18,LOW
normal,NORMAL,2.49,LOW
guess_passwd,NORMAL,20.48,LOW
warezmaster,NORMAL,28.49,LOW
neptune,ANOMALY,86.79,HIGH
normal,NORMAL,1.26,LOW
neptune,ANOMALY,76.41,HIGH
normal,NORMAL,36.39,MEDIUM
mscan,ANOMALY,67.11,MEDIUM
processtable,NORMAL,47.43,MEDIUM
neptune,ANOMALY,81.93,HIGH
neptune,ANOMALY,87.61,HIGH
guess_passwd,NORMAL,19.65,LOW
snmpguess,NORMAL,26.33,LOW
normal,NORMAL,2.09,LOW
warezmaster,ANOMALY,52.53,MEDIUM
normal,NORMAL,17.75,LOW
satan,ANOMALY,94.23,HIGH
normal,NORMAL,0.22,LOW
neptune,ANOMALY,80.58,HIGH
warezmaster,NORMAL,31.37,MEDIUM
normal,NORMAL,49.72,MEDIUM
saint,ANOMALY,93.74,HIGH
normal,NORMAL,5.82,LOW
neptune,ANOMALY,87.47,HIGH
normal,NORMAL,0.32,LOW
normal,NORMAL,0.4,LOW
guess_passwd,NORMAL,9.42,LOW
smurf,NORMAL,49.55,MEDIUM
neptune,ANOMALY,81.2,HIGH
normal,NORMAL,2.95,LOW
guess_passwd,ANOMALY,66.98,MEDIUM
neptune,ANOMALY,82.0,HIGH
neptune,ANOMALY,82.06,HIGH
normal,NORMAL,1.71,LOW
normal,NORMAL,1.33,LOW
neptune,ANOMALY,76.15,HIGH
smurf,ANOMALY,54.82,MEDIUM
normal,NORMAL,17.02,LOW
processtable,ANOMALY,76.28,HIGH
normal,NORMAL,4.05,LOW
neptune,ANOMALY,76.78,HIGH
normal,NORMAL,19.06,LOW
satan,ANOMALY,93.08,HIGH
apache2,ANOMALY,62.04,MEDIUM
snmpguess,NORMAL,26.0,LOW
neptune,ANOMALY,86.87,HIGH
apache2,ANOMALY,62.73,MEDIUM
normal,NORMAL,3.48,LOW
normal,NORMAL,2.28,LOW
satan,ANOMALY,63.0,MEDIUM
normal,NORMAL,0.71,LOW
satan,ANOMALY,94.85,HIGH
normal,NORMAL,1.82,LOW
normal,NORMAL,2.23,LOW
processtable,NORMAL,46.54,MEDIUM
satan,ANOMALY,94.3,HIGH
saint,ANOMALY,93.69,HIGH
normal,NORMAL,49.71,MEDIUM
mscan,ANOMALY,71.92,HIGH
normal,NORMAL,0.93,LOW
apache2,NORMAL,51.67,MEDIUM
processtable,ANOMALY,55.84,MEDIUM
guess_passwd,NORMAL,20.38,LOW
normal,NORMAL,35.57,MEDIUM
apache2,ANOMALY,52.17,MEDIUM
normal,NORMAL,0.65,LOW
normal,NORMAL,2.36,LOW
satan,ANOMALY,69.34,MEDIUM
neptune,ANOMALY,82.13,HIGH
normal,NORMAL,0.49,LOW
smurf,NORMAL,50.01,MEDIUM
neptune,ANOMALY,75.05,HIGH
neptune,ANOMALY,81.5,HIGH
guess_passwd,NORMAL,27.17,LOW
normal,NORMAL,8.0,LOW
apache2,ANOMALY,60.55,MEDIUM
processtable,NORMAL,45.75,MEDIUM
warezmaster,NORMAL,28.74,LOW
normal,NORMAL,0.62,LOW
normal,NORMAL,0.9,LOW
normal,NORMAL,16.51,LOW
guess_passwd,NORMAL,15.21,LOW
guess_passwd,NORMAL,11.93,LOW
guess_passwd,NORMAL,11.14,LOW
normal,NORMAL,10.68,LOW
neptune,ANOMALY,79.44,HIGH
portsweep,ANOMALY,85.35,HIGH
apache2,ANOMALY,63.24,MEDIUM
normal,NORMAL,3.34,LOW
ipsweep,NORMAL,51.74,MEDIUM
normal,NORMAL,3.36,LOW
normal,NORMAL,33.58,MEDIUM
normal,ANOMALY,63.98,MEDIUM
neptune,ANOMALY,80.05,HIGH
normal,NORMAL,1.84,LOW
neptune,ANOMALY,80.84,HIGH
neptune,ANOMALY,81.74,HIGH
smurf,NORMAL,39.32,MEDIUM
smurf,ANOMALY,52.48,MEDIUM
normal,NORMAL,21.17,LOW
neptune,ANOMALY,86.39,HIGH
normal,NORMAL,1.45,LOW
normal,NORMAL,14.07,LOW
neptune,ANOMALY,87.72,HIGH
normal,NORMAL,19.51,LOW
normal,NORMAL,3.2,LOW
normal,NORMAL,9.53,LOW
neptune,ANOMALY,86.48,HIGH
normal,NORMAL,42.9,MEDIUM
normal,NORMAL,35.06,MEDIUM
neptune,ANOMALY,64.77,MEDIUM
normal,NORMAL,2.8,LOW
neptune,ANOMALY,83.47,HIGH
neptune,ANOMALY,81.74,HIGH
neptune,ANOMALY,81.82,HIGH
guess_passwd,NORMAL,14.86,LOW
normal,NORMAL,26.93,LOW
saint,ANOMALY,95.72,HIGH
satan,ANOMALY,67.61,MEDIUM
neptune,ANOMALY,80.64,HIGH
normal,NORMAL,48.82,MEDIUM
neptune,ANOMALY,87.11,HIGH
guess_passwd,NORMAL,10.53,LOW
warezmaster,NORMAL,31.02,MEDIUM
normal,NORMAL,6.95,LOW
neptune,ANOMALY,82.32,HIGH
normal,NORMAL,1.41,LOW
guess_passwd,NORMAL,23.49,LOW
normal,NORMAL,2.04,LOW
normal,NORMAL,1.81,LOW
nmap,ANOMALY,82.14,HIGH
apache2,ANOMALY,76.96,HIGH
normal,NORMAL,3.94,LOW
neptune,ANOMALY,86.14,HIGH
guess_passwd,NORMAL,21.56,LOW
normal,NORMAL,43.36,MEDIUM
neptune,ANOMALY,81.66,HIGH
ipsweep,ANOMALY,51.83,MEDIUM
normal,NORMAL,0.52,LOW
normal,NORMAL,0.7,LOW
normal,NORMAL,2.84,LOW
normal,NORMAL,0.25,LOW
warezmaster,NORMAL,25.59,LOW
satan,ANOMALY,99.05,HIGH
normal,NORMAL,0.53,LOW
normal,NORMAL,16.8,LOW
neptune,ANOMALY,81.23,HIGH
mailbomb,NORMAL,26.39,LOW
mscan,ANOMALY,78.19,HIGH
normal,NORMAL,1.5,LOW
normal,NORMAL,1.9,LOW
warezmaster,NORMAL,49.24,MEDIUM
normal,NORMAL,3.43,LOW
warezmaster,NORMAL,47.94,MEDIUM
normal,NORMAL,0.37,LOW
normal,NORMAL,0.5,LOW
snmpgetattack,NORMAL,39.56,MEDIUM
neptune,ANOMALY,86.74,HIGH
normal,NORMAL,17.03,LOW
neptune,ANOMALY,86.41,HIGH
normal,NORMAL,19.93,LOW
normal,NORMAL,50.09,MEDIUM
neptune,ANOMALY,76.2,HIGH
normal,NORMAL,16.22,LOW
normal,NORMAL,6.78,LOW
saint,ANOMALY,99.42,HIGH
neptune,ANOMALY,79.73,HIGH
normal,NORMAL,0.49,LOW
normal,NORMAL,2.28,LOW
neptune,ANOMALY,80.29,HIGH
normal,NORMAL,1.38,LOW
smurf,NORMAL,45.54,MEDIUM
portsweep,ANOMALY,66.53,MEDIUM
normal,NORMAL,0.69,LOW
smurf,NORMAL,40.47,MEDIUM
normal,NORMAL,2.03,LOW
neptune,ANOMALY,74.82,HIGH
normal,NORMAL,16.63,LOW
saint,ANOMALY,93.69,HIGH
warezmaster,NORMAL,33.57,MEDIUM
normal,NORMAL,17.94,LOW
normal,NORMAL,6.96,LOW
normal,NORMAL,2.55,LOW
normal,NORMAL,0.41,LOW
guess_passwd,NORMAL,21.27,LOW
apache2,ANOMALY,53.36,MEDIUM
normal,NORMAL,28.16,LOW
normal,NORMAL,21.91,LOW
mscan,ANOMALY,77.25,HIGH
normal,NORMAL,32.78,MEDIUM
neptune,ANOMALY,82.71,HIGH
neptune,ANOMALY,86.33,HIGH
neptune,ANOMALY,82.57,HIGH
normal,NORMAL,27.97,LOW
neptune,ANOMALY,74.83,HIGH
neptune,ANOMALY,85.46,HIGH
saint,NORMAL,49.31,MEDIUM
normal,NORMAL,1.99,LOW
normal,NORMAL,0.28,LOW
neptune,ANOMALY,79.22,HIGH
normal,NORMAL,47.8,MEDIUM
guess_passwd,NORMAL,21.63,LOW
smurf,ANOMALY,54.47,MEDIUM
mscan,NORMAL,43.63,MEDIUM
neptune,ANOMALY,83.34,HIGH
neptune,ANOMALY,87.52,HIGH
mscan,ANOMALY,78.33,HIGH
neptune,ANOMALY,80.6,HIGH
snmpgetattack,NORMAL,40.69,MEDIUM
normal,NORMAL,0.4,LOW
guess_passwd,NORMAL,22.41,LOW
neptune,ANOMALY,80.61,HIGH
normal,NORMAL,1.55,LOW
warezmaster,NORMAL,29.57,LOW
normal,NORMAL,0.98,LOW
normal,NORMAL,20.57,LOW
portsweep,ANOMALY,76.16,HIGH
apache2,ANOMALY,75.25,HIGH
normal,NORMAL,1.99,LOW
neptune,ANOMALY,80.32,HIGH
mscan,ANOMALY,74.92,HIGH
processtable,NORMAL,43.78,MEDIUM
httptunnel,NORMAL,34.06,MEDIUM
normal,NORMAL,1.35,LOW
normal,NORMAL,3.55,LOW
mscan,ANOMALY,75.94,HIGH
normal,NORMAL,28.03,LOW
normal,NORMAL,1.13,LOW
normal,NORMAL,1.01,LOW
neptune,ANOMALY,81.35,HIGH
back,NORMAL,17.94,LOW
normal,NORMAL,2.14,LOW
neptune,ANOMALY,77.1,HIGH
mscan,ANOMALY,64.14,MEDIUM
neptune,ANOMALY,87.52,HIGH
normal,NORMAL,26.54,LOW
processtable,ANOMALY,67.65,MEDIUM
normal,NORMAL,2.43,LOW
normal,NORMAL,10.76,LOW
processtable,NORMAL,42.24,MEDIUM
satan,ANOMALY,94.0,HIGH
normal,NORMAL,24.57,LOW
apache2,ANOMALY,59.05,MEDIUM
neptune,ANOMALY,82.18,HIGH
neptune,ANOMALY,86.36,HIGH
neptune,ANOMALY,74.34,HIGH
processtable,NORMAL,37.64,MEDIUM
neptune,ANOMALY,82.07,HIGH
normal,NORMAL,2.66,LOW
apache2,ANOMALY,76.84,HIGH
normal,NORMAL,1.55,LOW
smurf,NORMAL,44.34,MEDIUM
normal,NORMAL,2.26,LOW
normal,NORMAL,0.48,LOW
normal,NORMAL,48.82,MEDIUM
mscan,ANOMALY,75.94,HIGH
normal,NORMAL,1.08,LOW
neptune,ANOMALY,77.09,HIGH
normal,NORMAL,1.29,LOW
neptune,ANOMALY,82.14,HIGH
neptune,ANOMALY,80.6,HIGH
normal,NORMAL,9.4,LOW
guess_passwd,NORMAL,10.37,LOW
ipsweep,ANOMALY,55.55,MEDIUM
normal,NORMAL,19.47,LOW
normal,NORMAL,1.59,LOW
normal,NORMAL,25.55,LOW
normal,NORMAL,2.65,LOW
apache2,ANOMALY,61.76,MEDIUM
guess_passwd,NORMAL,21.67,LOW
neptune,ANOMALY,86.13,HIGH
neptune,ANOMALY,79.43,HIGH
normal,NORMAL,4.5,LOW
normal,NORMAL,2.68,LOW
normal,NORMAL,7.31,LOW
neptune,ANOMALY,82.02,HIGH
smurf,NORMAL,44.02,MEDIUM
saint,ANOMALY,93.65,HIGH
normal,NORMAL,0.4,LOW
mscan,ANOMALY,80.99,HIGH
mailbomb,NORMAL,18.83,LOW
back,NORMAL,15.75,LOW
normal,NORMAL,1.76,LOW
guess_passwd,NORMAL,9.78,LOW
normal,NORMAL,8.96,LOW
normal,NORMAL,7.36,LOW
normal,NORMAL,20.26,LOW
ipsweep,NORMAL,51.6,MEDIUM
mailbomb,NORMAL,19.31,LOW
neptune,ANOMALY,81.5,HIGH
mscan,ANOMALY,62.9,MEDIUM
apache2,ANOMALY,61.36,MEDIUM
normal,NORMAL,3.11,LOW
warezmaster,NORMAL,33.04,MEDIUM
guess_passwd,NORMAL,11.37,LOW
normal,NORMAL,5.17,LOW
apache2,ANOMALY,66.07,MEDIUM
neptune,ANOMALY,81.77,HIGH
normal,NORMAL,0.5,LOW
warezmaster,NORMAL,41.82,MEDIUM
neptune,ANOMALY,76.4,HIGH
normal,NORMAL,4.56,LOW
neptune,ANOMALY,80.16,HIGH
normal,NORMAL,15.22,LOW
normal,NORMAL,7.75,LOW
mscan,ANOMALY,79.55,HIGH
mailbomb,NORMAL,30.8,MEDIUM
normal,NORMAL,1.36,LOW
neptune,ANOMALY,80.89,HIGH
apache2,NORMAL,47.18,MEDIUM
ipsweep,NORMAL,51.57,MEDIUM
normal,NORMAL,0.28,LOW
guess_passwd,NORMAL,10.1,LOW
smurf,NORMAL,41.21,MEDIUM
mscan,NORMAL,35.25,MEDIUM
neptune,ANOMALY,76.15,HIGH
satan,ANOMALY,62.26,MEDIUM
normal,NORMAL,2.79,LOW
neptune,ANOMALY,75.42,HIGH
normal,NORMAL,17.2,LOW
normal,NORMAL,2.53,LOW
normal,NORMAL,3.3,LOW
normal,NORMAL,1.15,LOW
warezmaster,NORMAL,34.44,MEDIUM
back,NORMAL,40.6,MEDIUM
saint,ANOMALY,93.09,HIGH
neptune,ANOMALY,77.39,HIGH
neptune,ANOMALY,73.0,HIGH
guess_passwd,NORMAL,27.2,LOW
normal,NORMAL,3.11,LOW
neptune,ANOMALY,76.47,HIGH
mscan,ANOMALY,78.99,HIGH
normal,NORMAL,14.03,LOW
normal,NORMAL,8.66,LOW
normal,NORMAL,3.18,LOW
neptune,ANOMALY,79.92,HIGH
normal,NORMAL,0.57,LOW
neptune,ANOMALY,82.18,HIGH
guess_passwd,NORMAL,24.15,LOW
neptune,ANOMALY,81.93,HIGH
apache2,ANOMALY,61.06,MEDIUM
warezmaster,NORMAL,29.08,LOW
guess_passwd,NORMAL,19.64,LOW
apache2,ANOMALY,73.65,HIGH
normal,NORMAL,1.0,LOW
neptune,ANOMALY,86.94,HIGH
smurf,NORMAL,37.23,MEDIUM
neptune,ANOMALY,74.6,HIGH
processtable,NORMAL,43.45,MEDIUM
neptune,ANOMALY,75.05,HIGH
nmap,ANOMALY,76.55,HIGH
mscan,ANOMALY,68.56,MEDIUM
neptune,ANOMALY,81.52,HIGH
guess_passwd,NORMAL,15.2,LOW
saint,ANOMALY,93.74,HIGH
normal,NORMAL,1.38,LOW
normal,NORMAL,0.21,LOW
normal,NORMAL,3.59,LOW
normal,NORMAL,4.49,LOW
normal,NORMAL,0.53,LOW
normal,NORMAL,21.33,LOW
normal,NORMAL,0.36,LOW
neptune,ANOMALY,80.31,HIGH
neptune,ANOMALY,85.72,HIGH
normal,NORMAL,0.53,LOW
portsweep,ANOMALY,68.91,MEDIUM
neptune,ANOMALY,82.14,HIGH
warezmaster,NORMAL,29.32,LOW
normal,NORMAL,2.99,LOW
normal,NORMAL,3.24,LOW
normal,NORMAL,1.9,LOW
normal,NORMAL,4.25,LOW
neptune,ANOMALY,81.74,HIGH
normal,NORMAL,18.9,LOW
neptune,ANOMALY,75.28,HIGH
smurf,NORMAL,38.87,MEDIUM
normal,NORMAL,1.29,LOW
normal,ANOMALY,65.5,MEDIUM
normal,NORMAL,2.53,LOW
normal,NORMAL,4.19,LOW
neptune,ANOMALY,87.41,HIGH
satan,ANOMALY,94.14,HIGH
normal,ANOMALY,72.01,HIGH
normal,ANOMALY,67.19,MEDIUM
smurf,NORMAL,36.18,MEDIUM
snmpguess,NORMAL,26.6,LOW
satan,ANOMALY,98.03,HIGH
satan,ANOMALY,91.96,HIGH
apache2,NORMAL,51.31,MEDIUM
normal,NORMAL,0.88,LOW
smurf,NORMAL,42.72,MEDIUM
neptune,ANOMALY,88.94,HIGH
neptune,ANOMALY,82.46,HIGH
guess_passwd,NORMAL,10.65,LOW
normal,NORMAL,38.19,MEDIUM
neptune,ANOMALY,79.8,HIGH
normal,NORMAL,1.77,LOW
normal,NORMAL,11.71,LOW
snmpguess,NORMAL,26.53,LOW
saint,ANOMALY,91.72,HIGH
normal,NORMAL,2.4,LOW
processtable,ANOMALY,76.65,HIGH
back,NORMAL,16.43,LOW
neptune,ANOMALY,82.2,HIGH
normal,NORMAL,0.99,LOW
ipsweep,NORMAL,51.6,MEDIUM
normal,NORMAL,2.21,LOW
neptune,ANOMALY,76.11,HIGH
named,NORMAL,31.32,MEDIUM
normal,NORMAL,0.71,LOW
guess_passwd,NORMAL,15.24,LOW
mscan,ANOMALY,69.24,MEDIUM
warezmaster,NORMAL,23.89,LOW
neptune,ANOMALY,81.69,HIGH
normal,NORMAL,20.82,LOW
warezmaster,NORMAL,37.74,MEDIUM
guess_passwd,NORMAL,28.77,LOW
snmpguess,NORMAL,26.41,LOW
guess_passwd,NORMAL,27.76,LOW
normal,NORMAL,3.33,LOW
buffer_overflow,NORMAL,40.92,MEDIUM
normal,NORMAL,23.84,LOW
mscan,ANOMALY,68.57,MEDIUM
normal,NORMAL,1.42,LOW
apache2,ANOMALY,77.03,HIGH
mailbomb,NORMAL,19.46,LOW
normal,NORMAL,1.39,LOW
neptune,ANOMALY,86.02,HIGH
snmpguess,NORMAL,26.41,LOW
processtable,NORMAL,46.25,MEDIUM
guess_passwd,NORMAL,24.02,LOW
saint,ANOMALY,93.83,HIGH
httptunnel,ANOMALY,61.84,MEDIUM
neptune,ANOMALY,87.53,HIGH
normal,NORMAL,2.77,LOW
normal,NORMAL,1.13,LOW
processtable,ANOMALY,66.8,MEDIUM
normal,NORMAL,49.34,MEDIUM
neptune,ANOMALY,87.35,HIGH
satan,ANOMALY,88.73,HIGH
neptune,ANOMALY,75.51,HIGH
normal,NORMAL,0.67,LOW
saint,NORMAL,46.32,MEDIUM
snmpguess,NORMAL,26.49,LOW
apache2,ANOMALY,73.65,HIGH
normal,NORMAL,1.01,LOW
normal,NORMAL,0.63,LOW
normal,NORMAL,2.03,LOW
neptune,ANOMALY,80.81,HIGH
smurf,NORMAL,40.07,MEDIUM
normal,NORMAL,10.91,LOW
normal,NORMAL,0.22,LOW
neptune,ANOMALY,87.46,HIGH
back,NORMAL,17.1,LOW
neptune,ANOMALY,80.87,HIGH
apache2,ANOMALY,56.82,MEDIUM
saint,ANOMALY,52.3,MEDIUM
mscan,ANOMALY,64.5,MEDIUM
normal,NORMAL,2.32,LOW
apache2,ANOMALY,60.24,MEDIUM
normal,NORMAL,2.76,LOW
normal,NORMAL,0.77,LOW
normal,NORMAL,0.88,LOW
httptunnel,ANOMALY,62.96,MEDIUM
neptune,ANOMALY,79.66,HIGH
nmap,ANOMALY,81.68,HIGH
normal,NORMAL,0.85,LOW
normal,NORMAL,1.13,LOW
normal,NORMAL,11.65,LOW
apache2,NORMAL,51.24,MEDIUM
normal,NORMAL,1.93,LOW
normal,NORMAL,1.47,LOW
normal,NORMAL,3.18,LOW
neptune,ANOMALY,87.47,HIGH
normal,NORMAL,1.91,LOW
normal,NORMAL,50.28,MEDIUM
neptune,ANOMALY,81.61,HIGH
smurf,ANOMALY,53.38,MEDIUM
normal,NORMAL,21.31,LOW
warezmaster,NORMAL,34.94,MEDIUM
neptune,ANOMALY,81.04,HIGH
normal,NORMAL,24.89,LOW
guess_passwd,NORMAL,10.16,LOW
back,NORMAL,17.42,LOW
neptune,ANOMALY,74.58,HIGH
normal,NORMAL,0.4,LOW
normal,NORMAL,3.43,LOW
neptune,ANOMALY,80.41,HIGH
apache2,ANOMALY,56.39,MEDIUM
normal,NORMAL,7.08,LOW
portsweep,ANOMALY,84.47,HIGH
normal,NORMAL,16.33,LOW
neptune,ANOMALY,79.41,HIGH
neptune,ANOMALY,84.97,HIGH
smurf,NORMAL,50.67,MEDIUM
normal,NORMAL,26.12,LOW
satan,ANOMALY,91.96,HIGH
normal,NORMAL,26.82,LOW
normal,ANOMALY,73.76,HIGH
satan,ANOMALY,89.63,HIGH
neptune,ANOMALY,86.57,HIGH
neptune,ANOMALY,81.47,HIGH
back,NORMAL,18.87,LOW
normal,NORMAL,0.5,LOW
neptune,ANOMALY,83.82,HIGH
normal,NORMAL,30.68,MEDIUM
normal,NORMAL,2.25,LOW
processtable,ANOMALY,64.76,MEDIUM
warezmaster,NORMAL,28.32,LOW
warezmaster,NORMAL,33.12,MEDIUM
normal,NORMAL,3.08,LOW
normal,NORMAL,17.22,LOW
normal,NORMAL,0.62,LOW
normal,NORMAL,0.82,LOW
guess_passwd,NORMAL,10.07,LOW
guess_passwd,NORMAL,11.77,LOW
processtable,NORMAL,43.46,MEDIUM
normal,ANOMALY,64.21,MEDIUM
normal,NORMAL,14.48,LOW
mscan,ANOMALY,64.26,MEDIUM
neptune,ANOMALY,82.17,HIGH
back,NORMAL,15.49,LOW
normal,NORMAL,4.14,LOW
neptune,ANOMALY,81.93,HIGH
normal,NORMAL,7.67,LOW
normal,NORMAL,0.45,LOW
mscan,ANOMALY,80.14,HIGH
snmpgetattack,NORMAL,27.05,LOW
normal,NORMAL,2.91,LOW
normal,NORMAL,0.67,LOW
normal,NORMAL,0.84,LOW
normal,NORMAL,0.23,LOW
normal,NORMAL,19.27,LOW
normal,NORMAL,19.63,LOW
normal,NORMAL,0.37,LOW
warezmaster,NORMAL,40.12,MEDIUM
normal,NORMAL,4.97,LOW
mscan,ANOMALY,68.44,MEDIUM
apache2,ANOMALY,62.45,MEDIUM
normal,NORMAL,3.63,LOW
normal,NORMAL,1.27,LOW
normal,NORMAL,42.98,MEDIUM
warezmaster,NORMAL,37.68,MEDIUM
normal,NORMAL,0.31,LOW
neptune,ANOMALY,79.21,HIGH
neptune,ANOMALY,81.31,HIGH
mscan,ANOMALY,66.71,MEDIUM
warezmaster,NORMAL,24.19,LOW
warezmaster,NORMAL,33.98,MEDIUM
normal,NORMAL,0.49,LOW
normal,NORMAL,38.73,MEDIUM
warezmaster,NORMAL,30.55,MEDIUM
neptune,ANOMALY,82.23,HIGH
mscan,ANOMALY,75.62,HIGH
satan,ANOMALY,95.13,HIGH
snmpgetattack,NORMAL,26.63,LOW
normal,NORMAL,3.19,LOW
neptune,ANOMALY,87.46,HIGH
normal,NORMAL,3.22,LOW
normal,NORMAL,1.14,LOW
neptune,ANOMALY,81.81,HIGH
normal,NORMAL,15.43,LOW
saint,ANOMALY,93.72,HIGH
normal,NORMAL,8.15,LOW
smurf,ANOMALY,55.71,MEDIUM
satan,ANOMALY,83.05,HIGH
snmpguess,NORMAL,26.46,LOW
guess_passwd,NORMAL,21.31,LOW
normal,NORMAL,21.94,LOW
neptune,ANOMALY,86.9,HIGH
normal,NORMAL,3.13,LOW
apache2,ANOMALY,76.82,HIGH
neptune,ANOMALY,76.54,HIGH
normal,NORMAL,4.73,LOW
normal,ANOMALY,64.41,MEDIUM
smurf,NORMAL,46.81,MEDIUM
normal,NORMAL,17.92,LOW
ipsweep,ANOMALY,55.51,MEDIUM
normal,NORMAL,16.58,LOW
mscan,ANOMALY,81.14,HIGH
normal,NORMAL,10.57,LOW
normal,NORMAL,0.34,LOW
neptune,ANOMALY,82.54,HIGH
neptune,ANOMALY,81.27,HIGH
smurf,NORMAL,50.45,MEDIUM
back,NORMAL,20.27,LOW
normal,NORMAL,4.02,LOW
normal,NORMAL,0.7,LOW
normal,NORMAL,2.97,LOW
neptune,ANOMALY,82.02,HIGH
neptune,ANOMALY,74.83,HIGH
normal,NORMAL,23.56,LOW
neptune,ANOMALY,81.74,HIGH
normal,NORMAL,31.32,MEDIUM
normal,NORMAL,17.1,LOW
saint,ANOMALY,98.38,HIGH
httptunnel,ANOMALY,63.93,MEDIUM
guess_passwd,NORMAL,29.56,LOW
neptune,ANOMALY,80.14,HIGH
neptune,ANOMALY,80.52,HIGH
normal,ANOMALY,59.93,MEDIUM
normal,NORMAL,4.84,LOW
neptune,ANOMALY,80.23,HIGH
warezmaster,NORMAL,27.58,LOW
normal,NORMAL,2.95,LOW
satan,ANOMALY,92.42,HIGH
normal,NORMAL,28.23,LOW
normal,NORMAL,4.1,LOW
normal,NORMAL,50.06,MEDIUM
neptune,ANOMALY,76.1,HIGH
normal,NORMAL,7.58,LOW
smurf,NORMAL,48.62,MEDIUM
neptune,ANOMALY,85.69,HIGH
normal,NORMAL,1.97,LOW
normal,NORMAL,3.18,LOW
normal,NORMAL,26.63,LOW
normal,NORMAL,3.71,LOW
neptune,ANOMALY,80.65,HIGH
normal,NORMAL,1.57,LOW
neptune,ANOMALY,86.76,HIGH
normal,NORMAL,0.23,LOW
normal,NORMAL,4.32,LOW
normal,NORMAL,17.85,LOW
normal,NORMAL,31.59,MEDIUM
warezmaster,NORMAL,39.54,MEDIUM
normal,NORMAL,1.44,LOW
normal,NORMAL,3.29,LOW
normal,ANOMALY,59.83,MEDIUM
normal,NORMAL,0.6,LOW
neptune,ANOMALY,82.43,HIGH
neptune,ANOMALY,81.33,HIGH
warezmaster,NORMAL,30.77,MEDIUM
normal,NORMAL,0.34,LOW
normal,NORMAL,1.23,LOW
neptune,ANOMALY,79.68,HIGH
smurf,NORMAL,39.33,MEDIUM
neptune,ANOMALY,80.92,HIGH
normal,NORMAL,1.5,LOW
neptune,ANOMALY,80.8,HIGH
processtable,NORMAL,50.03,MEDIUM
portsweep,ANOMALY,74.99,HIGH
named,ANOMALY,59.98,MEDIUM
normal,NORMAL,9.63,LOW
normal,NORMAL,2.09,LOW
neptune,ANOMALY,80.84,HIGH
neptune,ANOMALY,81.66,HIGH
normal,NORMAL,29.91,LOW
normal,NORMAL,0.8,LOW
normal,NORMAL,1.1,LOW
normal,NORMAL,4.61,LOW
portsweep,ANOMALY,79.86,HIGH
normal,NORMAL,3.08,LOW
normal,NORMAL,4.25,LOW
mscan,ANOMALY,64.81,MEDIUM
neptune,ANOMALY,81.64,HIGH
satan,ANOMALY,64.6,MEDIUM
normal,NORMAL,3.13,LOW
normal,NORMAL,0.47,LOW
normal,NORMAL,10.85,LOW
neptune,ANOMALY,80.27,HIGH
normal,NORMAL,1.01,LOW
normal,NORMAL,38.45,MEDIUM
normal,NORMAL,1.56,LOW
normal,NORMAL,50.45,MEDIUM
neptune,ANOMALY,82.11,HIGH
neptune,ANOMALY,75.3,HIGH
normal,NORMAL,5.7,LOW
nmap,ANOMALY,82.19,HIGH
neptune,ANOMALY,81.94,HIGH
normal,NORMAL,0.22,LOW
neptune,ANOMALY,87.52,HIGH
saint,ANOMALY,93.8,HIGH
saint,ANOMALY,99.42,HIGH
mscan,ANOMALY,74.53,HIGH
normal,NORMAL,36.87,MEDIUM
normal,NORMAL,1.58,LOW
guess_passwd,NORMAL,50.24,MEDIUM
normal,NORMAL,0.45,LOW
warezmaster,NORMAL,50.76,MEDIUM
warezmaster,NORMAL,28.23,LOW
normal,NORMAL,20.59,LOW
normal,NORMAL,7.13,LOW
normal,NORMAL,1.7,LOW
normal,NORMAL,2.65,LOW
normal,NORMAL,2.38,LOW
processtable,NORMAL,49.45,MEDIUM
processtable,ANOMALY,63.79,MEDIUM
warezmaster,NORMAL,35.84,MEDIUM
ps,NORMAL,15.19,LOW
normal,NORMAL,2.79,LOW
neptune,ANOMALY,81.19,HIGH
neptune,ANOMALY,81.91,HIGH
smurf,NORMAL,50.67,MEDIUM
httptunnel,ANOMALY,62.46,MEDIUM
normal,NORMAL,18.74,LOW
normal,NORMAL,1.49,LOW
processtable,ANOMALY,81.26,HIGH
satan,ANOMALY,64.75,MEDIUM
normal,NORMAL,3.44,LOW
mscan,ANOMALY,79.12,HIGH
processtable,NORMAL,46.62,MEDIUM
normal,NORMAL,0.82,LOW
processtable,ANOMALY,64.85,MEDIUM
processtable,NORMAL,51.64,MEDIUM
mscan,ANOMALY,72.67,HIGH
neptune,ANOMALY,86.97,HIGH
neptune,ANOMALY,80.72,HIGH
neptune,ANOMALY,80.67,HIGH
normal,NORMAL,1.91,LOW
neptune,ANOMALY,74.83,HIGH
normal,NORMAL,0.55,LOW
neptune,ANOMALY,85.43,HIGH
normal,NORMAL,36.08,MEDIUM
warezmaster,NORMAL,27.35,LOW
normal,NORMAL,5.75,LOW
satan,ANOMALY,92.43,HIGH
warezmaster,NORMAL,28.9,LOW
normal,NORMAL,34.29,MEDIUM
normal,NORMAL,37.95,MEDIUM
normal,NORMAL,2.26,LOW
normal,NORMAL,4.19,LOW
neptune,ANOMALY,76.13,HIGH
normal,NORMAL,1.46,LOW
normal,NORMAL,17.75,LOW
mscan,ANOMALY,80.76,HIGH
normal,NORMAL,0.69,LOW
guess_passwd,NORMAL,21.7,LOW
normal,NORMAL,0.72,LOW
normal,NORMAL,6.47,LOW
normal,NORMAL,0.47,LOW
normal,NORMAL,1.16,LOW
normal,NORMAL,0.91,LOW
normal,NORMAL,2.25,LOW
processtable,ANOMALY,76.16,HIGH
normal,NORMAL,19.72,LOW
guess_passwd,NORMAL,20.15,LOW
normal,NORMAL,7.84,LOW
snmpguess,NORMAL,26.66,LOW
mscan,ANOMALY,74.36,HIGH
normal,NORMAL,49.2,MEDIUM
normal,NORMAL,34.43,MEDIUM
guess_passwd,NORMAL,20.15,LOW
neptune,ANOMALY,85.24,HIGH
neptune,ANOMALY,80.07,HIGH
back,NORMAL,16.16,LOW
satan,ANOMALY,95.14,HIGH
snmpguess,NORMAL,26.2,LOW
normal,NORMAL,39.89,MEDIUM
neptune,ANOMALY,80.67,HIGH
normal,NORMAL,1.13,LOW
satan,ANOMALY,91.44,HIGH
snmpguess,NORMAL,26.49,LOW
smurf,ANOMALY,55.01,MEDIUM
normal,NORMAL,2.58,LOW
neptune,ANOMALY,91.7,HIGH
neptune,ANOMALY,80.46,HIGH
processtable,ANOMALY,66.05,MEDIUM
neptune,ANOMALY,79.96,HIGH
normal,NORMAL,1.34,LOW
mscan,ANOMALY,77.38,HIGH
normal,NORMAL,50.02,MEDIUM
mscan,ANOMALY,64.95,MEDIUM
back,NORMAL,15.47,LOW
normal,NORMAL,17.77,LOW
normal,NORMAL,1.5,LOW
normal,NORMAL,3.05,LOW
normal,NORMAL,23.34,LOW
mailbomb,NORMAL,41.37,MEDIUM
normal,NORMAL,49.8,MEDIUM
neptune,ANOMALY,86.07,HIGH
snmpgetattack,NORMAL,40.75,MEDIUM
neptune,ANOMALY,87.52,HIGH
normal,NORMAL,20.38,LOW
teardrop,NORMAL,32.2,MEDIUM
neptune,ANOMALY,92.45,HIGH
neptune,ANOMALY,82.36,HIGH
warezmaster,ANOMALY,67.28,MEDIUM
normal,NORMAL,1.49,LOW
processtable,ANOMALY,53.53,MEDIUM
neptune,ANOMALY,81.45,HIGH
normal,NORMAL,11.22,LOW
normal,NORMAL,5.09,LOW
normal,NORMAL,24.59,LOW
normal,NORMAL,1.53,LOW
normal,NORMAL,1.39,LOW
normal,NORMAL,28.68,LOW
guess_passwd,NORMAL,28.32,LOW
neptune,ANOMALY,80.87,HIGH
satan,ANOMALY,68.65,MEDIUM
neptune,ANOMALY,82.25,HIGH
smurf,NORMAL,50.25,MEDIUM
normal,NORMAL,1.03,LOW
mailbomb,NORMAL,19.28,LOW
guess_passwd,NORMAL,10.28,LOW
portsweep,ANOMALY,76.78,HIGH
normal,NORMAL,1.37,LOW
normal,NORMAL,35.19,MEDIUM
back,NORMAL,14.35,LOW
normal,NORMAL,2.63,LOW
smurf,NORMAL,38.29,MEDIUM
satan,ANOMALY,98.7,HIGH
normal,ANOMALY,62.26,MEDIUM
normal,NORMAL,2.91,LOW
httptunnel,ANOMALY,70.04,HIGH
neptune,ANOMALY,76.2,HIGH
processtable,ANOMALY,75.77,HIGH
warezmaster,NORMAL,32.87,MEDIUM
neptune,ANOMALY,81.08,HIGH
normal,NORMAL,2.64,LOW
normal,NORMAL,25.98,LOW
neptune,ANOMALY,81.66,HIGH
normal,NORMAL,1.96,LOW
processtable,ANOMALY,66.99,MEDIUM
guess_passwd,NORMAL,9.37,LOW
normal,NORMAL,17.55,LOW
neptune,ANOMALY,80.36,HIGH
snmpguess,NORMAL,26.94,LOW
smurf,ANOMALY,54.48,MEDIUM
normal,NORMAL,0.22,LOW
neptune,ANOMALY,86.19,HIGH
normal,NORMAL,11.29,LOW
mscan,ANOMALY,72.52,HIGH
normal,NORMAL,6.3,LOW
normal,NORMAL,32.71,MEDIUM
normal,NORMAL,0.66,LOW
normal,NORMAL,1.11,LOW
normal,NORMAL,19.15,LOW
normal,NORMAL,2.3,LOW
normal,NORMAL,19.25,LOW
satan,ANOMALY,91.85,HIGH
normal,NORMAL,1.1,LOW
satan,ANOMALY,62.8,MEDIUM
normal,NORMAL,0.72,LOW
smurf,ANOMALY,51.97,MEDIUM
mscan,ANOMALY,70.72,HIGH
normal,NORMAL,26.74,LOW
normal,NORMAL,3.23,LOW
snmpguess,NORMAL,26.46,LOW
normal,NORMAL,26.81,LOW
warezmaster,NORMAL,38.89,MEDIUM
neptune,ANOMALY,81.81,HIGH
processtable,NORMAL,37.19,MEDIUM
normal,NORMAL,8.06,LOW
neptune,ANOMALY,76.19,HIGH
neptune,ANOMALY,87.12,HIGH
normal,NORMAL,42.74,MEDIUM
processtable,NORMAL,45.76,MEDIUM
apache2,ANOMALY,57.56,MEDIUM
normal,NORMAL,3.87,LOW
back,NORMAL,23.13,LOW
satan,ANOMALY,93.64,HIGH
neptune,ANOMALY,81.1,HIGH
neptune,ANOMALY,80.0,HIGH
normal,NORMAL,1.56,LOW
neptune,ANOMALY,81.91,HIGH
neptune,ANOMALY,86.85,HIGH
normal,NORMAL,0.2,LOW
normal,NORMAL,0.56,LOW
satan,ANOMALY,64.97,MEDIUM
normal,NORMAL,5.63,LOW
normal,NORMAL,1.0,LOW
normal,NORMAL,2.52,LOW
normal,NORMAL,34.89,MEDIUM
apache2,ANOMALY,65.39,MEDIUM
guess_passwd,NORMAL,10.03,LOW
normal,NORMAL,0.05,LOW
normal,NORMAL,0.43,LOW
normal,NORMAL,48.67,MEDIUM
guess_passwd,NORMAL,19.65,LOW
neptune,ANOMALY,82.13,HIGH
mscan,ANOMALY,70.29,HIGH
normal,ANOMALY,66.91,MEDIUM
neptune,ANOMALY,74.53,HIGH
guess_passwd,NORMAL,11.69,LOW
satan,ANOMALY,92.5,HIGH
normal,NORMAL,20.45,LOW
apache2,ANOMALY,61.04,MEDIUM
normal,NORMAL,3.15,LOW
neptune,ANOMALY,82.13,HIGH
neptune,ANOMALY,80.16,HIGH
normal,NORMAL,49.69,MEDIUM
ipsweep,ANOMALY,57.21,MEDIUM
satan,ANOMALY,65.06,MEDIUM
normal,NORMAL,1.95,LOW
normal,NORMAL,20.41,LOW
back,NORMAL,26.27,LOW
smurf,NORMAL,45.06,MEDIUM
normal,NORMAL,30.69,MEDIUM
normal,NORMAL,2.75,LOW
normal,ANOMALY,67.64,MEDIUM
mscan,ANOMALY,77.52,HIGH
normal,NORMAL,15.55,LOW
guess_passwd,NORMAL,29.97,LOW
neptune,ANOMALY,80.72,HIGH
normal,NORMAL,13.84,LOW
neptune,ANOMALY,78.4,HIGH
normal,NORMAL,0.05,LOW
normal,NORMAL,2.16,LOW
neptune,ANOMALY,74.48,HIGH
neptune,ANOMALY,81.27,HIGH
neptune,ANOMALY,81.76,HIGH
neptune,ANOMALY,82.45,HIGH
normal,NORMAL,4.18,LOW
guess_passwd,NORMAL,9.27,LOW
normal,NORMAL,8.53,LOW
normal,NORMAL,18.09,LOW
normal,NORMAL,15.89,LOW
normal,NORMAL,0.7,LOW
normal,NORMAL,0.71,LOW
normal,NORMAL,11.22,LOW
processtable,ANOMALY,76.47,HIGH
neptune,ANOMALY,81.26,HIGH
normal,NORMAL,0.56,LOW
normal,NORMAL,1.72,LOW
normal,NORMAL,5.83,LOW
mailbomb,NORMAL,12.77,LOW
apache2,ANOMALY,61.67,MEDIUM
mscan,ANOMALY,65.08,MEDIUM
normal,NORMAL,1.66,LOW
smurf,NORMAL,44.02,MEDIUM
normal,NORMAL,0.42,LOW
normal,NORMAL,24.37,LOW
neptune,ANOMALY,74.96,HIGH
neptune,ANOMALY,86.16,HIGH
normal,NORMAL,29.72,LOW
normal,NORMAL,1.18,LOW
warezmaster,NORMAL,35.59,MEDIUM
neptune,ANOMALY,82.57,HIGH
neptune,ANOMALY,80.34,HIGH
smurf,NORMAL,46.63,MEDIUM
normal,NORMAL,3.76,LOW
normal,NORMAL,15.79,LOW
apache2,ANOMALY,52.52,MEDIUM
neptune,ANOMALY,86.02,HIGH
neptune,ANOMALY,85.6,HIGH
normal,NORMAL,4.26,LOW
neptune,ANOMALY,87.73,HIGH
guess_passwd,NORMAL,10.35,LOW
neptune,ANOMALY,86.45,HIGH
warezmaster,NORMAL,33.86,MEDIUM
satan,ANOMALY,95.16,HIGH
neptune,ANOMALY,91.77,HIGH
normal,NORMAL,19.4,LOW
snmpguess,NORMAL,26.41,LOW
apache2,ANOMALY,62.41,MEDIUM
processtable,ANOMALY,55.21,MEDIUM
normal,NORMAL,0.52,LOW
guess_passwd,NORMAL,9.49,LOW
snmpguess,NORMAL,26.79,LOW
saint,ANOMALY,92.9,HIGH
portsweep,ANOMALY,88.6,HIGH
guess_passwd,NORMAL,27.87,LOW
normal,NORMAL,0.81,LOW
guess_passwd,NORMAL,24.04,LOW
neptune,ANOMALY,81.11,HIGH
neptune,ANOMALY,92.52,HIGH
mscan,ANOMALY,69.49,MEDIUM
normal,NORMAL,0.47,LOW
neptune,ANOMALY,81.86,HIGH
normal,NORMAL,0.36,LOW
normal,NORMAL,47.82,MEDIUM
normal,NORMAL,2.23,LOW
neptune,ANOMALY,88.62,HIGH
normal,NORMAL,3.52,LOW
warezmaster,NORMAL,31.7,MEDIUM
neptune,ANOMALY,75.59,HIGH
mscan,ANOMALY,76.55,HIGH
guess_passwd,NORMAL,27.76,LOW
warezmaster,NORMAL,28.58,LOW
snmpguess,NORMAL,26.32,LOW
normal,NORMAL,2.69,LOW
normal,NORMAL,3.31,LOW
apache2,ANOMALY,67.53,MEDIUM
normal,NORMAL,23.26,LOW
normal,NORMAL,23.63,LOW
saint,ANOMALY,53.46,MEDIUM
neptune,ANOMALY,75.52,HIGH
normal,NORMAL,1.49,LOW
neptune,ANOMALY,76.07,HIGH
normal,NORMAL,6.62,LOW
neptune,ANOMALY,79.81,HIGH
httptunnel,ANOMALY,61.6,MEDIUM
normal,NORMAL,1.73,LOW
smurf,ANOMALY,52.19,MEDIUM
satan,ANOMALY,63.5,MEDIUM
normal,NORMAL,10.78,LOW
normal,NORMAL,49.73,MEDIUM
warezmaster,NORMAL,19.16,LOW
httptunnel,ANOMALY,62.67,MEDIUM
normal,NORMAL,49.78,MEDIUM
normal,NORMAL,1.17,LOW
normal,NORMAL,4.27,LOW
normal,NORMAL,1.89,LOW
neptune,ANOMALY,81.22,HIGH
processtable,NORMAL,38.01,MEDIUM
normal,NORMAL,9.53,LOW
normal,NORMAL,17.74,LOW
neptune,ANOMALY,70.21,HIGH
neptune,ANOMALY,82.25,HIGH
neptune,ANOMALY,79.86,HIGH
neptune,ANOMALY,81.36,HIGH
processtable,ANOMALY,52.17,MEDIUM
normal,NORMAL,0.71,LOW
neptune,ANOMALY,82.15,HIGH
mscan,ANOMALY,73.74,HIGH
normal,NORMAL,7.49,LOW
normal,NORMAL,50.45,MEDIUM
neptune,ANOMALY,75.91,HIGH
normal,NORMAL,0.47,LOW
neptune,ANOMALY,81.98,HIGH
back,NORMAL,16.45,LOW
guess_passwd,NORMAL,12.27,LOW
neptune,ANOMALY,86.54,HIGH
normal,NORMAL,22.16,LOW
normal,NORMAL,0.81,LOW
normal,NORMAL,11.25,LOW
apache2,ANOMALY,76.28,HIGH
normal,NORMAL,8.54,LOW
mscan,ANOMALY,63.38,MEDIUM
normal,NORMAL,1.23,LOW
normal,NORMAL,0.44,LOW
normal,NORMAL,3.38,LOW
mscan,ANOMALY,72.03,HIGH
processtable,ANOMALY,67.24,MEDIUM
normal,NORMAL,1.85,LOW
back,NORMAL,16.85,LOW
apache2,ANOMALY,66.19,MEDIUM
smurf,ANOMALY,53.25,MEDIUM
neptune,ANOMALY,79.27,HIGH
normal,NORMAL,49.2,MEDIUM
normal,NORMAL,0.33,LOW
normal,NORMAL,0.88,LOW
neptune,ANOMALY,78.58,HIGH
neptune,ANOMALY,81.52,HIGH
mscan,NORMAL,44.9,MEDIUM
apache2,ANOMALY,73.6,HIGH
neptune,ANOMALY,76.11,HIGH
normal,NORMAL,13.21,LOW
normal,NORMAL,3.35,LOW
neptune,ANOMALY,83.71,HIGH
mscan,ANOMALY,75.05,HIGH
warezmaster,NORMAL,39.03,MEDIUM
neptune,ANOMALY,84.78,HIGH
guess_passwd,NORMAL,34.56,MEDIUM
neptune,ANOMALY,82.74,HIGH
normal,NORMAL,20.5,LOW
normal,NORMAL,2.76,LOW
guess_passwd,ANOMALY,72.68,HIGH
warezmaster,NORMAL,51.46,MEDIUM
neptune,ANOMALY,86.11,HIGH
normal,NORMAL,1.28,LOW
neptune,ANOMALY,76.86,HIGH
snmpguess,NORMAL,26.77,LOW
normal,NORMAL,20.13,LOW
normal,NORMAL,5.31,LOW
normal,NORMAL,18.24,LOW
guess_passwd,NORMAL,10.68,LOW
nmap,ANOMALY,82.04,HIGH
processtable,ANOMALY,61.94,MEDIUM
neptune,ANOMALY,74.5,HIGH
neptune,ANOMALY,82.34,HIGH
neptune,ANOMALY,76.54,HIGH
normal,NORMAL,2.52,LOW
smurf,NORMAL,38.96,MEDIUM
warezmaster,NORMAL,44.07,MEDIUM
normal,NORMAL,12.63,LOW
neptune,ANOMALY,82.45,HIGH
saint,ANOMALY,94.75,HIGH
normal,NORMAL,32.13,MEDIUM
mailbomb,NORMAL,31.71,MEDIUM
normal,NORMAL,5.93,LOW
satan,ANOMALY,93.42,HIGH
normal,NORMAL,16.7,LOW
snmpguess,NORMAL,26.5,LOW
normal,NORMAL,19.61,LOW
smurf,ANOMALY,54.49,MEDIUM
normal,NORMAL,1.49,LOW
guess_passwd,NORMAL,24.77,LOW
normal,NORMAL,33.24,MEDIUM
warezmaster,NORMAL,35.13,MEDIUM
satan,ANOMALY,63.54,MEDIUM
normal,NORMAL,0.33,LOW
mscan,ANOMALY,82.18,HIGH
normal,NORMAL,5.06,LOW
normal,NORMAL,17.31,LOW
neptune,ANOMALY,81.96,HIGH
neptune,ANOMALY,80.22,HIGH
normal,NORMAL,2.51,LOW
back,NORMAL,15.96,LOW
guess_passwd,NORMAL,11.4,LOW
normal,NORMAL,15.92,LOW
normal,NORMAL,28.39,LOW
normal,NORMAL,9.93,LOW
normal,NORMAL,0.59,LOW
normal,NORMAL,2.32,LOW
neptune,ANOMALY,79.91,HIGH
guess_passwd,NORMAL,13.87,LOW
normal,NORMAL,0.23,LOW
snmpgetattack,NORMAL,38.72,MEDIUM
neptune,ANOMALY,74.78,HIGH
normal,NORMAL,0.14,LOW
normal,NORMAL,2.54,LOW
normal,NORMAL,21.41,LOW
guess_passwd,NORMAL,9.76,LOW
mscan,ANOMALY,70.82,HIGH
smurf,ANOMALY,56.33,MEDIUM
guess_passwd,NORMAL,18.68,LOW
normal,NORMAL,4.73,LOW
normal,NORMAL,2.19,LOW
normal,NORMAL,31.33,MEDIUM
apache2,ANOMALY,57.96,MEDIUM
satan,ANOMALY,94.99,HIGH
normal,NORMAL,13.96,LOW
normal,NORMAL,18.68,LOW
normal,NORMAL,37.84,MEDIUM
satan,ANOMALY,94.43,HIGH
normal,NORMAL,6.53,LOW
snmpguess,NORMAL,26.49,LOW
normal,NORMAL,0.24,LOW
apache2,ANOMALY,60.61,MEDIUM
apache2,NORMAL,50.79,MEDIUM
neptune,ANOMALY,80.23,HIGH
guess_passwd,NORMAL,19.53,LOW
mscan,ANOMALY,77.83,HIGH
normal,NORMAL,4.05,LOW
normal,NORMAL,50.11,MEDIUM
neptune,ANOMALY,80.0,HIGH
neptune,ANOMALY,80.81,HIGH
normal,NORMAL,1.68,LOW
neptune,ANOMALY,82.18,HIGH
normal,NORMAL,2.52,LOW
neptune,ANOMALY,88.57,HIGH
mscan,ANOMALY,62.9,MEDIUM
normal,NORMAL,2.55,LOW
mscan,ANOMALY,82.36,HIGH
neptune,ANOMALY,81.68,HIGH
satan,ANOMALY,62.59,MEDIUM
normal,NORMAL,9.73,LOW
mscan,ANOMALY,65.42,MEDIUM
normal,NORMAL,50.12,MEDIUM
mailbomb,NORMAL,23.04,LOW
normal,NORMAL,3.83,LOW
saint,ANOMALY,56.3,MEDIUM
neptune,ANOMALY,79.57,HIGH
normal,NORMAL,2.71,LOW
satan,ANOMALY,67.73,MEDIUM
normal,NORMAL,1.45,LOW
normal,NORMAL,38.65,MEDIUM
guess_passwd,NORMAL,9.92,LOW
normal,NORMAL,0.25,LOW
warezmaster,NORMAL,35.48,MEDIUM
neptune,ANOMALY,79.98,HIGH
apache2,NORMAL,46.36,MEDIUM
neptune,ANOMALY,82.25,HIGH
warezmaster,NORMAL,50.89,MEDIUM
neptune,ANOMALY,82.15,HIGH
neptune,ANOMALY,81.52,HIGH
warezmaster,NORMAL,27.3,LOW
guess_passwd,NORMAL,11.78,LOW
neptune,ANOMALY,80.14,HIGH
neptune,ANOMALY,81.97,HIGH
processtable,NORMAL,50.24,MEDIUM
neptune,ANOMALY,80.58,HIGH
normal,NORMAL,0.4,LOW
normal,NORMAL,27.19,LOW
satan,ANOMALY,93.99,HIGH
normal,NORMAL,10.96,LOW
normal,NORMAL,1.34,LOW
nmap,ANOMALY,81.88,HIGH
normal,NORMAL,30.61,MEDIUM
normal,NORMAL,23.34,LOW
normal,NORMAL,1.37,LOW
normal,NORMAL,1.18,LOW
normal,NORMAL,1.18,LOW
satan,ANOMALY,63.12,MEDIUM
normal,NORMAL,1.9,LOW
normal,NORMAL,0.68,LOW
normal,NORMAL,34.67,MEDIUM
normal,NORMAL,46.28,MEDIUM
normal,NORMAL,8.99,LOW
mscan,ANOMALY,78.15,HIGH
normal,NORMAL,2.68,LOW
normal,NORMAL,2.29,LOW
neptune,ANOMALY,80.31,HIGH
neptune,ANOMALY,86.48,HIGH
warezmaster,NORMAL,24.54,LOW
warezmaster,NORMAL,23.16,LOW
apache2,ANOMALY,72.27,HIGH
mscan,ANOMALY,80.93,HIGH
neptune,ANOMALY,78.69,HIGH
normal,NORMAL,0.38,LOW
portsweep,ANOMALY,74.4,HIGH
normal,NORMAL,6.96,LOW
normal,NORMAL,13.01,LOW
normal,NORMAL,18.48,LOW
normal,NORMAL,1.25,LOW
normal,NORMAL,39.63,MEDIUM
neptune,ANOMALY,80.84,HIGH
normal,NORMAL,0.24,LOW
satan,ANOMALY,72.56,HIGH
mailbomb,NORMAL,22.08,LOW
normal,NORMAL,0.24,LOW
warezmaster,NORMAL,29.35,LOW
satan,ANOMALY,67.3,MEDIUM
neptune,ANOMALY,86.87,HIGH
normal,NORMAL,11.4,LOW
normal,NORMAL,50.11,MEDIUM
guess_passwd,NORMAL,20.49,LOW
back,NORMAL,18.35,LOW
neptune,ANOMALY,81.24,HIGH
normal,NORMAL,4.82,LOW
normal,NORMAL,1.11,LOW
satan,ANOMALY,94.82,HIGH
mailbomb,NORMAL,19.31,LOW
normal,NORMAL,37.67,MEDIUM
guess_passwd,NORMAL,9.41,LOW
normal,NORMAL,0.38,LOW
normal,NORMAL,3.53,LOW
normal,NORMAL,37.07,MEDIUM
neptune,ANOMALY,82.2,HIGH
normal,NORMAL,30.97,MEDIUM
processtable,NORMAL,46.33,MEDIUM
neptune,ANOMALY,76.07,HIGH
guess_passwd,NORMAL,10.08,LOW
neptune,ANOMALY,74.68,HIGH
normal,NORMAL,18.62,LOW
normal,NORMAL,4.06,LOW
normal,NORMAL,2.45,LOW
normal,NORMAL,1.46,LOW
normal,NORMAL,0.61,LOW
back,NORMAL,17.2,LOW
ipsweep,ANOMALY,56.44,MEDIUM
normal,NORMAL,5.64,LOW
normal,NORMAL,0.28,LOW
warezmaster,NORMAL,28.31,LOW
normal,NORMAL,3.46,LOW
normal,NORMAL,0.55,LOW
normal,NORMAL,1.42,LOW
normal,NORMAL,16.58,LOW
normal,NORMAL,49.8,MEDIUM
normal,NORMAL,1.64,LOW
normal,NORMAL,4.46,LOW
mailbomb,NORMAL,25.78,LOW
processtable,ANOMALY,75.44,HIGH
satan,ANOMALY,93.35,HIGH
normal,NORMAL,2.06,LOW
warezmaster,NORMAL,32.81,MEDIUM
smurf,ANOMALY,56.11,MEDIUM
normal,NORMAL,3.36,LOW
normal,NORMAL,10.25,LOW
normal,NORMAL,27.16,LOW
processtable,ANOMALY,54.64,MEDIUM
pod,NORMAL,38.71,MEDIUM
normal,NORMAL,2.72,LOW
multihop,NORMAL,32.43,MEDIUM
satan,ANOMALY,93.83,HIGH
normal,NORMAL,4.82,LOW
normal,NORMAL,5.02,LOW
guess_passwd,NORMAL,15.22,LOW
normal,NORMAL,4.03,LOW
normal,NORMAL,1.77,LOW
processtable,ANOMALY,66.2,MEDIUM
neptune,ANOMALY,93.43,HIGH
neptune,ANOMALY,80.22,HIGH
normal,NORMAL,1.95,LOW
apache2,ANOMALY,67.53,MEDIUM
neptune,ANOMALY,79.98,HIGH
mscan,ANOMALY,75.44,HIGH
processtable,ANOMALY,65.7,MEDIUM
normal,NORMAL,6.45,LOW
neptune,ANOMALY,86.91,HIGH
snmpguess,NORMAL,26.03,LOW
neptune,ANOMALY,81.52,HIGH
warezmaster,NORMAL,29.27,LOW
normal,NORMAL,5.85,LOW
httptunnel,ANOMALY,62.09,MEDIUM
processtable,ANOMALY,66.59,MEDIUM
normal,NORMAL,20.05,LOW
mailbomb,NORMAL,23.69,LOW
mscan,ANOMALY,84.48,HIGH
normal,NORMAL,1.06,LOW
neptune,ANOMALY,82.13,HIGH
mscan,ANOMALY,78.08,HIGH
mailbomb,NORMAL,30.3,MEDIUM
neptune,ANOMALY,75.82,HIGH
neptune,ANOMALY,82.22,HIGH
back,NORMAL,31.76,MEDIUM
normal,NORMAL,30.15,MEDIUM
neptune,ANOMALY,81.24,HIGH
normal,NORMAL,5.28,LOW
normal,NORMAL,12.77,LOW
normal,NORMAL,1.44,LOW
guess_passwd,NORMAL,10.18,LOW
normal,NORMAL,12.06,LOW
normal,NORMAL,50.12,MEDIUM
neptune,ANOMALY,81.39,HIGH
normal,NORMAL,21.71,LOW
mscan,ANOMALY,60.74,MEDIUM
mscan,ANOMALY,65.78,MEDIUM
guess_passwd,NORMAL,27.65,LOW
guess_passwd,NORMAL,10.03,LOW
back,NORMAL,44.21,MEDIUM
mscan,ANOMALY,75.46,HIGH
normal,NORMAL,21.01,LOW
normal,NORMAL,4.28,LOW
normal,NORMAL,3.35,LOW
smurf,ANOMALY,57.6,MEDIUM
mscan,NORMAL,43.42,MEDIUM
normal,NORMAL,19.07,LOW
normal,NORMAL,21.03,LOW
normal,NORMAL,0.8,LOW
normal,NORMAL,17.73,LOW
neptune,ANOMALY,80.7,HIGH
apache2,ANOMALY,59.38,MEDIUM
normal,NORMAL,2.36,LOW
normal,NORMAL,26.61,LOW
saint,ANOMALY,93.3,HIGH
neptune,ANOMALY,76.23,HIGH
satan,ANOMALY,93.25,HIGH
neptune,ANOMALY,81.56,HIGH
processtable,NORMAL,45.56,MEDIUM
neptune,ANOMALY,81.12,HIGH
neptune,ANOMALY,80.87,HIGH
normal,NORMAL,0.91,LOW
neptune,ANOMALY,80.75,HIGH
normal,NORMAL,2.0,LOW
neptune,ANOMALY,78.54,HIGH
normal,NORMAL,35.43,MEDIUM
mscan,ANOMALY,80.79,HIGH
normal,NORMAL,2.73,LOW
neptune,ANOMALY,79.4,HIGH
mscan,ANOMALY,68.95,MEDIUM
normal,NORMAL,0.32,LOW
smurf,NORMAL,41.12,MEDIUM
smurf,NORMAL,36.53,MEDIUM
neptune,ANOMALY,80.53,HIGH
normal,NORMAL,0.32,LOW
warezmaster,NORMAL,30.19,MEDIUM
normal,NORMAL,27.12,LOW
neptune,ANOMALY,74.83,HIGH
neptune,ANOMALY,81.73,HIGH
normal,NORMAL,1.14,LOW
apache2,ANOMALY,65.82,MEDIUM
guess_passwd,NORMAL,11.74,LOW
normal,NORMAL,34.15,MEDIUM
snmpguess,NORMAL,26.7,LOW
normal,NORMAL,18.94,LOW
neptune,ANOMALY,75.93,HIGH
neptune,ANOMALY,86.97,HIGH
portsweep,ANOMALY,76.5,HIGH
apache2,ANOMALY,52.75,MEDIUM
normal,NORMAL,1.9,LOW
guess_passwd,NORMAL,21.61,LOW
xterm,NORMAL,21.66,LOW
guess_passwd,NORMAL,11.68,LOW
normal,NORMAL,2.32,LOW
guess_passwd,NORMAL,28.49,LOW
neptune,ANOMALY,82.09,HIGH
normal,NORMAL,15.25,LOW
normal,NORMAL,7.31,LOW
smurf,NORMAL,48.81,MEDIUM
mscan,ANOMALY,70.39,HIGH
guess_passwd,NORMAL,10.1,LOW
normal,NORMAL,3.43,LOW
warezmaster,ANOMALY,55.19,MEDIUM
snmpguess,NORMAL,26.57,LOW
processtable,NORMAL,49.57,MEDIUM
guess_passwd,NORMAL,20.3,LOW
normal,NORMAL,22.61,LOW
normal,NORMAL,32.62,MEDIUM
normal,NORMAL,8.26,LOW
guess_passwd,NORMAL,11.74,LOW
snmpguess,NORMAL,26.49,LOW
neptune,ANOMALY,77.77,HIGH
normal,NORMAL,22.39,LOW
normal,ANOMALY,77.0,HIGH
normal,NORMAL,11.2,LOW
mscan,ANOMALY,79.55,HIGH
normal,NORMAL,6.92,LOW
satan,ANOMALY,91.89,HIGH
processtable,ANOMALY,61.94,MEDIUM
normal,NORMAL,2.33,LOW
normal,NORMAL,1.98,LOW
normal,NORMAL,0.49,LOW
normal,NORMAL,22.75,LOW
normal,NORMAL,3.64,LOW
normal,NORMAL,6.78,LOW
normal,NORMAL,0.51,LOW
neptune,ANOMALY,76.06,HIGH
normal,NORMAL,24.13,LOW
normal,NORMAL,2.39,LOW
normal,NORMAL,4.07,LOW
normal,NORMAL,3.54,LOW
normal,NORMAL,20.73,LOW
normal,NORMAL,26.5,LOW
warezmaster,NORMAL,34.44,MEDIUM
neptune,ANOMALY,91.47,HIGH
normal,NORMAL,0.43,LOW
normal,NORMAL,15.08,LOW
normal,NORMAL,26.01,LOW
normal,NORMAL,23.38,LOW
neptune,ANOMALY,78.08,HIGH
mscan,ANOMALY,77.42,HIGH
normal,NORMAL,0.7,LOW
neptune,ANOMALY,80.66,HIGH
neptune,ANOMALY,89.02,HIGH
normal,NORMAL,25.31,LOW
warezmaster,NORMAL,23.13,LOW
normal,NORMAL,0.36,LOW
processtable,ANOMALY,75.18,HIGH
normal,NORMAL,21.1,LOW
normal,NORMAL,33.93,MEDIUM
normal,NORMAL,3.76,LOW
smurf,NORMAL,35.51,MEDIUM
normal,NORMAL,2.08,LOW
mscan,ANOMALY,85.76,HIGH
normal,NORMAL,17.61,LOW
pod,NORMAL,34.4,MEDIUM
neptune,ANOMALY,74.49,HIGH
neptune,ANOMALY,82.2,HIGH
processtable,NORMAL,38.19,MEDIUM
smurf,ANOMALY,52.82,MEDIUM
mscan,ANOMALY,81.95,HIGH
normal,NORMAL,3.66,LOW
guess_passwd,NORMAL,10.51,LOW
guess_passwd,NORMAL,10.47,LOW
guess_passwd,NORMAL,28.88,LOW
mscan,ANOMALY,76.94,HIGH
normal,NORMAL,26.68,LOW
mscan,ANOMALY,80.12,HIGH
processtable,ANOMALY,67.23,MEDIUM
neptune,ANOMALY,81.25,HIGH
guess_passwd,NORMAL,11.63,LOW
neptune,ANOMALY,81.52,HIGH
normal,NORMAL,0.8,LOW
neptune,ANOMALY,75.39,HIGH
normal,NORMAL,0.48,LOW
normal,NORMAL,19.78,LOW
normal,NORMAL,19.81,LOW
normal,NORMAL,1.46,LOW
normal,NORMAL,2.81,LOW
normal,NORMAL,1.05,LOW
normal,NORMAL,17.8,LOW
ipsweep,ANOMALY,52.6,MEDIUM
satan,ANOMALY,92.37,HIGH
neptune,ANOMALY,86.15,HIGH
normal,NORMAL,1.94,LOW
guess_passwd,NORMAL,11.5,LOW
saint,ANOMALY,92.97,HIGH
satan,ANOMALY,70.49,HIGH
normal,NORMAL,5.5,LOW
neptune,ANOMALY,87.47,HIGH
normal,NORMAL,17.33,LOW
mailbomb,NORMAL,13.02,LOW
normal,NORMAL,6.11,LOW
processtable,NORMAL,51.25,MEDIUM
mscan,ANOMALY,73.89,HIGH
normal,NORMAL,2.99,LOW
normal,NORMAL,23.86,LOW
apache2,ANOMALY,76.38,HIGH
neptune,ANOMALY,76.47,HIGH
warezmaster,NORMAL,32.5,MEDIUM
normal,NORMAL,1.01,LOW
snmpguess,NORMAL,26.46,LOW
normal,NORMAL,2.0,LOW
normal,ANOMALY,71.99,HIGH
neptune,ANOMALY,81.74,HIGH
neptune,ANOMALY,80.52,HIGH
normal,NORMAL,0.27,LOW
warezmaster,NORMAL,37.77,MEDIUM
normal,NORMAL,1.5,LOW
back,NORMAL,16.5,LOW
neptune,ANOMALY,82.35,HIGH
smurf,NORMAL,35.86,MEDIUM
normal,NORMAL,20.51,LOW
normal,NORMAL,16.46,LOW
neptune,ANOMALY,78.64,HIGH
normal,NORMAL,49.83,MEDIUM
normal,NORMAL,1.63,LOW
mscan,ANOMALY,74.97,HIGH
normal,NORMAL,6.16,LOW
neptune,ANOMALY,73.0,HIGH
normal,NORMAL,1.38,LOW
normal,NORMAL,3.11,LOW
normal,NORMAL,8.55,LOW
warezmaster,NORMAL,31.28,MEDIUM
neptune,ANOMALY,91.05,HIGH
normal,NORMAL,1.9,LOW
apache2,ANOMALY,60.39,MEDIUM
normal,NORMAL,0.36,LOW
back,NORMAL,16.85,LOW
normal,NORMAL,1.08,LOW
normal,NORMAL,16.77,LOW
normal,NORMAL,3.72,LOW
warezmaster,NORMAL,31.91,MEDIUM
smurf,NORMAL,35.07,MEDIUM
normal,NORMAL,2.94,LOW
normal,NORMAL,1.52,LOW
mscan,ANOMALY,74.95,HIGH
mscan,ANOMALY,66.62,MEDIUM
normal,NORMAL,0.9,LOW
neptune,ANOMALY,80.84,HIGH
neptune,ANOMALY,81.52,HIGH
smurf,NORMAL,46.45,MEDIUM
normal,NORMAL,0.55,LOW
apache2,ANOMALY,74.3,HIGH
processtable,NORMAL,45.91,MEDIUM
mscan,ANOMALY,60.64,MEDIUM
apache2,ANOMALY,71.52,HIGH
guess_passwd,NORMAL,10.09,LOW
normal,NORMAL,27.5,LOW
neptune,ANOMALY,90.87,HIGH
neptune,ANOMALY,74.68,HIGH
neptune,ANOMALY,93.94,HIGH
snmpguess,NORMAL,26.67,LOW
normal,NORMAL,6.98,LOW
normal,NORMAL,1.64,LOW
warezmaster,NORMAL,32.83,MEDIUM
apache2,ANOMALY,57.86,MEDIUM
mscan,ANOMALY,79.92,HIGH
back,NORMAL,30.62,MEDIUM
warezmaster,NORMAL,17.8,LOW
satan,ANOMALY,65.26,MEDIUM
neptune,ANOMALY,81.88,HIGH
snmpgetattack,NORMAL,28.17,LOW
snmpguess,NORMAL,26.32,LOW
normal,NORMAL,4.99,LOW
normal,NORMAL,1.54,LOW
normal,NORMAL,22.7,LOW
normal,NORMAL,9.52,LOW
normal,NORMAL,1.53,LOW
normal,NORMAL,1.41,LOW
normal,NORMAL,33.86,MEDIUM
apache2,ANOMALY,54.47,MEDIUM
neptune,ANOMALY,79.98,HIGH
satan,ANOMALY,67.06,MEDIUM
neptune,ANOMALY,81.87,HIGH
guess_passwd,NORMAL,27.65,LOW
guess_passwd,NORMAL,29.4,LOW
mscan,ANOMALY,65.23,MEDIUM
mscan,ANOMALY,62.63,MEDIUM
normal,NORMAL,22.85,LOW
normal,NORMAL,20.52,LOW
normal,NORMAL,1.39,LOW
neptune,ANOMALY,84.02,HIGH
satan,ANOMALY,94.63,HIGH
normal,NORMAL,1.75,LOW
normal,NORMAL,35.38,MEDIUM
normal,NORMAL,11.0,LOW
normal,NORMAL,1.12,LOW
neptune,ANOMALY,82.34,HIGH
guess_passwd,NORMAL,10.37,LOW
normal,NORMAL,2.91,LOW
mscan,ANOMALY,74.5,HIGH
normal,NORMAL,9.31,LOW
mscan,ANOMALY,66.71,MEDIUM
warezmaster,NORMAL,42.95,MEDIUM
neptune,ANOMALY,80.99,HIGH
neptune,ANOMALY,74.83,HIGH
normal,NORMAL,0.42,LOW
neptune,ANOMALY,80.62,HIGH
normal,NORMAL,1.9,LOW
normal,NORMAL,2.72,LOW
normal,NORMAL,0.53,LOW
normal,NORMAL,30.66,MEDIUM
snmpguess,NORMAL,26.49,LOW
normal,NORMAL,22.44,LOW
normal,NORMAL,1.97,LOW
guess_passwd,NORMAL,20.15,LOW
guess_passwd,NORMAL,10.53,LOW
guess_passwd,NORMAL,11.34,LOW
apache2,ANOMALY,73.57,HIGH
normal,NORMAL,18.94,LOW
normal,NORMAL,1.15,LOW
normal,NORMAL,18.24,LOW
mailbomb,NORMAL,24.86,LOW
normal,NORMAL,35.63,MEDIUM
apache2,ANOMALY,57.32,MEDIUM
neptune,ANOMALY,87.16,HIGH
neptune,ANOMALY,81.14,HIGH
smurf,NORMAL,38.42,MEDIUM
normal,NORMAL,1.06,LOW
normal,ANOMALY,68.53,MEDIUM
normal,NORMAL,0.54,LOW
neptune,ANOMALY,76.25,HIGH
normal,NORMAL,11.44,LOW
neptune,ANOMALY,81.21,HIGH
normal,NORMAL,26.83,LOW
normal,NORMAL,39.47,MEDIUM
satan,ANOMALY,97.55,HIGH
apache2,ANOMALY,68.02,MEDIUM
mscan,ANOMALY,70.72,HIGH
normal,NORMAL,2.96,LOW
neptune,ANOMALY,80.41,HIGH
normal,NORMAL,1.86,LOW
teardrop,NORMAL,34.91,MEDIUM
mscan,ANOMALY,81.0,HIGH
neptune,ANOMALY,85.21,HIGH
httptunnel,NORMAL,33.88,MEDIUM
neptune,ANOMALY,87.47,HIGH
normal,NORMAL,4.52,LOW
ipsweep,NORMAL,51.63,MEDIUM
neptune,ANOMALY,74.6,HIGH
neptune,ANOMALY,86.02,HIGH
normal,NORMAL,1.51,LOW
mscan,ANOMALY,69.89,MEDIUM
satan,ANOMALY,66.4,MEDIUM
neptune,ANOMALY,76.15,HIGH
normal,NORMAL,0.41,LOW
normal,NORMAL,0.73,LOW
neptune,ANOMALY,81.81,HIGH
normal,NORMAL,0.89,LOW
normal,NORMAL,1.54,LOW
normal,NORMAL,2.85,LOW
warezmaster,NORMAL,33.17,MEDIUM
normal,NORMAL,0.43,LOW
neptune,ANOMALY,80.79,HIGH
satan,ANOMALY,66.43,MEDIUM
mscan,ANOMALY,77.93,HIGH
neptune,ANOMALY,85.69,HIGH
snmpguess,NORMAL,26.11,LOW
normal,NORMAL,21.64,LOW
normal,NORMAL,0.23,LOW
normal,NORMAL,10.69,LOW
normal,NORMAL,1.81,LOW
normal,NORMAL,1.34,LOW
processtable,ANOMALY,64.53,MEDIUM
neptune,ANOMALY,82.09,HIGH
normal,NORMAL,6.2,LOW
normal,NORMAL,0.23,LOW
normal,NORMAL,1.71,LOW
neptune,ANOMALY,81.09,HIGH
normal,NORMAL,2.33,LOW
neptune,ANOMALY,79.44,HIGH
normal,NORMAL,3.85,LOW
normal,NORMAL,1.35,LOW
guess_passwd,NORMAL,12.52,LOW
guess_passwd,NORMAL,9.86,LOW
guess_passwd,NORMAL,27.19,LOW
neptune,ANOMALY,85.5,HIGH
normal,ANOMALY,55.24,MEDIUM
normal,NORMAL,1.89,LOW
apache2,ANOMALY,68.1,MEDIUM
smurf,NORMAL,46.65,MEDIUM
normal,NORMAL,0.85,LOW
neptune,ANOMALY,81.81,HIGH
satan,ANOMALY,93.73,HIGH
normal,NORMAL,5.05,LOW
warezmaster,NORMAL,39.0,MEDIUM
normal,NORMAL,22.32,LOW
neptune,ANOMALY,86.48,HIGH
normal,NORMAL,0.7,LOW
normal,ANOMALY,61.52,MEDIUM
normal,NORMAL,1.13,LOW
normal,NORMAL,3.57,LOW
saint,ANOMALY,83.02,HIGH
normal,NORMAL,14.71,LOW
normal,NORMAL,1.51,LOW
neptune,ANOMALY,81.66,HIGH
normal,NORMAL,1.17,LOW
neptune,ANOMALY,81.88,HIGH
neptune,ANOMALY,81.65,HIGH
guess_passwd,NORMAL,12.75,LOW
smurf,ANOMALY,52.82,MEDIUM
normal,NORMAL,0.89,LOW
neptune,ANOMALY,78.29,HIGH
neptune,ANOMALY,87.29,HIGH
ipsweep,ANOMALY,54.94,MEDIUM
normal,NORMAL,21.64,LOW
processtable,ANOMALY,75.69,HIGH
processtable,NORMAL,49.83,MEDIUM
normal,NORMAL,25.04,LOW
mailbomb,NORMAL,28.06,LOW
mscan,ANOMALY,78.59,HIGH
guess_passwd,NORMAL,10.51,LOW
mscan,ANOMALY,82.58,HIGH
normal,NORMAL,0.78,LOW
neptune,ANOMALY,87.52,HIGH
portsweep,ANOMALY,80.49,HIGH
normal,NORMAL,4.62,LOW
neptune,ANOMALY,80.99,HIGH
normal,NORMAL,0.59,LOW
normal,NORMAL,0.67,LOW
neptune,ANOMALY,86.09,HIGH
neptune,ANOMALY,86.75,HIGH
guess_passwd,NORMAL,23.97,LOW
guess_passwd,NORMAL,28.14,LOW
back,NORMAL,31.39,MEDIUM
processtable,ANOMALY,82.5,HIGH
neptune,ANOMALY,81.06,HIGH
warezmaster,NORMAL,23.62,LOW
normal,NORMAL,35.94,MEDIUM
normal,NORMAL,4.3,LOW
normal,NORMAL,18.14,LOW
processtable,NORMAL,38.21,MEDIUM
normal,NORMAL,1.28,LOW
normal,NORMAL,3.34,LOW
neptune,ANOMALY,74.98,HIGH
portsweep,ANOMALY,69.91,MEDIUM
satan,ANOMALY,94.55,HIGH
neptune,ANOMALY,78.16,HIGH
neptune,ANOMALY,75.53,HIGH
normal,NORMAL,0.37,LOW
smurf,ANOMALY,52.04,MEDIUM
normal,NORMAL,0.41,LOW
neptune,ANOMALY,79.66,HIGH
processtable,ANOMALY,76.05,HIGH
normal,NORMAL,0.33,LOW
neptune,ANOMALY,79.74,HIGH
normal,NORMAL,29.69,LOW
normal,NORMAL,26.72,LOW
normal,NORMAL,0.26,LOW
apache2,ANOMALY,64.38,MEDIUM
smurf,NORMAL,44.64,MEDIUM
normal,NORMAL,0.43,LOW
normal,NORMAL,5.18,LOW
ipsweep,NORMAL,51.24,MEDIUM
normal,NORMAL,17.38,LOW
neptune,ANOMALY,75.97,HIGH
warezmaster,NORMAL,38.2,MEDIUM
snmpgetattack,NORMAL,26.86,LOW
normal,NORMAL,2.9,LOW
back,NORMAL,17.04,LOW
normal,NORMAL,0.74,LOW
normal,NORMAL,9.82,LOW
ipsweep,NORMAL,50.69,MEDIUM
mscan,ANOMALY,70.8,HIGH
apache2,ANOMALY,54.29,MEDIUM
normal,NORMAL,50.27,MEDIUM
portsweep,ANOMALY,80.69,HIGH
normal,NORMAL,3.51,LOW
normal,NORMAL,4.22,LOW
satan,ANOMALY,58.31,MEDIUM
smurf,NORMAL,48.7,MEDIUM
normal,NORMAL,3.95,LOW
normal,NORMAL,21.46,LOW
normal,NORMAL,0.33,LOW
normal,NORMAL,5.87,LOW
guess_passwd,NORMAL,10.76,LOW
neptune,ANOMALY,81.85,HIGH
normal,NORMAL,20.52,LOW
portsweep,ANOMALY,80.15,HIGH
neptune,ANOMALY,83.07,HIGH
buffer_overflow,NORMAL,29.62,LOW
normal,NORMAL,0.82,LOW
snmpgetattack,NORMAL,27.05,LOW
normal,NORMAL,1.7,LOW
neptune,ANOMALY,76.33,HIGH
neptune,ANOMALY,75.82,HIGH
back,NORMAL,40.34,MEDIUM
normal,NORMAL,1.95,LOW
normal,ANOMALY,53.7,MEDIUM
normal,NORMAL,3.8,LOW
processtable,NORMAL,45.47,MEDIUM
normal,NORMAL,2.36,LOW
neptune,ANOMALY,80.35,HIGH
normal,NORMAL,12.37,LOW
guess_passwd,NORMAL,10.7,LOW
normal,NORMAL,23.99,LOW
normal,NORMAL,27.42,LOW
normal,NORMAL,0.37,LOW
neptune,ANOMALY,80.25,HIGH
normal,NORMAL,1.08,LOW
normal,NORMAL,18.52,LOW
processtable,ANOMALY,76.07,HIGH
normal,NORMAL,1.05,LOW
satan,ANOMALY,84.62,HIGH
neptune,ANOMALY,86.99,HIGH
neptune,ANOMALY,82.11,HIGH
neptune,ANOMALY,75.13,HIGH
normal,NORMAL,17.89,LOW
normal,NORMAL,17.36,LOW
neptune,ANOMALY,78.56,HIGH
apache2,ANOMALY,57.68,MEDIUM
saint,NORMAL,51.1,MEDIUM
normal,NORMAL,5.14,LOW
mscan,ANOMALY,82.6,HIGH
warezmaster,NORMAL,27.51,LOW
snmpguess,NORMAL,26.41,LOW
neptune,ANOMALY,80.06,HIGH
neptune,ANOMALY,80.66,HIGH
guess_passwd,NORMAL,15.3,LOW
satan,ANOMALY,65.21,MEDIUM
normal,NORMAL,8.94,LOW
processtable,NORMAL,38.46,MEDIUM
normal,NORMAL,21.79,LOW
portsweep,ANOMALY,90.46,HIGH
mailbomb,NORMAL,19.89,LOW
normal,NORMAL,7.39,LOW
neptune,ANOMALY,80.53,HIGH
warezmaster,NORMAL,34.31,MEDIUM
normal,NORMAL,0.82,LOW
normal,NORMAL,29.73,LOW
mscan,NORMAL,49.54,MEDIUM
warezmaster,NORMAL,25.51,LOW
back,NORMAL,17.42,LOW
normal,NORMAL,20.82,LOW
normal,NORMAL,26.72,LOW
neptune,ANOMALY,83.0,HIGH
normal,NORMAL,1.38,LOW
snmpguess,NORMAL,26.46,LOW
normal,NORMAL,9.38,LOW
normal,NORMAL,1.07,LOW
apache2,ANOMALY,59.6,MEDIUM
normal,NORMAL,2.79,LOW
saint,ANOMALY,93.72,HIGH
normal,NORMAL,3.27,LOW
normal,NORMAL,24.36,LOW
normal,NORMAL,18.35,LOW
normal,NORMAL,28.06,LOW
normal,NORMAL,0.51,LOW
apache2,ANOMALY,57.76,MEDIUM
normal,NORMAL,2.21,LOW
neptune,ANOMALY,75.52,HIGH
neptune,ANOMALY,73.08,HIGH
neptune,ANOMALY,74.35,HIGH
neptune,ANOMALY,89.96,HIGH
smurf,ANOMALY,53.61,MEDIUM
normal,NORMAL,19.22,LOW
neptune,ANOMALY,81.66,HIGH
normal,NORMAL,0.97,LOW
smurf,NORMAL,44.64,MEDIUM
normal,NORMAL,0.47,LOW
normal,NORMAL,1.27,LOW
guess_passwd,NORMAL,11.58,LOW
ipsweep,NORMAL,51.56,MEDIUM
normal,NORMAL,0.51,LOW
normal,NORMAL,0.44,LOW
normal,NORMAL,20.81,LOW
normal,NORMAL,2.83,LOW
normal,NORMAL,1.55,LOW
neptune,ANOMALY,79.9,HIGH
normal,NORMAL,13.58,LOW
apache2,ANOMALY,55.11,MEDIUM
normal,NORMAL,1.05,LOW
portsweep,ANOMALY,77.34,HIGH
normal,NORMAL,39.77,MEDIUM
neptune,ANOMALY,74.46,HIGH
neptune,ANOMALY,87.14,HIGH
mscan,ANOMALY,81.49,HIGH
apache2,ANOMALY,74.84,HIGH
neptune,ANOMALY,82.06,HIGH
neptune,ANOMALY,74.62,HIGH
normal,NORMAL,2.9,LOW
apache2,ANOMALY,60.78,MEDIUM
normal,NORMAL,8.0,LOW
saint,ANOMALY,54.45,MEDIUM
apache2,ANOMALY,62.07,MEDIUM
mscan,ANOMALY,76.87,HIGH
normal,NORMAL,0.76,LOW
warezmaster,NORMAL,36.06,MEDIUM
neptune,ANOMALY,83.15,HIGH
normal,NORMAL,2.1,LOW
apache2,ANOMALY,64.32,MEDIUM
neptune,ANOMALY,75.28,HIGH
snmpguess,NORMAL,26.59,LOW
normal,NORMAL,0.56,LOW
normal,NORMAL,49.69,MEDIUM
neptune,ANOMALY,76.4,HIGH
normal,NORMAL,1.41,LOW
neptune,ANOMALY,76.11,HIGH
guess_passwd,NORMAL,21.47,LOW
neptune,ANOMALY,80.89,HIGH
ipsweep,ANOMALY,52.77,MEDIUM
neptune,ANOMALY,81.76,HIGH
warezmaster,NORMAL,15.86,LOW
neptune,ANOMALY,75.53,HIGH
saint,ANOMALY,52.36,MEDIUM
mailbomb,NORMAL,25.78,LOW
saint,ANOMALY,93.07,HIGH
normal,NORMAL,2.28,LOW
normal,NORMAL,29.04,LOW
snmpguess,NORMAL,26.44,LOW
neptune,ANOMALY,81.82,HIGH
satan,ANOMALY,93.73,HIGH
normal,NORMAL,50.48,MEDIUM
neptune,ANOMALY,80.39,HIGH
satan,ANOMALY,93.21,HIGH
normal,NORMAL,17.43,LOW
normal,NORMAL,0.59,LOW
normal,NORMAL,1.25,LOW
normal,NORMAL,1.3,LOW
normal,NORMAL,6.03,LOW
normal,ANOMALY,75.62,HIGH
normal,NORMAL,17.02,LOW
saint,ANOMALY,99.77,HIGH
neptune,ANOMALY,80.64,HIGH
normal,NORMAL,0.79,LOW
normal,NORMAL,49.65,MEDIUM
normal,NORMAL,7.92,LOW
guess_passwd,NORMAL,10.61,LOW
normal,NORMAL,16.39,LOW
neptune,ANOMALY,87.5,HIGH
normal,NORMAL,0.5,LOW
normal,NORMAL,2.21,LOW
normal,ANOMALY,71.18,HIGH
ipsweep,ANOMALY,56.31,MEDIUM
normal,NORMAL,2.57,LOW
normal,NORMAL,3.33,LOW
guess_passwd,NORMAL,15.08,LOW
normal,NORMAL,5.43,LOW
neptune,ANOMALY,82.25,HIGH
normal,NORMAL,21.0,LOW
satan,ANOMALY,95.16,HIGH
normal,NORMAL,19.19,LOW
normal,NORMAL,1.22,LOW
neptune,ANOMALY,87.07,HIGH
normal,NORMAL,0.53,LOW
mscan,ANOMALY,77.7,HIGH
normal,NORMAL,2.17,LOW
neptune,ANOMALY,78.91,HIGH
normal,NORMAL,0.66,LOW
normal,NORMAL,3.17,LOW
normal,NORMAL,10.92,LOW
satan,ANOMALY,68.19,MEDIUM
neptune,ANOMALY,73.59,HIGH
normal,NORMAL,2.46,LOW
neptune,ANOMALY,79.26,HIGH
mscan,ANOMALY,78.95,HIGH
mscan,ANOMALY,77.39,HIGH
satan,ANOMALY,95.45,HIGH
normal,NORMAL,1.01,LOW
mailbomb,NORMAL,12.86,LOW
guess_passwd,NORMAL,11.8,LOW
snmpguess,NORMAL,26.27,LOW
processtable,NORMAL,46.05,MEDIUM
neptune,ANOMALY,84.18,HIGH
normal,NORMAL,4.38,LOW
normal,NORMAL,36.39,MEDIUM
normal,NORMAL,0.85,LOW
neptune,ANOMALY,76.54,HIGH
neptune,ANOMALY,75.23,HIGH
mscan,ANOMALY,79.83,HIGH
normal,NORMAL,2.28,LOW
normal,NORMAL,20.12,LOW
neptune,ANOMALY,81.0,HIGH
mscan,ANOMALY,74.94,HIGH
neptune,ANOMALY,76.52,HIGH
normal,NORMAL,5.84,LOW
normal,NORMAL,34.47,MEDIUM
normal,NORMAL,12.04,LOW
neptune,ANOMALY,75.19,HIGH
normal,NORMAL,26.48,LOW
apache2,ANOMALY,55.32,MEDIUM
normal,NORMAL,1.49,LOW
normal,NORMAL,2.11,LOW
smurf,ANOMALY,52.57,MEDIUM
neptune,ANOMALY,87.38,HIGH
normal,NORMAL,0.26,LOW
neptune,ANOMALY,85.14,HIGH
mscan,ANOMALY,75.14,HIGH
normal,NORMAL,0.81,LOW
mailbomb,NORMAL,13.0,LOW
apache2,ANOMALY,53.15,MEDIUM
mscan,ANOMALY,81.82,HIGH
normal,NORMAL,49.67,MEDIUM
warezmaster,NORMAL,32.79,MEDIUM
neptune,ANOMALY,86.53,HIGH
normal,NORMAL,1.33,LOW
neptune,ANOMALY,80.65,HIGH
neptune,ANOMALY,84.79,HIGH
guess_passwd,NORMAL,27.34,LOW
normal,NORMAL,20.38,LOW
warezmaster,NORMAL,36.11,MEDIUM
satan,ANOMALY,94.34,HIGH
neptune,ANOMALY,75.7,HIGH
neptune,ANOMALY,75.75,HIGH
normal,NORMAL,3.51,LOW
mscan,ANOMALY,75.33,HIGH
apache2,ANOMALY,75.91,HIGH
neptune,ANOMALY,81.01,HIGH
neptune,ANOMALY,76.01,HIGH
smurf,NORMAL,36.31,MEDIUM
normal,NORMAL,21.67,LOW
neptune,ANOMALY,79.17,HIGH
guess_passwd,NORMAL,9.66,LOW
normal,NORMAL,6.79,LOW
back,NORMAL,19.46,LOW
normal,NORMAL,24.93,LOW
mailbomb,NORMAL,29.55,LOW
warezmaster,NORMAL,32.02,MEDIUM
normal,NORMAL,14.31,LOW
httptunnel,ANOMALY,62.6,MEDIUM
apache2,NORMAL,42.43,MEDIUM
normal,NORMAL,0.5,LOW
neptune,ANOMALY,82.28,HIGH
apache2,ANOMALY,62.16,MEDIUM
mailbomb,NORMAL,29.3,LOW
mscan,ANOMALY,76.58,HIGH
guess_passwd,NORMAL,9.77,LOW
snmpguess,NORMAL,26.53,LOW
neptune,ANOMALY,81.55,HIGH
mscan,ANOMALY,75.89,HIGH
normal,NORMAL,11.57,LOW
normal,NORMAL,27.12,LOW
saint,ANOMALY,94.42,HIGH
satan,ANOMALY,65.55,MEDIUM
normal,NORMAL,1.71,LOW
back,NORMAL,14.33,LOW
neptune,ANOMALY,81.62,HIGH
neptune,ANOMALY,80.85,HIGH
normal,NORMAL,2.0,LOW
normal,NORMAL,0.58,LOW
neptune,ANOMALY,85.1,HIGH
satan,ANOMALY,52.41,MEDIUM
mscan,ANOMALY,60.64,MEDIUM
neptune,ANOMALY,86.65,HIGH
neptune,ANOMALY,76.27,HIGH
normal,NORMAL,13.5,LOW
mscan,ANOMALY,66.57,MEDIUM
mailbomb,NORMAL,12.98,LOW
neptune,ANOMALY,82.05,HIGH
normal,NORMAL,26.61,LOW
saint,ANOMALY,93.8,HIGH
normal,NORMAL,1.93,LOW
apache2,ANOMALY,76.33,HIGH
normal,NORMAL,2.3,LOW
mscan,ANOMALY,54.84,MEDIUM
neptune,ANOMALY,80.86,HIGH
normal,NORMAL,0.92,LOW
normal,NORMAL,1.51,LOW
saint,ANOMALY,93.1,HIGH
warezmaster,NORMAL,34.23,MEDIUM
normal,NORMAL,15.67,LOW
processtable,NORMAL,41.2,MEDIUM
neptune,ANOMALY,81.72,HIGH
neptune,ANOMALY,78.59,HIGH
neptune,ANOMALY,82.04,HIGH
normal,NORMAL,2.33,LOW
guess_passwd,NORMAL,10.63,LOW
normal,NORMAL,4.73,LOW
neptune,ANOMALY,75.6,HIGH
normal,NORMAL,50.36,MEDIUM
warezmaster,NORMAL,28.46,LOW
neptune,ANOMALY,87.04,HIGH
normal,NORMAL,20.88,LOW
guess_passwd,NORMAL,21.79,LOW
normal,NORMAL,5.32,LOW
normal,NORMAL,0.93,LOW
normal,NORMAL,0.46,LOW
normal,NORMAL,15.0,LOW
saint,ANOMALY,57.74,MEDIUM
neptune,ANOMALY,82.44,HIGH
neptune,ANOMALY,75.17,HIGH
normal,NORMAL,1.93,LOW
warezmaster,NORMAL,30.19,MEDIUM
mscan,ANOMALY,71.65,HIGH
snmpgetattack,NORMAL,45.22,MEDIUM
normal,NORMAL,2.84,LOW
normal,NORMAL,1.89,LOW
normal,NORMAL,3.46,LOW
mscan,NORMAL,43.76,MEDIUM
normal,NORMAL,50.45,MEDIUM
smurf,NORMAL,44.1,MEDIUM
neptune,ANOMALY,79.18,HIGH
smurf,NORMAL,48.7,MEDIUM
normal,NORMAL,18.87,LOW
neptune,ANOMALY,81.19,HIGH
normal,ANOMALY,52.05,MEDIUM
normal,NORMAL,23.52,LOW
satan,ANOMALY,93.61,HIGH
normal,NORMAL,26.81,LOW
normal,NORMAL,1.64,LOW
normal,NORMAL,1.78,LOW
neptune,ANOMALY,85.63,HIGH
neptune,ANOMALY,76.11,HIGH
normal,NORMAL,18.7,LOW
normal,NORMAL,25.02,LOW
normal,NORMAL,5.35,LOW
normal,NORMAL,7.88,LOW
normal,NORMAL,2.61,LOW
warezmaster,NORMAL,35.0,MEDIUM
neptune,ANOMALY,75.4,HIGH
land,ANOMALY,76.45,HIGH
warezmaster,NORMAL,27.42,LOW
normal,NORMAL,0.27,LOW
normal,NORMAL,2.31,LOW
normal,NORMAL,0.33,LOW
snmpguess,NORMAL,26.33,LOW
normal,NORMAL,50.45,MEDIUM
normal,NORMAL,3.25,LOW
normal,NORMAL,19.41,LOW
neptune,ANOMALY,74.83,HIGH
normal,NORMAL,2.29,LOW
neptune,ANOMALY,83.93,HIGH
normal,NORMAL,9.31,LOW
normal,NORMAL,1.44,LOW
apache2,ANOMALY,77.13,HIGH
ipsweep,ANOMALY,52.75,MEDIUM
smurf,ANOMALY,54.32,MEDIUM
snmpgetattack,NORMAL,27.29,LOW
normal,NORMAL,0.84,LOW
smurf,NORMAL,50.77,MEDIUM
normal,NORMAL,50.45,MEDIUM
neptune,ANOMALY,81.72,HIGH
guess_passwd,NORMAL,21.79,LOW
normal,NORMAL,3.42,LOW
guess_passwd,NORMAL,27.67,LOW
guess_passwd,NORMAL,28.88,LOW
normal,NORMAL,3.37,LOW
satan,ANOMALY,95.27,HIGH
normal,NORMAL,0.34,LOW
guess_passwd,NORMAL,15.06,LOW
normal,NORMAL,4.33,LOW
neptune,ANOMALY,80.37,HIGH
satan,ANOMALY,98.19,HIGH
normal,NORMAL,1.5,LOW
neptune,ANOMALY,76.06,HIGH
processtable,ANOMALY,82.02,HIGH
warezmaster,NORMAL,23.44,LOW
neptune,ANOMALY,74.78,HIGH
processtable,ANOMALY,75.94,HIGH
warezmaster,NORMAL,25.86,LOW
warezmaster,NORMAL,36.8,MEDIUM
normal,NORMAL,11.92,LOW
mailbomb,NORMAL,21.78,LOW
neptune,ANOMALY,82.43,HIGH
normal,NORMAL,9.25,LOW
normal,NORMAL,1.04,LOW
guess_passwd,NORMAL,9.42,LOW
normal,NORMAL,31.01,MEDIUM
normal,NORMAL,4.04,LOW
satan,ANOMALY,95.13,HIGH
guess_passwd,NORMAL,11.63,LOW
normal,NORMAL,1.68,LOW
normal,NORMAL,5.87,LOW
normal,NORMAL,48.56,MEDIUM
neptune,ANOMALY,81.54,HIGH
neptune,ANOMALY,76.11,HIGH
satan,ANOMALY,62.93,MEDIUM
neptune,ANOMALY,81.67,HIGH
smurf,ANOMALY,52.56,MEDIUM
neptune,ANOMALY,81.23,HIGH
normal,NORMAL,2.81,LOW
normal,NORMAL,1.32,LOW
normal,ANOMALY,88.3,HIGH
back,NORMAL,18.62,LOW
snmpgetattack,NORMAL,30.69,MEDIUM
snmpguess,NORMAL,26.6,LOW
normal,NORMAL,8.21,LOW
normal,NORMAL,5.52,LOW
guess_passwd,NORMAL,48.04,MEDIUM
ipsweep,NORMAL,51.57,MEDIUM
back,NORMAL,25.95,LOW
normal,NORMAL,26.51,LOW
guess_passwd,NORMAL,10.05,LOW
normal,NORMAL,1.86,LOW
neptune,ANOMALY,82.04,HIGH
neptune,ANOMALY,85.97,HIGH
httptunnel,ANOMALY,62.26,MEDIUM
normal,NORMAL,0.43,LOW
neptune,ANOMALY,74.71,HIGH
neptune,ANOMALY,85.72,HIGH
normal,NORMAL,21.52,LOW
warezmaster,NORMAL,31.04,MEDIUM
normal,NORMAL,0.43,LOW
normal,NORMAL,1.01,LOW
neptune,ANOMALY,81.79,HIGH
normal,NORMAL,1.85,LOW
normal,NORMAL,2.24,LOW
normal,NORMAL,0.39,LOW
normal,NORMAL,5.65,LOW
neptune,ANOMALY,74.94,HIGH
satan,ANOMALY,62.94,MEDIUM
normal,NORMAL,0.47,LOW
normal,NORMAL,19.85,LOW
normal,NORMAL,5.94,LOW
satan,ANOMALY,94.16,HIGH
portsweep,ANOMALY,71.23,HIGH
neptune,ANOMALY,87.37,HIGH
processtable,NORMAL,44.4,MEDIUM
normal,NORMAL,1.06,LOW
guess_passwd,NORMAL,21.82,LOW
normal,NORMAL,1.61,LOW
guess_passwd,NORMAL,23.05,LOW
guess_passwd,NORMAL,10.45,LOW
processtable,ANOMALY,66.79,MEDIUM
processtable,NORMAL,38.01,MEDIUM
warezmaster,NORMAL,25.41,LOW
saint,ANOMALY,53.22,MEDIUM
normal,NORMAL,1.15,LOW
normal,NORMAL,18.04,LOW
back,NORMAL,17.4,LOW
mscan,ANOMALY,67.52,MEDIUM
normal,NORMAL,3.57,LOW
warezmaster,NORMAL,34.64,MEDIUM
normal,NORMAL,9.27,LOW
normal,NORMAL,26.75,LOW
normal,NORMAL,0.89,LOW
normal,NORMAL,9.46,LOW
neptune,ANOMALY,80.5,HIGH
processtable,NORMAL,50.95,MEDIUM
neptune,ANOMALY,86.81,HIGH
warezmaster,NORMAL,31.45,MEDIUM
normal,NORMAL,1.95,LOW
normal,ANOMALY,64.44,MEDIUM
guess_passwd,NORMAL,9.86,LOW
neptune,ANOMALY,80.83,HIGH
normal,NORMAL,0.92,LOW
satan,ANOMALY,92.42,HIGH
normal,NORMAL,2.13,LOW
normal,NORMAL,0.9,LOW
neptune,ANOMALY,81.85,HIGH
normal,NORMAL,26.39,LOW
normal,NORMAL,0.92,LOW
apache2,ANOMALY,57.8,MEDIUM
normal,NORMAL,2.36,LOW
neptune,ANOMALY,86.14,HIGH
satan,ANOMALY,67.05,MEDIUM
processtable,NORMAL,45.87,MEDIUM
neptune,ANOMALY,82.73,HIGH
mscan,ANOMALY,86.6,HIGH
neptune,ANOMALY,82.28,HIGH
saint,ANOMALY,53.29,MEDIUM
snmpguess,NORMAL,26.37,LOW
neptune,ANOMALY,74.21,HIGH
neptune,ANOMALY,75.3,HIGH
warezmaster,NORMAL,50.57,MEDIUM
neptune,ANOMALY,81.72,HIGH
saint,ANOMALY,92.97,HIGH
normal,NORMAL,0.79,LOW
saint,ANOMALY,94.19,HIGH
normal,NORMAL,3.25,LOW
normal,NORMAL,19.78,LOW
neptune,ANOMALY,81.46,HIGH
warezmaster,NORMAL,44.68,MEDIUM
normal,NORMAL,2.12,LOW
neptune,ANOMALY,82.09,HIGH
normal,NORMAL,9.56,LOW
neptune,ANOMALY,81.98,HIGH
neptune,ANOMALY,85.28,HIGH
neptune,ANOMALY,86.98,HIGH
neptune,ANOMALY,80.68,HIGH
normal,NORMAL,1.09,LOW
normal,NORMAL,1.58,LOW
normal,NORMAL,18.22,LOW
neptune,ANOMALY,81.24,HIGH
normal,NORMAL,0.72,LOW
normal,NORMAL,1.85,LOW
normal,NORMAL,2.26,LOW
mscan,ANOMALY,78.84,HIGH
guess_passwd,NORMAL,10.76,LOW
normal,NORMAL,16.84,LOW
mscan,ANOMALY,79.11,HIGH
normal,NORMAL,11.63,LOW
neptune,ANOMALY,76.34,HIGH
satan,ANOMALY,66.01,MEDIUM
neptune,ANOMALY,76.03,HIGH
neptune,ANOMALY,81.3,HIGH
normal,NORMAL,1.05,LOW
normal,NORMAL,0.43,LOW
normal,NORMAL,13.1,LOW
neptune,ANOMALY,80.32,HIGH
snmpguess,NORMAL,26.75,LOW
back,NORMAL,16.95,LOW
normal,NORMAL,0.28,LOW
neptune,ANOMALY,85.27,HIGH
warezmaster,NORMAL,33.1,MEDIUM
warezmaster,NORMAL,25.94,LOW
normal,NORMAL,19.44,LOW
normal,NORMAL,0.67,LOW
warezmaster,NORMAL,31.19,MEDIUM
neptune,ANOMALY,85.49,HIGH
neptune,ANOMALY,80.6,HIGH
normal,NORMAL,46.76,MEDIUM
mscan,NORMAL,43.72,MEDIUM
normal,NORMAL,26.7,LOW
normal,NORMAL,0.24,LOW
mscan,ANOMALY,69.04,MEDIUM
normal,NORMAL,0.24,LOW
httptunnel,NORMAL,40.76,MEDIUM
normal,NORMAL,0.27,LOW
normal,NORMAL,17.95,LOW
normal,NORMAL,29.3,LOW
warezmaster,NORMAL,24.9,LOW
neptune,ANOMALY,86.25,HIGH
neptune,ANOMALY,76.73,HIGH
neptune,ANOMALY,81.31,HIGH
normal,NORMAL,4.97,LOW
mscan,ANOMALY,80.31,HIGH
saint,ANOMALY,93.69,HIGH
satan,ANOMALY,95.18,HIGH
normal,NORMAL,1.72,LOW
normal,NORMAL,3.04,LOW
normal,NORMAL,24.77,LOW
normal,ANOMALY,66.84,MEDIUM
neptune,ANOMALY,87.25,HIGH
normal,NORMAL,7.97,LOW
portsweep,ANOMALY,85.38,HIGH
normal,ANOMALY,63.73,MEDIUM
guess_passwd,NORMAL,10.03,LOW
normal,NORMAL,2.56,LOW
neptune,ANOMALY,81.04,HIGH
neptune,ANOMALY,82.99,HIGH
apache2,ANOMALY,76.68,HIGH
normal,NORMAL,11.54,LOW
guess_passwd,NORMAL,28.99,LOW
neptune,ANOMALY,82.45,HIGH
mailbomb,NORMAL,21.12,LOW
snmpguess,NORMAL,26.36,LOW
neptune,ANOMALY,82.15,HIGH
apache2,ANOMALY,56.88,MEDIUM
neptune,ANOMALY,75.76,HIGH
neptune,ANOMALY,80.29,HIGH
satan,ANOMALY,93.43,HIGH
normal,NORMAL,2.44,LOW
neptune,ANOMALY,76.49,HIGH
warezmaster,NORMAL,25.18,LOW
mscan,ANOMALY,75.81,HIGH
neptune,ANOMALY,92.53,HIGH
normal,NORMAL,7.99,LOW
normal,NORMAL,36.53,MEDIUM
mscan,ANOMALY,75.61,HIGH
normal,NORMAL,11.32,LOW
neptune,ANOMALY,76.54,HIGH
normal,NORMAL,2.84,LOW
neptune,ANOMALY,74.36,HIGH
normal,NORMAL,4.1,LOW
smurf,NORMAL,51.32,MEDIUM
normal,NORMAL,1.99,LOW
neptune,ANOMALY,82.45,HIGH
mscan,ANOMALY,79.94,HIGH
neptune,ANOMALY,80.73,HIGH
normal,NORMAL,3.69,LOW
satan,ANOMALY,95.21,HIGH
portsweep,ANOMALY,87.31,HIGH
neptune,ANOMALY,80.52,HIGH
normal,NORMAL,6.63,LOW
saint,ANOMALY,98.38,HIGH
normal,NORMAL,2.17,LOW
normal,NORMAL,6.04,LOW
normal,NORMAL,13.21,LOW
neptune,ANOMALY,80.39,HIGH
normal,NORMAL,1.12,LOW
normal,NORMAL,0.95,LOW
neptune,ANOMALY,87.98,HIGH
normal,NORMAL,13.78,LOW
normal,NORMAL,1.19,LOW
smurf,NORMAL,38.92,MEDIUM
neptune,ANOMALY,80.53,HIGH
neptune,ANOMALY,75.33,HIGH
snmpgetattack,NORMAL,27.23,LOW
normal,NORMAL,4.61,LOW
normal,NORMAL,6.07,LOW
normal,NORMAL,21.07,LOW
normal,NORMAL,1.69,LOW
normal,NORMAL,0.53,LOW
normal,NORMAL,27.04,LOW
normal,NORMAL,24.97,LOW
normal,NORMAL,0.21,LOW
mscan,NORMAL,36.13,MEDIUM
neptune,ANOMALY,86.85,HIGH
normal,NORMAL,2.48,LOW
normal,NORMAL,0.97,LOW
normal,NORMAL,1.36,LOW
normal,NORMAL,4.64,LOW
neptune,ANOMALY,86.57,HIGH
normal,NORMAL,10.56,LOW
named,NORMAL,44.47,MEDIUM
normal,NORMAL,0.62,LOW
normal,NORMAL,16.41,LOW
neptune,ANOMALY,81.91,HIGH
snmpguess,NORMAL,26.41,LOW
normal,NORMAL,2.61,LOW
normal,NORMAL,22.07,LOW
mscan,ANOMALY,80.96,HIGH
portsweep,ANOMALY,73.85,HIGH
normal,NORMAL,1.17,LOW
normal,NORMAL,21.77,LOW
snmpgetattack,NORMAL,26.82,LOW
satan,ANOMALY,91.77,HIGH
processtable,NORMAL,45.92,MEDIUM
mscan,ANOMALY,66.36,MEDIUM
mscan,ANOMALY,64.32,MEDIUM
normal,NORMAL,9.33,LOW
satan,ANOMALY,92.81,HIGH
mscan,ANOMALY,72.69,HIGH
nmap,ANOMALY,82.44,HIGH
normal,ANOMALY,63.66,MEDIUM
warezmaster,NORMAL,28.48,LOW
normal,NORMAL,0.32,LOW
normal,NORMAL,6.97,LOW
neptune,ANOMALY,79.31,HIGH
normal,NORMAL,1.45,LOW
warezmaster,NORMAL,31.95,MEDIUM
neptune,ANOMALY,82.4,HIGH
neptune,ANOMALY,78.37,HIGH
neptune,ANOMALY,73.62,HIGH
warezmaster,NORMAL,27.86,LOW
normal,NORMAL,35.06,MEDIUM
normal,NORMAL,4.39,LOW
normal,NORMAL,34.83,MEDIUM
mailbomb,NORMAL,28.15,LOW
processtable,ANOMALY,56.14,MEDIUM
neptune,ANOMALY,82.11,HIGH
normal,NORMAL,1.17,LOW
warezmaster,NORMAL,23.3,LOW
normal,NORMAL,0.42,LOW
mscan,ANOMALY,77.11,HIGH
normal,NORMAL,0.45,LOW
apache2,ANOMALY,61.62,MEDIUM
guess_passwd,NORMAL,10.46,LOW
normal,NORMAL,0.0,LOW
guess_passwd,NORMAL,9.93,LOW
normal,NORMAL,24.94,LOW
back,NORMAL,42.77,MEDIUM
normal,NORMAL,29.35,LOW
neptune,ANOMALY,81.94,HIGH
warezmaster,NORMAL,29.64,LOW
normal,NORMAL,0.59,LOW
normal,NORMAL,20.54,LOW
neptune,ANOMALY,79.82,HIGH
normal,NORMAL,4.11,LOW
normal,NORMAL,1.88,LOW
portsweep,ANOMALY,80.17,HIGH
normal,NORMAL,2.92,LOW
processtable,ANOMALY,76.45,HIGH
satan,ANOMALY,98.83,HIGH
neptune,ANOMALY,82.12,HIGH
neptune,ANOMALY,81.77,HIGH
mscan,NORMAL,49.11,MEDIUM
normal,NORMAL,2.09,LOW
normal,NORMAL,17.43,LOW
smurf,NORMAL,43.33,MEDIUM
smurf,NORMAL,48.62,MEDIUM
normal,NORMAL,2.62,LOW
normal,NORMAL,2.63,LOW
normal,NORMAL,2.18,LOW
guess_passwd,NORMAL,9.41,LOW
smurf,NORMAL,40.15,MEDIUM
satan,ANOMALY,95.45,HIGH
normal,NORMAL,20.97,LOW
smurf,NORMAL,45.46,MEDIUM
guess_passwd,NORMAL,19.62,LOW
neptune,ANOMALY,76.43,HIGH
normal,ANOMALY,65.46,MEDIUM
normal,NORMAL,5.93,LOW
guess_passwd,NORMAL,9.29,LOW
normal,NORMAL,1.08,LOW
snmpguess,NORMAL,26.45,LOW
normal,NORMAL,0.52,LOW
neptune,ANOMALY,86.94,HIGH
normal,NORMAL,0.87,LOW
warezmaster,NORMAL,23.81,LOW
neptune,ANOMALY,82.02,HIGH
neptune,ANOMALY,79.41,HIGH
httptunnel,ANOMALY,62.5,MEDIUM
satan,ANOMALY,63.94,MEDIUM
normal,NORMAL,6.24,LOW
guess_passwd,NORMAL,9.32,LOW
normal,ANOMALY,61.69,MEDIUM
normal,NORMAL,7.1,LOW
neptune,ANOMALY,80.68,HIGH
neptune,ANOMALY,87.03,HIGH
mscan,ANOMALY,80.1,HIGH
mailbomb,NORMAL,22.95,LOW
neptune,ANOMALY,77.15,HIGH
normal,NORMAL,29.62,LOW
normal,ANOMALY,73.57,HIGH
mscan,ANOMALY,74.41,HIGH
satan,ANOMALY,69.34,MEDIUM
normal,NORMAL,1.39,LOW
neptune,ANOMALY,86.68,HIGH
normal,NORMAL,12.43,LOW
warezmaster,ANOMALY,53.54,MEDIUM
normal,NORMAL,2.43,LOW
neptune,ANOMALY,86.85,HIGH
neptune,ANOMALY,81.19,HIGH
neptune,ANOMALY,81.84,HIGH
normal,NORMAL,18.74,LOW
back,NORMAL,17.05,LOW
normal,NORMAL,0.48,LOW
guess_passwd,NORMAL,23.46,LOW
warezmaster,NORMAL,27.33,LOW
neptune,ANOMALY,75.77,HIGH
processtable,ANOMALY,56.61,MEDIUM
normal,NORMAL,15.18,LOW
neptune,ANOMALY,80.39,HIGH
normal,NORMAL,1.54,LOW
normal,NORMAL,2.2,LOW
normal,NORMAL,0.62,LOW
neptune,ANOMALY,77.61,HIGH
saint,ANOMALY,93.21,HIGH
neptune,ANOMALY,87.02,HIGH
normal,NORMAL,4.65,LOW
mscan,ANOMALY,82.62,HIGH
guess_passwd,NORMAL,21.78,LOW
mscan,ANOMALY,80.89,HIGH
normal,NORMAL,1.47,LOW
normal,NORMAL,0.93,LOW
ipsweep,ANOMALY,51.75,MEDIUM
neptune,ANOMALY,82.27,HIGH
guess_passwd,NORMAL,10.68,LOW
normal,NORMAL,2.6,LOW
neptune,ANOMALY,85.47,HIGH
snmpguess,NORMAL,26.54,LOW
normal,NORMAL,0.47,LOW
snmpgetattack,NORMAL,26.72,LOW
neptune,ANOMALY,80.67,HIGH
normal,NORMAL,3.23,LOW
smurf,ANOMALY,52.82,MEDIUM
normal,NORMAL,3.38,LOW
snmpgetattack,NORMAL,26.5,LOW
normal,ANOMALY,52.28,MEDIUM
smurf,NORMAL,41.28,MEDIUM
snmpguess,NORMAL,26.2,LOW
normal,NORMAL,1.82,LOW
neptune,ANOMALY,81.81,HIGH
normal,NORMAL,18.74,LOW
neptune,ANOMALY,76.45,HIGH
normal,NORMAL,0.4,LOW
normal,NORMAL,6.8,LOW
snmpgetattack,NORMAL,26.93,LOW
normal,NORMAL,24.93,LOW
warezmaster,NORMAL,32.67,MEDIUM
saint,ANOMALY,93.2,HIGH
neptune,ANOMALY,87.13,HIGH
normal,NORMAL,1.52,LOW
neptune,ANOMALY,80.57,HIGH
neptune,ANOMALY,87.03,HIGH
processtable,NORMAL,47.13,MEDIUM
ipsweep,ANOMALY,52.74,MEDIUM
neptune,ANOMALY,87.29,HIGH
normal,NORMAL,5.18,LOW
neptune,ANOMALY,78.22,HIGH
guess_passwd,NORMAL,9.94,LOW
mscan,ANOMALY,79.19,HIGH
warezmaster,NORMAL,34.48,MEDIUM
mscan,ANOMALY,70.33,HIGH
apache2,ANOMALY,60.94,MEDIUM
normal,NORMAL,11.01,LOW
apache2,ANOMALY,59.23,MEDIUM
normal,NORMAL,0.94,LOW
neptune,ANOMALY,85.13,HIGH
neptune,ANOMALY,75.43,HIGH
neptune,ANOMALY,73.23,HIGH
normal,NORMAL,49.72,MEDIUM
processtable,NORMAL,41.4,MEDIUM
normal,NORMAL,0.63,LOW
neptune,ANOMALY,82.56,HIGH
normal,NORMAL,28.33,LOW
smurf,ANOMALY,52.82,MEDIUM
neptune,ANOMALY,76.62,HIGH
back,NORMAL,34.1,MEDIUM
neptune,ANOMALY,81.28,HIGH
normal,NORMAL,49.62,MEDIUM
guess_passwd,NORMAL,9.2,LOW
back,NORMAL,24.15,LOW
smurf,NORMAL,50.5,MEDIUM
neptune,ANOMALY,76.67,HIGH
normal,NORMAL,13.39,LOW
portsweep,ANOMALY,72.6,HIGH
neptune,ANOMALY,82.23,HIGH
normal,NORMAL,49.62,MEDIUM
neptune,ANOMALY,76.19,HIGH
warezmaster,NORMAL,43.72,MEDIUM
normal,NORMAL,18.03,LOW
normal,NORMAL,0.44,LOW
normal,NORMAL,49.72,MEDIUM
normal,NORMAL,2.3,LOW
normal,NORMAL,8.16,LOW
normal,NORMAL,49.69,MEDIUM
neptune,ANOMALY,87.34,HIGH
neptune,ANOMALY,85.72,HIGH
normal,NORMAL,13.6,LOW
normal,NORMAL,28.16,LOW
mscan,ANOMALY,78.82,HIGH
satan,ANOMALY,93.91,HIGH
normal,NORMAL,28.92,LOW
mailbomb,NORMAL,24.98,LOW
processtable,ANOMALY,75.89,HIGH
normal,NORMAL,3.15,LOW
mscan,ANOMALY,69.4,MEDIUM
neptune,ANOMALY,82.36,HIGH
normal,NORMAL,2.35,LOW
neptune,ANOMALY,75.5,HIGH
normal,ANOMALY,56.89,MEDIUM
apache2,NORMAL,45.47,MEDIUM
normal,NORMAL,1.37,LOW
processtable,NORMAL,51.59,MEDIUM
neptune,ANOMALY,82.57,HIGH
neptune,ANOMALY,76.11,HIGH
normal,NORMAL,3.54,LOW
normal,NORMAL,2.2,LOW
back,NORMAL,16.93,LOW
back,NORMAL,41.03,MEDIUM
guess_passwd,NORMAL,11.0,LOW
mscan,ANOMALY,79.32,HIGH
normal,NORMAL,1.66,LOW
normal,NORMAL,0.43,LOW
guess_passwd,NORMAL,10.23,LOW
normal,NORMAL,49.62,MEDIUM
normal,NORMAL,4.43,LOW
neptune,ANOMALY,80.59,HIGH
neptune,ANOMALY,80.51,HIGH
smurf,ANOMALY,54.19,MEDIUM
apache2,ANOMALY,55.57,MEDIUM
neptune,ANOMALY,92.97,HIGH
neptune,ANOMALY,80.39,HIGH
apache2,NORMAL,48.73,MEDIUM
guess_passwd,NORMAL,27.85,LOW
normal,NORMAL,35.91,MEDIUM
portsweep,ANOMALY,79.6,HIGH
neptune,ANOMALY,82.54,HIGH
neptune,ANOMALY,74.36,HIGH
normal,NORMAL,1.15,LOW
back,NORMAL,16.44,LOW
normal,NORMAL,22.36,LOW
normal,NORMAL,22.25,LOW
neptune,ANOMALY,87.3,HIGH
normal,NORMAL,4.0,LOW
normal,NORMAL,7.43,LOW
mscan,ANOMALY,77.92,HIGH
saint,ANOMALY,93.22,HIGH
normal,NORMAL,7.55,LOW
normal,NORMAL,0.47,LOW
neptune,ANOMALY,77.09,HIGH
nmap,ANOMALY,82.96,HIGH
normal,NORMAL,2.73,LOW
normal,NORMAL,2.13,LOW
neptune,ANOMALY,74.82,HIGH
mscan,ANOMALY,75.93,HIGH
saint,ANOMALY,93.46,HIGH
neptune,ANOMALY,74.75,HIGH
normal,NORMAL,26.63,LOW
mscan,ANOMALY,64.02,MEDIUM
normal,NORMAL,3.67,LOW
guess_passwd,NORMAL,11.14,LOW
processtable,NORMAL,51.69,MEDIUM
satan,ANOMALY,67.48,MEDIUM
normal,NORMAL,0.66,LOW
normal,NORMAL,21.98,LOW
neptune,ANOMALY,81.85,HIGH
normal,NORMAL,19.41,LOW
neptune,ANOMALY,83.64,HIGH
neptune,ANOMALY,74.53,HIGH
mscan,ANOMALY,65.32,MEDIUM
processtable,ANOMALY,80.57,HIGH
normal,NORMAL,3.1,LOW
normal,NORMAL,0.53,LOW
normal,ANOMALY,66.64,MEDIUM
normal,NORMAL,0.58,LOW
normal,NORMAL,16.54,LOW
apache2,ANOMALY,57.31,MEDIUM
neptune,ANOMALY,82.06,HIGH
normal,NORMAL,2.65,LOW
normal,NORMAL,1.59,LOW
neptune,ANOMALY,91.79,HIGH
normal,ANOMALY,68.03,MEDIUM
satan,ANOMALY,98.85,HIGH
apache2,ANOMALY,63.43,MEDIUM
normal,NORMAL,0.46,LOW
smurf,NORMAL,49.55,MEDIUM
neptune,ANOMALY,83.71,HIGH
snmpguess,NORMAL,26.59,LOW
mailbomb,NORMAL,18.36,LOW
normal,NORMAL,0.68,LOW
snmpguess,NORMAL,26.71,LOW
mscan,ANOMALY,67.45,MEDIUM
processtable,NORMAL,42.9,MEDIUM
neptune,ANOMALY,81.91,HIGH
normal,NORMAL,2.73,LOW
apache2,ANOMALY,58.03,MEDIUM
normal,NORMAL,1.22,LOW
normal,NORMAL,2.58,LOW
warezmaster,NORMAL,35.61,MEDIUM
neptune,ANOMALY,81.26,HIGH
smurf,NORMAL,51.74,MEDIUM
normal,NORMAL,35.75,MEDIUM
ipsweep,NORMAL,51.71,MEDIUM
neptune,ANOMALY,78.17,HIGH
neptune,ANOMALY,82.11,HIGH
normal,NORMAL,26.63,LOW
snmpguess,NORMAL,26.35,LOW
normal,NORMAL,18.22,LOW
neptune,ANOMALY,83.18,HIGH
normal,NORMAL,1.57,LOW
normal,NORMAL,16.41,LOW
guess_passwd,NORMAL,9.46,LOW
mscan,ANOMALY,75.33,HIGH
normal,NORMAL,3.12,LOW
guess_passwd,NORMAL,9.4,LOW
mscan,ANOMALY,72.38,HIGH
neptune,ANOMALY,81.24,HIGH
warezmaster,NORMAL,39.01,MEDIUM
normal,NORMAL,4.85,LOW
neptune,ANOMALY,70.67,HIGH
processtable,ANOMALY,55.98,MEDIUM
snmpguess,NORMAL,26.41,LOW
apache2,ANOMALY,55.33,MEDIUM
normal,NORMAL,0.46,LOW
processtable,NORMAL,43.61,MEDIUM
apache2,ANOMALY,59.98,MEDIUM
normal,NORMAL,1.37,LOW
neptune,ANOMALY,86.72,HIGH
satan,ANOMALY,92.5,HIGH
neptune,ANOMALY,74.97,HIGH
neptune,ANOMALY,80.99,HIGH
processtable,ANOMALY,63.95,MEDIUM
normal,NORMAL,35.02,MEDIUM
normal,NORMAL,2.42,LOW
normal,NORMAL,0.52,LOW
guess_passwd,NORMAL,27.44,LOW
normal,NORMAL,9.88,LOW
neptune,ANOMALY,75.7,HIGH
normal,NORMAL,2.98,LOW
smurf,NORMAL,41.91,MEDIUM
back,NORMAL,18.42,LOW
normal,NORMAL,49.69,MEDIUM
normal,NORMAL,28.1,LOW
neptune,ANOMALY,85.96,HIGH
neptune,ANOMALY,86.25,HIGH
guess_passwd,NORMAL,21.7,LOW
processtable,ANOMALY,56.68,MEDIUM
guess_passwd,NORMAL,21.79,LOW
neptune,ANOMALY,80.47,HIGH
normal,NORMAL,0.32,LOW
smurf,ANOMALY,51.97,MEDIUM
snmpgetattack,NORMAL,26.99,LOW
satan,ANOMALY,65.36,MEDIUM
normal,NORMAL,0.33,LOW
apache2,ANOMALY,57.83,MEDIUM
neptune,ANOMALY,75.04,HIGH
normal,NORMAL,25.29,LOW
normal,NORMAL,0.41,LOW
back,NORMAL,10.55,LOW
guess_passwd,NORMAL,9.37,LOW
normal,NORMAL,0.98,LOW
httptunnel,NORMAL,45.84,MEDIUM
warezmaster,NORMAL,26.19,LOW
normal,NORMAL,0.98,LOW
neptune,ANOMALY,80.82,HIGH
mscan,ANOMALY,76.95,HIGH
apache2,ANOMALY,77.22,HIGH
httptunnel,ANOMALY,61.29,MEDIUM
normal,NORMAL,42.05,MEDIUM
normal,NORMAL,1.01,LOW
normal,NORMAL,1.26,LOW
smurf,NORMAL,49.77,MEDIUM
normal,NORMAL,2.66,LOW
smurf,ANOMALY,52.19,MEDIUM
back,NORMAL,15.36,LOW
normal,NORMAL,4.44,LOW
normal,NORMAL,20.66,LOW
processtable,NORMAL,45.91,MEDIUM
normal,NORMAL,2.7,LOW
normal,NORMAL,2.02,LOW
snmpguess,NORMAL,26.2,LOW
neptune,ANOMALY,80.0,HIGH
normal,NORMAL,1.95,LOW
normal,NORMAL,0.25,LOW
normal,NORMAL,15.77,LOW
neptune,ANOMALY,76.87,HIGH
mailbomb,NORMAL,24.9,LOW
smurf,ANOMALY,52.19,MEDIUM
satan,ANOMALY,67.29,MEDIUM
normal,NORMAL,0.94,LOW
normal,NORMAL,1.28,LOW
neptune,ANOMALY,79.57,HIGH
mailbomb,NORMAL,31.71,MEDIUM
neptune,ANOMALY,80.46,HIGH
normal,NORMAL,50.56,MEDIUM
normal,NORMAL,5.67,LOW
neptune,ANOMALY,82.4,HIGH
normal,NORMAL,39.31,MEDIUM
normal,NORMAL,13.07,LOW
normal,NORMAL,16.45,LOW
portsweep,ANOMALY,76.23,HIGH
neptune,ANOMALY,81.81,HIGH
normal,NORMAL,4.36,LOW
neptune,ANOMALY,86.67,HIGH
smurf,ANOMALY,58.54,MEDIUM
mscan,ANOMALY,76.96,HIGH
normal,NORMAL,2.4,LOW
processtable,NORMAL,40.29,MEDIUM
portsweep,NORMAL,44.29,MEDIUM
back,NORMAL,14.53,LOW
neptune,ANOMALY,75.77,HIGH
normal,NORMAL,22.71,LOW
normal,NORMAL,23.86,LOW
normal,NORMAL,1.6,LOW
neptune,ANOMALY,83.77,HIGH
mscan,NORMAL,41.29,MEDIUM
normal,NORMAL,1.78,LOW
back,NORMAL,23.42,LOW
normal,NORMAL,1.38,LOW
guess_passwd,NORMAL,20.3,LOW
neptune,ANOMALY,79.2,HIGH
mscan,ANOMALY,78.84,HIGH
smurf,NORMAL,41.07,MEDIUM
normal,NORMAL,49.62,MEDIUM
normal,NORMAL,19.59,LOW
normal,NORMAL,1.36,LOW
normal,NORMAL,18.85,LOW
normal,NORMAL,15.75,LOW
normal,NORMAL,2.09,LOW
smurf,NORMAL,35.5,MEDIUM
processtable,ANOMALY,55.21,MEDIUM
neptune,ANOMALY,81.32,HIGH
guess_passwd,NORMAL,28.52,LOW
normal,NORMAL,43.89,MEDIUM
normal,NORMAL,1.99,LOW
normal,NORMAL,1.78,LOW
guess_passwd,NORMAL,20.72,LOW
neptune,ANOMALY,74.96,HIGH
ipsweep,ANOMALY,51.75,MEDIUM
satan,ANOMALY,53.89,MEDIUM
normal,NORMAL,39.23,MEDIUM
normal,NORMAL,44.83,MEDIUM
neptune,ANOMALY,82.2,HIGH
mscan,ANOMALY,80.87,HIGH
normal,NORMAL,33.8,MEDIUM
normal,NORMAL,0.82,LOW
nmap,ANOMALY,81.95,HIGH
normal,NORMAL,29.04,LOW
normal,NORMAL,32.27,MEDIUM
smurf,ANOMALY,53.62,MEDIUM
neptune,ANOMALY,80.78,HIGH
normal,ANOMALY,63.16,MEDIUM
normal,NORMAL,1.49,LOW
normal,NORMAL,29.57,LOW
normal,NORMAL,1.94,LOW
satan,ANOMALY,66.96,MEDIUM
normal,NORMAL,2.16,LOW
normal,NORMAL,0.38,LOW
warezmaster,NORMAL,33.56,MEDIUM
neptune,ANOMALY,81.37,HIGH
normal,NORMAL,39.72,MEDIUM
neptune,ANOMALY,76.56,HIGH
normal,NORMAL,2.23,LOW
apache2,ANOMALY,75.32,HIGH
neptune,ANOMALY,81.39,HIGH
processtable,ANOMALY,66.87,MEDIUM
normal,NORMAL,5.69,LOW
normal,NORMAL,0.53,LOW
back,NORMAL,15.3,LOW
back,NORMAL,18.07,LOW
apache2,ANOMALY,66.19,MEDIUM
normal,NORMAL,0.85,LOW
guess_passwd,NORMAL,9.29,LOW
normal,NORMAL,16.43,LOW
normal,NORMAL,49.63,MEDIUM
neptune,ANOMALY,82.66,HIGH
normal,NORMAL,18.1,LOW
normal,NORMAL,0.26,LOW
guess_passwd,NORMAL,11.24,LOW
guess_passwd,NORMAL,11.75,LOW
neptune,ANOMALY,87.35,HIGH
normal,NORMAL,45.14,MEDIUM
neptune,ANOMALY,81.81,HIGH
normal,NORMAL,16.98,LOW
normal,NORMAL,0.26,LOW
normal,NORMAL,1.02,LOW
portsweep,ANOMALY,77.05,HIGH
neptune,ANOMALY,78.6,HIGH
neptune,ANOMALY,78.74,HIGH
guess_passwd,NORMAL,27.38,LOW
saint,ANOMALY,93.07,HIGH
neptune,ANOMALY,75.43,HIGH
neptune,ANOMALY,79.01,HIGH
processtable,NORMAL,46.01,MEDIUM
normal,NORMAL,21.2,LOW
smurf,ANOMALY,52.82,MEDIUM
normal,NORMAL,1.48,LOW
normal,NORMAL,1.86,LOW
mscan,ANOMALY,70.85,HIGH
neptune,ANOMALY,80.42,HIGH
neptune,ANOMALY,81.73,HIGH
neptune,ANOMALY,80.41,HIGH
normal,NORMAL,49.96,MEDIUM
normal,NORMAL,3.56,LOW
apache2,ANOMALY,59.12,MEDIUM
satan,ANOMALY,65.02,MEDIUM
normal,ANOMALY,54.73,MEDIUM
normal,NORMAL,0.7,LOW
normal,NORMAL,0.6,LOW
normal,NORMAL,3.13,LOW
neptune,ANOMALY,79.08,HIGH
neptune,ANOMALY,86.8,HIGH
processtable,NORMAL,45.21,MEDIUM
neptune,ANOMALY,75.48,HIGH
guess_passwd,NORMAL,14.51,LOW
neptune,ANOMALY,79.06,HIGH
normal,NORMAL,5.09,LOW
processtable,NORMAL,38.94,MEDIUM
guess_passwd,NORMAL,15.3,LOW
processtable,NORMAL,45.87,MEDIUM
normal,NORMAL,41.41,MEDIUM
mailbomb,NORMAL,28.47,LOW
normal,NORMAL,4.99,LOW
normal,NORMAL,2.91,LOW
normal,NORMAL,3.71,LOW
normal,NORMAL,0.63,LOW
warezmaster,ANOMALY,52.53,MEDIUM
satan,ANOMALY,61.09,MEDIUM
neptune,ANOMALY,88.87,HIGH
saint,ANOMALY,55.44,MEDIUM
normal,NORMAL,2.54,LOW
smurf,NORMAL,47.58,MEDIUM
normal,NORMAL,9.17,LOW
neptune,ANOMALY,80.85,HIGH
multihop,NORMAL,25.94,LOW
neptune,ANOMALY,85.41,HIGH
named,NORMAL,18.49,LOW
normal,NORMAL,25.86,LOW
normal,NORMAL,1.21,LOW
warezmaster,NORMAL,33.96,MEDIUM
satan,ANOMALY,92.13,HIGH
neptune,ANOMALY,81.28,HIGH
normal,NORMAL,2.49,LOW
neptune,ANOMALY,71.24,HIGH
normal,NORMAL,1.28,LOW
normal,NORMAL,1.44,LOW
neptune,ANOMALY,81.16,HIGH
neptune,ANOMALY,80.22,HIGH
normal,NORMAL,1.46,LOW
neptune,ANOMALY,85.62,HIGH
neptune,ANOMALY,75.53,HIGH
mscan,ANOMALY,80.05,HIGH
neptune,ANOMALY,81.04,HIGH
neptune,ANOMALY,76.2,HIGH
neptune,ANOMALY,85.33,HIGH
normal,NORMAL,21.0,LOW
normal,NORMAL,3.29,LOW
normal,NORMAL,3.17,LOW
normal,NORMAL,1.65,LOW
mscan,ANOMALY,77.48,HIGH
normal,NORMAL,31.59,MEDIUM
guess_passwd,NORMAL,29.25,LOW
normal,NORMAL,0.23,LOW
mscan,ANOMALY,85.18,HIGH
saint,ANOMALY,93.69,HIGH
processtable,NORMAL,46.24,MEDIUM
normal,NORMAL,0.3,LOW
neptune,ANOMALY,76.02,HIGH
neptune,ANOMALY,85.42,HIGH
normal,NORMAL,1.57,LOW
processtable,NORMAL,50.24,MEDIUM
normal,NORMAL,4.92,LOW
normal,ANOMALY,63.33,MEDIUM
portsweep,ANOMALY,66.4,MEDIUM
normal,NORMAL,40.17,MEDIUM
normal,NORMAL,19.74,LOW
normal,NORMAL,6.28,LOW
normal,NORMAL,5.58,LOW
back,NORMAL,17.36,LOW
normal,NORMAL,14.9,LOW
normal,NORMAL,50.05,MEDIUM
satan,ANOMALY,62.06,MEDIUM
normal,NORMAL,16.95,LOW
normal,NORMAL,14.39,LOW
normal,NORMAL,18.13,LOW
warezmaster,NORMAL,31.04,MEDIUM
satan,ANOMALY,95.16,HIGH
processtable,NORMAL,49.57,MEDIUM
normal,NORMAL,0.62,LOW
normal,NORMAL,51.67,MEDIUM
warezmaster,NORMAL,37.68,MEDIUM
snmpguess,NORMAL,26.46,LOW
normal,NORMAL,2.48,LOW
neptune,ANOMALY,75.95,HIGH
normal,NORMAL,43.69,MEDIUM
normal,NORMAL,49.72,MEDIUM
back,NORMAL,18.33,LOW
mscan,ANOMALY,77.92,HIGH
normal,NORMAL,0.77,LOW
neptune,ANOMALY,81.81,HIGH
normal,NORMAL,50.11,MEDIUM
normal,NORMAL,24.58,LOW
neptune,ANOMALY,81.18,HIGH
snmpguess,NORMAL,26.32,LOW
normal,ANOMALY,61.63,MEDIUM
warezmaster,NORMAL,29.45,LOW
normal,NORMAL,1.92,LOW
neptune,ANOMALY,79.98,HIGH
normal,NORMAL,29.96,LOW
processtable,NORMAL,46.34,MEDIUM
normal,NORMAL,1.51,LOW
normal,NORMAL,26.39,LOW
processtable,NORMAL,51.25,MEDIUM
normal,NORMAL,2.69,LOW
normal,NORMAL,17.88,LOW
guess_passwd,NORMAL,9.92,LOW
guess_passwd,ANOMALY,68.97,MEDIUM
neptune,ANOMALY,83.06,HIGH
normal,NORMAL,13.17,LOW
neptune,ANOMALY,86.96,HIGH
normal,NORMAL,1.47,LOW
guess_passwd,NORMAL,11.16,LOW
neptune,ANOMALY,82.11,HIGH
neptune,ANOMALY,86.98,HIGH
normal,ANOMALY,62.25,MEDIUM
normal,NORMAL,1.42,LOW
normal,NORMAL,1.53,LOW
normal,NORMAL,1.01,LOW
mscan,ANOMALY,77.64,HIGH
neptune,ANOMALY,77.09,HIGH
normal,NORMAL,49.69,MEDIUM
mailbomb,NORMAL,20.81,LOW
normal,ANOMALY,70.48,HIGH
normal,NORMAL,3.17,LOW
neptune,ANOMALY,76.35,HIGH
normal,NORMAL,5.66,LOW
normal,NORMAL,1.17,LOW
neptune,ANOMALY,77.22,HIGH
normal,NORMAL,0.82,LOW
normal,NORMAL,49.54,MEDIUM
normal,NORMAL,4.18,LOW
mscan,ANOMALY,75.24,HIGH
warezmaster,NORMAL,32.38,MEDIUM
neptune,ANOMALY,75.66,HIGH
normal,NORMAL,22.34,LOW
pod,NORMAL,49.88,MEDIUM
normal,NORMAL,0.29,LOW
warezmaster,NORMAL,28.22,LOW
neptune,ANOMALY,75.0,HIGH
neptune,ANOMALY,82.62,HIGH
neptune,ANOMALY,82.09,HIGH
normal,NORMAL,1.38,LOW
smurf,ANOMALY,55.23,MEDIUM
sendmail,NORMAL,30.54,MEDIUM
neptune,ANOMALY,87.2,HIGH
normal,NORMAL,17.03,LOW
normal,NORMAL,14.1,LOW
mscan,ANOMALY,53.24,MEDIUM
neptune,ANOMALY,69.89,MEDIUM
guess_passwd,NORMAL,47.46,MEDIUM
normal,NORMAL,3.15,LOW
neptune,ANOMALY,80.99,HIGH
normal,NORMAL,1.34,LOW
warezmaster,NORMAL,28.95,LOW
neptune,ANOMALY,75.46,HIGH
neptune,ANOMALY,78.61,HIGH
normal,NORMAL,6.52,LOW
guess_passwd,NORMAL,11.4,LOW
normal,NORMAL,2.07,LOW
nmap,ANOMALY,82.36,HIGH
neptune,ANOMALY,82.0,HIGH
neptune,ANOMALY,76.52,HIGH
normal,NORMAL,22.59,LOW
processtable,ANOMALY,62.01,MEDIUM
mscan,ANOMALY,72.36,HIGH
apache2,ANOMALY,77.29,HIGH
normal,NORMAL,8.48,LOW
normal,NORMAL,1.58,LOW
normal,NORMAL,0.51,LOW
mscan,ANOMALY,81.81,HIGH
normal,NORMAL,47.12,MEDIUM
snmpgetattack,NORMAL,26.85,LOW
normal,NORMAL,0.28,LOW
normal,NORMAL,1.57,LOW
warezmaster,NORMAL,32.34,MEDIUM
normal,NORMAL,6.09,LOW
back,NORMAL,19.05,LOW
mscan,ANOMALY,65.45,MEDIUM
normal,NORMAL,3.91,LOW
normal,NORMAL,1.29,LOW
smurf,ANOMALY,53.5,MEDIUM
normal,NORMAL,1.39,LOW
nmap,ANOMALY,84.64,HIGH
normal,NORMAL,2.58,LOW
normal,NORMAL,1.3,LOW
guess_passwd,NORMAL,21.27,LOW
normal,NORMAL,5.17,LOW
satan,ANOMALY,94.16,HIGH
neptune,ANOMALY,79.84,HIGH
snmpgetattack,NORMAL,32.37,MEDIUM
neptune,ANOMALY,82.39,HIGH
neptune,ANOMALY,86.59,HIGH
neptune,ANOMALY,87.24,HIGH
normal,NORMAL,17.46,LOW
httptunnel,ANOMALY,61.01,MEDIUM
normal,NORMAL,19.28,LOW
normal,NORMAL,3.14,LOW
normal,NORMAL,1.94,LOW
smurf,NORMAL,40.49,MEDIUM
normal,NORMAL,2.46,LOW
processtable,NORMAL,45.86,MEDIUM
smurf,NORMAL,48.46,MEDIUM
normal,NORMAL,2.01,LOW
guess_passwd,NORMAL,21.8,LOW
saint,ANOMALY,61.75,MEDIUM
warezmaster,NORMAL,27.66,LOW
normal,NORMAL,0.71,LOW
normal,NORMAL,1.65,LOW
normal,NORMAL,18.62,LOW
normal,NORMAL,20.02,LOW
apache2,ANOMALY,61.83,MEDIUM
back,NORMAL,25.56,LOW
normal,NORMAL,1.99,LOW
normal,NORMAL,39.14,MEDIUM
normal,NORMAL,0.4,LOW
guess_passwd,NORMAL,31.89,MEDIUM
neptune,ANOMALY,74.86,HIGH
neptune,ANOMALY,74.8,HIGH
guess_passwd,NORMAL,10.76,LOW
normal,NORMAL,15.32,LOW
normal,NORMAL,27.23,LOW
saint,ANOMALY,55.32,MEDIUM
apache2,ANOMALY,57.52,MEDIUM
normal,NORMAL,0.69,LOW
neptune,ANOMALY,76.4,HIGH
warezmaster,NORMAL,28.54,LOW
normal,NORMAL,1.84,LOW
satan,ANOMALY,64.03,MEDIUM
guess_passwd,NORMAL,10.03,LOW
normal,NORMAL,3.23,LOW
neptune,ANOMALY,76.45,HIGH
normal,NORMAL,4.11,LOW
normal,NORMAL,9.52,LOW
mscan,ANOMALY,74.72,HIGH
satan,ANOMALY,68.19,MEDIUM
processtable,NORMAL,38.38,MEDIUM
neptune,ANOMALY,82.13,HIGH
normal,NORMAL,38.59,MEDIUM
saint,ANOMALY,55.29,MEDIUM
warezmaster,NORMAL,28.76,LOW
normal,NORMAL,3.04,LOW
ipsweep,ANOMALY,56.45,MEDIUM
normal,NORMAL,1.06,LOW
warezmaster,NORMAL,16.6,LOW
mscan,ANOMALY,79.85,HIGH
mailbomb,NORMAL,32.25,MEDIUM
smurf,NORMAL,42.72,MEDIUM
normal,NORMAL,1.57,LOW
normal,NORMAL,0.84,LOW
normal,NORMAL,4.09,LOW
neptune,ANOMALY,82.09,HIGH
neptune,ANOMALY,80.87,HIGH
neptune,ANOMALY,81.82,HIGH
processtable,ANOMALY,51.92,MEDIUM
neptune,ANOMALY,82.45,HIGH
neptune,ANOMALY,80.42,HIGH
normal,NORMAL,1.03,LOW
guess_passwd,NORMAL,23.73,LOW
normal,NORMAL,1.33,LOW
neptune,ANOMALY,87.31,HIGH
neptune,ANOMALY,76.01,HIGH
nmap,ANOMALY,82.06,HIGH
normal,NORMAL,25.36,LOW
normal,NORMAL,0.44,LOW
neptune,ANOMALY,82.25,HIGH
smurf,NORMAL,48.81,MEDIUM
processtable,NORMAL,42.94,MEDIUM
normal,NORMAL,0.58,LOW
neptune,ANOMALY,81.74,HIGH
mscan,ANOMALY,62.66,MEDIUM
normal,NORMAL,0.81,LOW
normal,NORMAL,0.34,LOW
normal,NORMAL,38.35,MEDIUM
apache2,ANOMALY,61.76,MEDIUM
back,NORMAL,17.63,LOW
normal,NORMAL,25.96,LOW
smurf,NORMAL,43.37,MEDIUM
normal,NORMAL,10.9,LOW
mailbomb,NORMAL,13.25,LOW
guess_passwd,NORMAL,19.53,LOW
normal,NORMAL,1.31,LOW
neptune,ANOMALY,86.37,HIGH
neptune,ANOMALY,80.11,HIGH
mscan,ANOMALY,78.29,HIGH
httptunnel,ANOMALY,52.08,MEDIUM
normal,NORMAL,1.9,LOW
normal,NORMAL,5.59,LOW
satan,ANOMALY,91.73,HIGH
warezmaster,NORMAL,31.9,MEDIUM
neptune,ANOMALY,80.5,HIGH
normal,NORMAL,4.57,LOW
normal,NORMAL,23.44,LOW
normal,NORMAL,14.59,LOW
normal,NORMAL,0.98,LOW
neptune,ANOMALY,74.37,HIGH
normal,NORMAL,0.41,LOW
normal,NORMAL,10.88,LOW
warezmaster,NORMAL,26.82,LOW
ipsweep,NORMAL,51.05,MEDIUM
neptune,ANOMALY,86.79,HIGH
smurf,ANOMALY,56.79,MEDIUM
normal,NORMAL,1.69,LOW
normal,NORMAL,0.48,LOW
normal,NORMAL,0.57,LOW
neptune,ANOMALY,80.67,HIGH
normal,NORMAL,3.29,LOW
normal,NORMAL,17.3,LOW
neptune,ANOMALY,74.24,HIGH
normal,NORMAL,49.6,MEDIUM
normal,NORMAL,5.96,LOW
neptune,ANOMALY,82.34,HIGH
normal,NORMAL,0.58,LOW
mscan,ANOMALY,79.12,HIGH
normal,NORMAL,6.91,LOW
normal,NORMAL,49.63,MEDIUM
smurf,NORMAL,49.68,MEDIUM
normal,NORMAL,9.5,LOW
portsweep,ANOMALY,66.39,MEDIUM
neptune,ANOMALY,85.68,HIGH
normal,NORMAL,0.67,LOW
normal,NORMAL,50.09,MEDIUM
neptune,ANOMALY,76.01,HIGH
neptune,ANOMALY,86.97,HIGH
neptune,ANOMALY,79.36,HIGH
neptune,ANOMALY,81.29,HIGH
portsweep,ANOMALY,88.35,HIGH
normal,NORMAL,17.79,LOW
normal,NORMAL,45.27,MEDIUM
neptune,ANOMALY,82.17,HIGH
normal,NORMAL,2.06,LOW
saint,ANOMALY,52.05,MEDIUM
normal,NORMAL,6.41,LOW
normal,NORMAL,3.6,LOW
normal,NORMAL,4.25,LOW
neptune,ANOMALY,81.84,HIGH
normal,NORMAL,1.95,LOW
normal,NORMAL,7.39,LOW
mscan,ANOMALY,52.55,MEDIUM
normal,NORMAL,3.13,LOW
normal,NORMAL,49.65,MEDIUM
normal,NORMAL,0.69,LOW
processtable,NORMAL,49.08,MEDIUM
normal,NORMAL,16.95,LOW
normal,NORMAL,24.76,LOW
neptune,ANOMALY,86.94,HIGH
normal,NORMAL,6.15,LOW
smurf,NORMAL,44.61,MEDIUM
apache2,ANOMALY,57.86,MEDIUM
smurf,NORMAL,50.31,MEDIUM
neptune,ANOMALY,78.27,HIGH
normal,NORMAL,2.84,LOW
neptune,ANOMALY,82.13,HIGH
normal,NORMAL,26.72,LOW
normal,NORMAL,0.74,LOW
neptune,ANOMALY,80.16,HIGH
normal,NORMAL,0.38,LOW
neptune,ANOMALY,74.88,HIGH
warezmaster,NORMAL,27.38,LOW
guess_passwd,NORMAL,21.0,LOW
multihop,NORMAL,43.47,MEDIUM
normal,NORMAL,17.46,LOW
normal,NORMAL,0.66,LOW
neptune,ANOMALY,79.59,HIGH
smurf,ANOMALY,62.12,MEDIUM
neptune,ANOMALY,86.48,HIGH
apache2,ANOMALY,52.59,MEDIUM
neptune,ANOMALY,80.02,HIGH
normal,NORMAL,15.93,LOW
normal,NORMAL,1.62,LOW
neptune,ANOMALY,80.95,HIGH
apache2,ANOMALY,70.18,HIGH
smurf,NORMAL,40.68,MEDIUM
neptune,ANOMALY,83.42,HIGH
neptune,ANOMALY,74.57,HIGH
mscan,ANOMALY,72.23,HIGH
normal,NORMAL,15.27,LOW
normal,NORMAL,0.53,LOW
neptune,ANOMALY,87.25,HIGH
normal,NORMAL,23.0,LOW
neptune,ANOMALY,75.21,HIGH
neptune,ANOMALY,75.68,HIGH
snmpgetattack,NORMAL,28.39,LOW
normal,NORMAL,37.48,MEDIUM
normal,NORMAL,30.49,MEDIUM
normal,NORMAL,39.27,MEDIUM
warezmaster,NORMAL,28.49,LOW
neptune,ANOMALY,75.19,HIGH
normal,NORMAL,6.74,LOW
back,NORMAL,33.8,MEDIUM
normal,NORMAL,3.78,LOW
mscan,ANOMALY,66.93,MEDIUM
neptune,ANOMALY,80.14,HIGH
neptune,ANOMALY,85.34,HIGH
neptune,ANOMALY,81.04,HIGH
httptunnel,ANOMALY,62.66,MEDIUM
normal,NORMAL,2.13,LOW
normal,NORMAL,0.4,LOW
normal,NORMAL,4.19,LOW
normal,NORMAL,50.26,MEDIUM
neptune,ANOMALY,81.79,HIGH
normal,NORMAL,2.09,LOW
normal,NORMAL,0.76,LOW
httptunnel,ANOMALY,70.16,HIGH
processtable,NORMAL,45.9,MEDIUM
neptune,ANOMALY,79.35,HIGH
normal,NORMAL,21.35,LOW
normal,NORMAL,0.54,LOW
mscan,ANOMALY,64.06,MEDIUM
normal,NORMAL,5.26,LOW
normal,NORMAL,5.34,LOW
apache2,ANOMALY,76.72,HIGH
normal,NORMAL,32.16,MEDIUM
processtable,ANOMALY,66.05,MEDIUM
guess_passwd,NORMAL,10.21,LOW
neptune,ANOMALY,80.48,HIGH
guess_passwd,NORMAL,12.64,LOW
warezmaster,ANOMALY,69.07,MEDIUM
normal,ANOMALY,70.85,HIGH
snmpguess,NORMAL,26.17,LOW
neptune,ANOMALY,80.37,HIGH
normal,NORMAL,18.74,LOW
mscan,ANOMALY,81.32,HIGH
mscan,ANOMALY,77.49,HIGH
normal,NORMAL,0.64,LOW
snmpguess,NORMAL,26.49,LOW
normal,NORMAL,1.25,LOW
apache2,ANOMALY,56.29,MEDIUM
mailbomb,NORMAL,40.6,MEDIUM
neptune,ANOMALY,86.11,HIGH
warezmaster,NORMAL,28.32,LOW
satan,ANOMALY,61.98,MEDIUM
normal,NORMAL,4.68,LOW
processtable,NORMAL,43.51,MEDIUM
normal,NORMAL,0.3,LOW
neptune,ANOMALY,86.33,HIGH
guess_passwd,NORMAL,10.21,LOW
normal,NORMAL,18.93,LOW
normal,NORMAL,3.96,LOW
guess_passwd,NORMAL,16.82,LOW
normal,NORMAL,3.68,LOW
normal,NORMAL,3.65,LOW
normal,NORMAL,1.8,LOW
satan,ANOMALY,95.09,HIGH
normal,NORMAL,1.94,LOW
normal,NORMAL,50.29,MEDIUM
normal,NORMAL,46.51,MEDIUM
normal,NORMAL,2.44,LOW
guess_passwd,NORMAL,22.97,LOW
normal,NORMAL,4.3,LOW
normal,NORMAL,1.3,LOW
mailbomb,NORMAL,31.56,MEDIUM
normal,NORMAL,10.07,LOW
neptune,ANOMALY,76.04,HIGH
normal,NORMAL,4.03,LOW
guess_passwd,NORMAL,9.88,LOW
normal,NORMAL,43.78,MEDIUM
normal,NORMAL,6.06,LOW
neptune,ANOMALY,82.15,HIGH
mailbomb,NORMAL,28.03,LOW
neptune,ANOMALY,81.24,HIGH
normal,NORMAL,27.44,LOW
guess_passwd,NORMAL,20.81,LOW
normal,NORMAL,1.27,LOW
processtable,ANOMALY,67.06,MEDIUM
normal,NORMAL,2.46,LOW
warezmaster,NORMAL,33.49,MEDIUM
warezmaster,NORMAL,32.34,MEDIUM
ipsweep,NORMAL,51.67,MEDIUM
snmpguess,NORMAL,26.87,LOW
normal,NORMAL,0.43,LOW
normal,NORMAL,19.39,LOW
normal,NORMAL,2.67,LOW
normal,NORMAL,6.49,LOW
ipsweep,ANOMALY,56.55,MEDIUM
neptune,ANOMALY,80.98,HIGH
neptune,ANOMALY,81.59,HIGH
guess_passwd,NORMAL,21.04,LOW
smurf,NORMAL,40.48,MEDIUM
normal,NORMAL,1.17,LOW
normal,NORMAL,1.25,LOW
normal,NORMAL,49.6,MEDIUM
normal,NORMAL,0.82,LOW
mscan,NORMAL,47.49,MEDIUM
neptune,ANOMALY,79.07,HIGH
neptune,ANOMALY,76.56,HIGH
normal,NORMAL,1.04,LOW
normal,NORMAL,0.37,LOW
apache2,ANOMALY,66.19,MEDIUM
neptune,ANOMALY,82.04,HIGH
saint,ANOMALY,93.74,HIGH
mscan,ANOMALY,66.49,MEDIUM
guess_passwd,NORMAL,13.8,LOW
normal,NORMAL,0.64,LOW
normal,NORMAL,0.28,LOW
mscan,ANOMALY,76.58,HIGH
normal,NORMAL,3.24,LOW
mscan,ANOMALY,52.35,MEDIUM
snmpguess,NORMAL,26.27,LOW
apache2,NORMAL,47.75,MEDIUM
normal,NORMAL,6.06,LOW
httptunnel,ANOMALY,58.7,MEDIUM
normal,NORMAL,28.0,LOW
normal,NORMAL,23.65,LOW
apache2,ANOMALY,60.24,MEDIUM
guess_passwd,NORMAL,11.9,LOW
normal,NORMAL,0.25,LOW
neptune,ANOMALY,82.18,HIGH
guess_passwd,NORMAL,21.52,LOW
processtable,ANOMALY,76.0,HIGH
normal,NORMAL,19.09,LOW
normal,ANOMALY,56.11,MEDIUM
apache2,ANOMALY,74.19,HIGH
snmpgetattack,NORMAL,26.55,LOW
neptune,ANOMALY,82.13,HIGH
normal,NORMAL,1.09,LOW
neptune,ANOMALY,86.75,HIGH
neptune,ANOMALY,76.2,HIGH
mailbomb,NORMAL,27.06,LOW
normal,ANOMALY,64.6,MEDIUM
ipsweep,NORMAL,51.38,MEDIUM
normal,NORMAL,44.64,MEDIUM
neptune,ANOMALY,80.41,HIGH
neptune,ANOMALY,80.15,HIGH
warezmaster,NORMAL,26.44,LOW
guess_passwd,NORMAL,20.81,LOW
neptune,ANOMALY,81.1,HIGH
neptune,ANOMALY,82.71,HIGH
satan,ANOMALY,68.12,MEDIUM
neptune,ANOMALY,80.83,HIGH
neptune,ANOMALY,79.0,HIGH
back,NORMAL,18.01,LOW
warezmaster,NORMAL,51.25,MEDIUM
normal,NORMAL,1.52,LOW
normal,NORMAL,18.08,LOW
normal,NORMAL,21.29,LOW
ipsweep,ANOMALY,56.24,MEDIUM
normal,NORMAL,1.56,LOW
normal,NORMAL,19.72,LOW
neptune,ANOMALY,75.32,HIGH
neptune,ANOMALY,83.05,HIGH
normal,NORMAL,8.97,LOW
back,NORMAL,16.25,LOW
neptune,ANOMALY,87.23,HIGH
normal,NORMAL,3.04,LOW
processtable,NORMAL,41.6,MEDIUM
normal,NORMAL,30.35,MEDIUM
neptune,ANOMALY,74.23,HIGH
normal,NORMAL,0.41,LOW
normal,NORMAL,5.54,LOW
normal,NORMAL,0.53,LOW
neptune,ANOMALY,81.93,HIGH
normal,NORMAL,0.58,LOW
normal,NORMAL,2.31,LOW
mscan,ANOMALY,75.46,HIGH
normal,NORMAL,25.9,LOW
normal,NORMAL,0.48,LOW
neptune,ANOMALY,82.4,HIGH
neptune,ANOMALY,81.58,HIGH
neptune,ANOMALY,80.72,HIGH
normal,NORMAL,2.49,LOW
normal,NORMAL,6.61,LOW
normal,NORMAL,0.22,LOW
normal,NORMAL,0.39,LOW
neptune,ANOMALY,86.9,HIGH
normal,NORMAL,27.78,LOW
warezmaster,NORMAL,27.91,LOW
normal,NORMAL,0.32,LOW
neptune,ANOMALY,79.39,HIGH
normal,NORMAL,31.61,MEDIUM
mscan,ANOMALY,73.59,HIGH
normal,NORMAL,0.45,LOW
neptune,ANOMALY,75.58,HIGH
neptune,ANOMALY,80.39,HIGH
normal,NORMAL,29.49,LOW
satan,ANOMALY,99.72,HIGH
normal,NORMAL,0.51,LOW
processtable,NORMAL,50.32,MEDIUM
normal,NORMAL,1.08,LOW
normal,NORMAL,1.77,LOW
guess_passwd,NORMAL,28.74,LOW
normal,NORMAL,2.2,LOW
normal,NORMAL,21.13,LOW
neptune,ANOMALY,81.91,HIGH
processtable,NORMAL,44.53,MEDIUM
normal,NORMAL,50.06,MEDIUM
warezmaster,NORMAL,32.5,MEDIUM
normal,NORMAL,3.64,LOW
neptune,ANOMALY,81.45,HIGH
neptune,ANOMALY,82.27,HIGH
normal,NORMAL,1.84,LOW
normal,NORMAL,45.4,MEDIUM
snmpgetattack,NORMAL,29.84,LOW
normal,NORMAL,1.69,LOW
normal,NORMAL,20.99,LOW
normal,NORMAL,28.72,LOW
snmpguess,NORMAL,26.55,LOW
warezmaster,NORMAL,33.64,MEDIUM
guess_passwd,NORMAL,9.47,LOW
neptune,ANOMALY,84.3,HIGH
mscan,ANOMALY,67.1,MEDIUM
guess_passwd,NORMAL,23.72,LOW
normal,NORMAL,2.18,LOW
guess_passwd,NORMAL,9.3,LOW
teardrop,NORMAL,32.18,MEDIUM
warezmaster,NORMAL,42.32,MEDIUM
guess_passwd,NORMAL,10.25,LOW
normal,NORMAL,6.72,LOW
normal,NORMAL,50.54,MEDIUM
neptune,ANOMALY,85.78,HIGH
normal,NORMAL,0.29,LOW
normal,NORMAL,44.68,MEDIUM
normal,NORMAL,5.76,LOW
mscan,ANOMALY,62.4,MEDIUM
apache2,ANOMALY,54.48,MEDIUM
processtable,NORMAL,44.7,MEDIUM
warezmaster,NORMAL,29.04,LOW
normal,NORMAL,23.61,LOW
normal,NORMAL,1.77,LOW
normal,NORMAL,2.27,LOW
normal,NORMAL,11.29,LOW
normal,NORMAL,3.52,LOW
warezmaster,NORMAL,28.31,LOW
normal,NORMAL,3.75,LOW
normal,NORMAL,0.79,LOW
normal,NORMAL,0.61,LOW
ipsweep,NORMAL,51.55,MEDIUM
normal,NORMAL,1.62,LOW
normal,NORMAL,4.78,LOW
neptune,ANOMALY,80.6,HIGH
normal,NORMAL,1.02,LOW
satan,ANOMALY,66.71,MEDIUM
normal,NORMAL,2.89,LOW
normal,NORMAL,3.44,LOW
guess_passwd,NORMAL,11.78,LOW
apache2,NORMAL,46.52,MEDIUM
neptune,ANOMALY,81.31,HIGH
normal,NORMAL,5.53,LOW
mailbomb,NORMAL,21.93,LOW
satan,ANOMALY,69.1,MEDIUM
normal,NORMAL,22.5,LOW
satan,ANOMALY,93.23,HIGH
normal,NORMAL,14.02,LOW
normal,NORMAL,0.57,LOW
normal,NORMAL,25.02,LOW
apache2,ANOMALY,62.08,MEDIUM
normal,NORMAL,15.5,LOW
neptune,ANOMALY,74.71,HIGH
normal,NORMAL,4.33,LOW
mscan,ANOMALY,74.55,HIGH
normal,NORMAL,3.25,LOW
back,NORMAL,24.13,LOW
normal,NORMAL,36.94,MEDIUM
smurf,NORMAL,39.33,MEDIUM
normal,NORMAL,5.99,LOW
neptune,ANOMALY,85.41,HIGH
ipsweep,NORMAL,51.63,MEDIUM
normal,NORMAL,15.73,LOW
guess_passwd,NORMAL,20.54,LOW
apache2,ANOMALY,77.12,HIGH
neptune,ANOMALY,85.6,HIGH
normal,NORMAL,3.61,LOW
normal,NORMAL,0.24,LOW
snmpgetattack,NORMAL,40.28,MEDIUM
neptune,ANOMALY,82.15,HIGH
neptune,ANOMALY,81.79,HIGH
neptune,ANOMALY,80.36,HIGH
normal,NORMAL,16.53,LOW
apache2,NORMAL,47.63,MEDIUM
apache2,ANOMALY,56.15,MEDIUM
normal,NORMAL,3.58,LOW
normal,NORMAL,0.61,LOW
normal,NORMAL,27.36,LOW
apache2,ANOMALY,72.93,HIGH
apache2,ANOMALY,66.93,MEDIUM
apache2,NORMAL,51.64,MEDIUM
pod,NORMAL,50.05,MEDIUM
apache2,ANOMALY,55.46,MEDIUM
ipsweep,ANOMALY,52.74,MEDIUM
snmpguess,NORMAL,26.39,LOW
guess_passwd,NORMAL,10.7,LOW
normal,NORMAL,0.41,LOW
neptune,ANOMALY,83.88,HIGH
warezmaster,NORMAL,29.71,LOW
mscan,ANOMALY,72.0,HIGH
neptune,ANOMALY,76.63,HIGH
normal,NORMAL,26.69,LOW
neptune,ANOMALY,76.4,HIGH
neptune,ANOMALY,76.08,HIGH
normal,NORMAL,1.73,LOW
neptune,ANOMALY,85.5,HIGH
normal,NORMAL,2.72,LOW
normal,NORMAL,1.55,LOW
processtable,ANOMALY,75.73,HIGH
neptune,ANOMALY,81.4,HIGH
neptune,ANOMALY,81.08,HIGH
guess_passwd,NORMAL,14.99,LOW
normal,NORMAL,11.89,LOW
neptune,ANOMALY,80.77,HIGH
normal,NORMAL,2.97,LOW
neptune,ANOMALY,74.57,HIGH
normal,NORMAL,7.47,LOW
normal,NORMAL,48.88,MEDIUM
normal,NORMAL,3.13,LOW
neptune,ANOMALY,81.26,HIGH
normal,NORMAL,18.48,LOW
normal,NORMAL,1.79,LOW
normal,NORMAL,9.69,LOW
guess_passwd,NORMAL,9.37,LOW
normal,NORMAL,4.76,LOW
normal,NORMAL,4.11,LOW
normal,NORMAL,0.61,LOW
normal,NORMAL,2.12,LOW
satan,ANOMALY,92.97,HIGH
smurf,NORMAL,44.08,MEDIUM
neptune,ANOMALY,87.38,HIGH
normal,NORMAL,3.04,LOW
satan,ANOMALY,67.29,MEDIUM
normal,NORMAL,12.46,LOW
normal,NORMAL,2.98,LOW
normal,NORMAL,2.06,LOW
normal,NORMAL,4.99,LOW
normal,NORMAL,0.42,LOW
satan,ANOMALY,68.19,MEDIUM
normal,NORMAL,1.44,LOW
normal,NORMAL,1.37,LOW
mscan,ANOMALY,69.49,MEDIUM
normal,NORMAL,2.96,LOW
normal,NORMAL,1.11,LOW
normal,NORMAL,0.52,LOW
processtable,ANOMALY,63.54,MEDIUM
neptune,ANOMALY,74.58,HIGH
normal,NORMAL,1.75,LOW
normal,NORMAL,4.91,LOW
saint,ANOMALY,53.8,MEDIUM
normal,NORMAL,4.66,LOW
satan,ANOMALY,94.16,HIGH
warezmaster,NORMAL,27.63,LOW
neptune,ANOMALY,75.39,HIGH
satan,ANOMALY,62.88,MEDIUM
neptune,ANOMALY,81.88,HIGH
normal,NORMAL,18.16,LOW
mscan,ANOMALY,75.91,HIGH
normal,NORMAL,10.06,LOW
normal,NORMAL,0.61,LOW
normal,NORMAL,26.91,LOW
neptune,ANOMALY,82.22,HIGH
ipsweep,NORMAL,51.66,MEDIUM
normal,NORMAL,0.47,LOW
normal,NORMAL,4.0,LOW
mscan,ANOMALY,75.68,HIGH
snmpguess,NORMAL,26.41,LOW
normal,NORMAL,1.17,LOW
normal,NORMAL,2.17,LOW
ipsweep,NORMAL,51.27,MEDIUM
normal,NORMAL,0.55,LOW
neptune,ANOMALY,81.59,HIGH
normal,NORMAL,20.95,LOW
normal,NORMAL,1.35,LOW
neptune,ANOMALY,80.36,HIGH
snmpguess,NORMAL,26.49,LOW
satan,ANOMALY,93.34,HIGH
neptune,ANOMALY,81.86,HIGH
neptune,ANOMALY,80.42,HIGH
normal,NORMAL,9.82,LOW
normal,NORMAL,1.45,LOW
normal,NORMAL,9.35,LOW
mailbomb,NORMAL,13.17,LOW
guess_passwd,NORMAL,10.48,LOW
neptune,ANOMALY,74.52,HIGH
normal,NORMAL,50.09,MEDIUM
normal,NORMAL,1.4,LOW
processtable,ANOMALY,67.28,MEDIUM
normal,NORMAL,1.9,LOW
normal,ANOMALY,61.99,MEDIUM
neptune,ANOMALY,81.95,HIGH
apache2,NORMAL,45.85,MEDIUM
neptune,ANOMALY,82.04,HIGH
satan,ANOMALY,94.85,HIGH
neptune,ANOMALY,85.33,HIGH
neptune,ANOMALY,84.95,HIGH
normal,NORMAL,49.69,MEDIUM
neptune,ANOMALY,82.88,HIGH
neptune,ANOMALY,82.46,HIGH
normal,NORMAL,4.89,LOW
normal,NORMAL,3.41,LOW
neptune,ANOMALY,76.45,HIGH
snmpgetattack,NORMAL,28.25,LOW
guess_passwd,NORMAL,28.06,LOW
normal,NORMAL,1.67,LOW
neptune,ANOMALY,80.45,HIGH
normal,NORMAL,0.87,LOW
neptune,ANOMALY,81.91,HIGH
neptune,ANOMALY,76.52,HIGH
normal,NORMAL,13.25,LOW
normal,NORMAL,0.42,LOW
normal,NORMAL,27.8,LOW
normal,NORMAL,0.68,LOW
neptune,ANOMALY,79.98,HIGH
normal,NORMAL,6.65,LOW
normal,NORMAL,0.59,LOW
normal,NORMAL,1.85,LOW
mscan,ANOMALY,65.16,MEDIUM
normal,NORMAL,48.82,MEDIUM
guess_passwd,NORMAL,9.78,LOW
guess_passwd,NORMAL,19.64,LOW
snmpguess,NORMAL,26.5,LOW
normal,NORMAL,2.32,LOW
normal,ANOMALY,77.21,HIGH
satan,ANOMALY,66.89,MEDIUM
mailbomb,NORMAL,26.13,LOW
neptune,ANOMALY,74.55,HIGH
normal,NORMAL,2.13,LOW
neptune,ANOMALY,82.18,HIGH
normal,NORMAL,18.61,LOW
processtable,ANOMALY,53.05,MEDIUM
normal,NORMAL,2.04,LOW
normal,ANOMALY,63.16,MEDIUM
normal,NORMAL,6.71,LOW
satan,ANOMALY,63.07,MEDIUM
normal,NORMAL,36.64,MEDIUM
normal,NORMAL,0.6,LOW
normal,NORMAL,16.89,LOW
mscan,ANOMALY,70.53,HIGH
neptune,ANOMALY,76.38,HIGH
warezmaster,NORMAL,28.13,LOW
neptune,ANOMALY,82.16,HIGH
smurf,ANOMALY,52.56,MEDIUM
apache2,ANOMALY,71.36,HIGH
neptune,ANOMALY,81.71,HIGH
mscan,NORMAL,43.71,MEDIUM
normal,NORMAL,1.41,LOW
saint,ANOMALY,55.67,MEDIUM
normal,NORMAL,34.19,MEDIUM
normal,NORMAL,8.7,LOW
smurf,NORMAL,41.42,MEDIUM
httptunnel,ANOMALY,59.9,MEDIUM
neptune,ANOMALY,81.55,HIGH
neptune,ANOMALY,87.65,HIGH
normal,NORMAL,0.66,LOW
warezmaster,NORMAL,28.72,LOW
neptune,ANOMALY,78.96,HIGH
normal,NORMAL,8.77,LOW
neptune,ANOMALY,81.08,HIGH
neptune,ANOMALY,75.23,HIGH
normal,NORMAL,2.4,LOW
neptune,ANOMALY,82.07,HIGH
normal,NORMAL,0.27,LOW
snmpguess,NORMAL,26.39,LOW
satan,ANOMALY,65.08,MEDIUM
guess_passwd,NORMAL,29.86,LOW
normal,NORMAL,2.28,LOW
warezmaster,NORMAL,33.77,MEDIUM
snmpguess,NORMAL,26.67,LOW
neptune,ANOMALY,80.49,HIGH
snmpguess,NORMAL,26.5,LOW
saint,ANOMALY,93.48,HIGH
neptune,ANOMALY,87.08,HIGH
normal,NORMAL,34.51,MEDIUM
smurf,NORMAL,50.01,MEDIUM
normal,NORMAL,14.39,LOW
normal,NORMAL,10.46,LOW
normal,NORMAL,49.71,MEDIUM
processtable,ANOMALY,51.9,MEDIUM
normal,NORMAL,9.73,LOW
normal,NORMAL,36.49,MEDIUM
normal,NORMAL,18.56,LOW
snmpguess,NORMAL,26.49,LOW
normal,NORMAL,3.31,LOW
satan,ANOMALY,68.06,MEDIUM
normal,NORMAL,50.09,MEDIUM
normal,NORMAL,2.13,LOW
normal,NORMAL,2.06,LOW
normal,NORMAL,1.21,LOW
snmpguess,NORMAL,26.56,LOW
normal,NORMAL,1.8,LOW
normal,NORMAL,2.65,LOW
processtable,ANOMALY,68.21,MEDIUM
satan,ANOMALY,95.28,HIGH
named,NORMAL,17.47,LOW
warezmaster,ANOMALY,64.58,MEDIUM
apache2,ANOMALY,60.55,MEDIUM
normal,NORMAL,19.93,LOW
normal,NORMAL,4.05,LOW
neptune,ANOMALY,76.07,HIGH
snmpguess,NORMAL,26.39,LOW
normal,NORMAL,1.14,LOW
normal,NORMAL,1.85,LOW
normal,NORMAL,10.52,LOW
snmpgetattack,NORMAL,30.01,MEDIUM
apache2,NORMAL,50.56,MEDIUM
buffer_overflow,NORMAL,45.21,MEDIUM
normal,NORMAL,6.15,LOW
neptune,ANOMALY,82.36,HIGH
neptune,ANOMALY,76.07,HIGH
normal,NORMAL,0.48,LOW
normal,NORMAL,13.43,LOW
neptune,ANOMALY,74.86,HIGH
nmap,ANOMALY,82.48,HIGH
httptunnel,NORMAL,33.5,MEDIUM
normal,NORMAL,2.22,LOW
mscan,ANOMALY,77.66,HIGH
apache2,ANOMALY,62.31,MEDIUM
snmpguess,NORMAL,26.7,LOW
neptune,ANOMALY,81.19,HIGH
normal,NORMAL,13.17,LOW
snmpguess,NORMAL,26.51,LOW
normal,NORMAL,4.01,LOW
neptune,ANOMALY,87.65,HIGH
normal,NORMAL,40.63,MEDIUM
neptune,ANOMALY,85.85,HIGH
normal,NORMAL,1.42,LOW
normal,NORMAL,2.15,LOW
back,NORMAL,14.3,LOW
normal,NORMAL,27.41,LOW
normal,NORMAL,2.55,LOW
normal,NORMAL,21.54,LOW
processtable,NORMAL,38.48,MEDIUM
normal,NORMAL,19.97,LOW
neptune,ANOMALY,80.65,HIGH
neptune,ANOMALY,84.61,HIGH
normal,NORMAL,12.03,LOW
normal,NORMAL,1.49,LOW
neptune,ANOMALY,79.57,HIGH
guess_passwd,NORMAL,11.4,LOW
normal,NORMAL,0.49,LOW
normal,NORMAL,1.11,LOW
neptune,ANOMALY,79.95,HIGH
normal,NORMAL,22.6,LOW
saint,ANOMALY,53.02,MEDIUM
normal,NORMAL,0.55,LOW
normal,NORMAL,2.49,LOW
back,NORMAL,26.49,LOW
neptune,ANOMALY,86.54,HIGH
normal,NORMAL,2.32,LOW
normal,NORMAL,3.82,LOW
xlock,NORMAL,49.29,MEDIUM
portsweep,ANOMALY,64.1,MEDIUM
mailbomb,NORMAL,12.25,LOW
neptune,ANOMALY,74.79,HIGH
normal,NORMAL,16.35,LOW
processtable,ANOMALY,56.77,MEDIUM
neptune,ANOMALY,80.65,HIGH
mscan,ANOMALY,88.23,HIGH
normal,NORMAL,10.79,LOW
neptune,ANOMALY,81.57,HIGH
neptune,ANOMALY,74.39,HIGH
neptune,ANOMALY,76.65,HIGH
normal,NORMAL,50.09,MEDIUM
worm,NORMAL,22.1,LOW
normal,NORMAL,3.36,LOW
neptune,ANOMALY,82.27,HIGH
neptune,ANOMALY,77.29,HIGH
mscan,ANOMALY,72.19,HIGH
normal,NORMAL,0.58,LOW
normal,NORMAL,17.67,LOW
normal,NORMAL,0.61,LOW
neptune,ANOMALY,81.42,HIGH
snmpgetattack,NORMAL,26.8,LOW
normal,NORMAL,1.26,LOW
neptune,ANOMALY,82.11,HIGH
normal,NORMAL,4.52,LOW
neptune,ANOMALY,80.02,HIGH
normal,NORMAL,4.64,LOW
saint,ANOMALY,94.23,HIGH
apache2,ANOMALY,55.33,MEDIUM
normal,NORMAL,0.38,LOW
neptune,ANOMALY,86.76,HIGH
satan,ANOMALY,91.44,HIGH
normal,NORMAL,31.28,MEDIUM
warezmaster,ANOMALY,53.58,MEDIUM
neptune,ANOMALY,81.28,HIGH
normal,NORMAL,18.92,LOW
snmpgetattack,NORMAL,28.36,LOW
satan,ANOMALY,94.23,HIGH
neptune,ANOMALY,83.56,HIGH
normal,NORMAL,1.08,LOW
mscan,NORMAL,32.24,MEDIUM
neptune,ANOMALY,79.41,HIGH
processtable,NORMAL,51.59,MEDIUM
normal,NORMAL,1.29,LOW
neptune,ANOMALY,87.12,HIGH
apache2,ANOMALY,56.46,MEDIUM
normal,NORMAL,45.32,MEDIUM
neptune,ANOMALY,77.38,HIGH
normal,NORMAL,18.75,LOW
normal,NORMAL,26.83,LOW
smurf,NORMAL,41.65,MEDIUM
neptune,ANOMALY,93.52,HIGH
normal,NORMAL,1.16,LOW
neptune,ANOMALY,81.95,HIGH
neptune,ANOMALY,81.42,HIGH
apache2,ANOMALY,65.93,MEDIUM
neptune,ANOMALY,86.96,HIGH
neptune,ANOMALY,82.13,HIGH
normal,NORMAL,1.52,LOW
apache2,ANOMALY,55.41,MEDIUM
smurf,NORMAL,44.49,MEDIUM
guess_passwd,NORMAL,13.8,LOW
guess_passwd,NORMAL,10.7,LOW
normal,NORMAL,34.89,MEDIUM
nmap,ANOMALY,81.97,HIGH
neptune,ANOMALY,81.72,HIGH
neptune,ANOMALY,80.16,HIGH
saint,NORMAL,33.67,MEDIUM
neptune,ANOMALY,79.6,HIGH
satan,ANOMALY,98.59,HIGH
normal,NORMAL,1.37,LOW
warezmaster,NORMAL,27.81,LOW
normal,NORMAL,0.56,LOW
guess_passwd,NORMAL,10.14,LOW
apache2,ANOMALY,57.63,MEDIUM
normal,NORMAL,1.92,LOW
normal,NORMAL,3.5,LOW
normal,NORMAL,1.16,LOW
ipsweep,NORMAL,51.57,MEDIUM
apache2,ANOMALY,61.35,MEDIUM
processtable,ANOMALY,80.77,HIGH
smurf,NORMAL,50.67,MEDIUM
normal,NORMAL,1.19,LOW
snmpguess,NORMAL,26.27,LOW
normal,NORMAL,14.53,LOW
satan,ANOMALY,91.81,HIGH
normal,NORMAL,4.63,LOW
normal,NORMAL,0.4,LOW
neptune,ANOMALY,76.43,HIGH
normal,NORMAL,8.01,LOW
satan,ANOMALY,91.73,HIGH
apache2,ANOMALY,62.72,MEDIUM
satan,ANOMALY,62.04,MEDIUM
neptune,ANOMALY,81.13,HIGH
apache2,ANOMALY,61.52,MEDIUM
warezmaster,NORMAL,49.19,MEDIUM
mscan,ANOMALY,65.35,MEDIUM
normal,NORMAL,0.4,LOW
normal,NORMAL,0.77,LOW
neptune,ANOMALY,85.72,HIGH
normal,NORMAL,1.54,LOW
warezmaster,NORMAL,37.38,MEDIUM
warezmaster,NORMAL,28.37,LOW
guess_passwd,NORMAL,10.54,LOW
normal,NORMAL,1.42,LOW
normal,NORMAL,16.0,LOW
neptune,ANOMALY,75.48,HIGH
normal,NORMAL,0.8,LOW
smurf,NORMAL,50.67,MEDIUM
warezmaster,NORMAL,28.28,LOW
guess_passwd,NORMAL,9.17,LOW
normal,NORMAL,5.35,LOW
neptune,ANOMALY,81.84,HIGH
normal,NORMAL,10.3,LOW
normal,NORMAL,14.52,LOW
normal,NORMAL,1.81,LOW
neptune,ANOMALY,74.64,HIGH
normal,NORMAL,0.65,LOW
normal,NORMAL,26.55,LOW
neptune,ANOMALY,81.94,HIGH
warezmaster,ANOMALY,52.33,MEDIUM
processtable,ANOMALY,55.12,MEDIUM
back,NORMAL,15.94,LOW
normal,NORMAL,1.06,LOW
normal,NORMAL,18.93,LOW
normal,NORMAL,0.24,LOW
normal,NORMAL,21.57,LOW
mscan,ANOMALY,65.27,MEDIUM
normal,NORMAL,1.64,LOW
snmpguess,NORMAL,26.52,LOW
neptune,ANOMALY,79.88,HIGH
normal,NORMAL,0.66,LOW
normal,NORMAL,2.1,LOW
neptune,ANOMALY,81.86,HIGH
smurf,NORMAL,38.7,MEDIUM
normal,NORMAL,1.5,LOW
apache2,NORMAL,48.59,MEDIUM
satan,ANOMALY,66.19,MEDIUM
neptune,ANOMALY,80.52,HIGH
neptune,ANOMALY,81.36,HIGH
neptune,ANOMALY,80.25,HIGH
mailbomb,NORMAL,30.73,MEDIUM
normal,NORMAL,3.23,LOW
warezmaster,NORMAL,27.9,LOW
neptune,ANOMALY,80.58,HIGH
neptune,ANOMALY,89.04,HIGH
normal,NORMAL,32.25,MEDIUM
normal,NORMAL,4.18,LOW
guess_passwd,NORMAL,20.3,LOW
normal,NORMAL,1.15,LOW
normal,NORMAL,7.75,LOW
guess_passwd,NORMAL,9.29,LOW
neptune,ANOMALY,84.92,HIGH
neptune,ANOMALY,87.75,HIGH
nmap,ANOMALY,82.49,HIGH
mscan,ANOMALY,64.39,MEDIUM
guess_passwd,NORMAL,15.06,LOW
guess_passwd,NORMAL,27.82,LOW
normal,NORMAL,2.5,LOW
normal,NORMAL,10.88,LOW
normal,NORMAL,27.63,LOW
httptunnel,ANOMALY,62.65,MEDIUM
normal,NORMAL,0.68,LOW
normal,NORMAL,1.96,LOW
normal,NORMAL,23.25,LOW
normal,NORMAL,0.57,LOW
guess_passwd,NORMAL,11.5,LOW
normal,NORMAL,4.36,LOW
normal,NORMAL,2.3,LOW
normal,NORMAL,1.36,LOW
normal,NORMAL,2.68,LOW
neptune,ANOMALY,87.66,HIGH
normal,NORMAL,0.43,LOW
normal,NORMAL,2.68,LOW
back,NORMAL,17.8,LOW
nmap,ANOMALY,82.09,HIGH
neptune,ANOMALY,74.92,HIGH
neptune,ANOMALY,83.02,HIGH
neptune,ANOMALY,81.11,HIGH
normal,NORMAL,1.92,LOW
neptune,ANOMALY,81.64,HIGH
apache2,NORMAL,45.41,MEDIUM
neptune,ANOMALY,81.11,HIGH
portsweep,ANOMALY,65.21,MEDIUM
neptune,ANOMALY,79.38,HIGH
normal,NORMAL,2.48,LOW
neptune,ANOMALY,85.14,HIGH
normal,NORMAL,6.17,LOW
neptune,ANOMALY,78.28,HIGH
neptune,ANOMALY,80.92,HIGH
normal,NORMAL,9.68,LOW
normal,NORMAL,50.45,MEDIUM
neptune,ANOMALY,86.19,HIGH
normal,NORMAL,28.58,LOW
normal,NORMAL,17.38,LOW
neptune,ANOMALY,79.16,HIGH
normal,NORMAL,1.17,LOW
normal,NORMAL,6.27,LOW
normal,NORMAL,4.46,LOW
ps,NORMAL,19.07,LOW
guess_passwd,NORMAL,28.84,LOW
normal,NORMAL,0.67,LOW
neptune,ANOMALY,76.01,HIGH
satan,ANOMALY,63.9,MEDIUM
neptune,ANOMALY,81.51,HIGH
neptune,ANOMALY,87.66,HIGH
normal,NORMAL,25.19,LOW
normal,NORMAL,17.37,LOW
satan,ANOMALY,94.16,HIGH
normal,NORMAL,2.57,LOW
snmpgetattack,NORMAL,28.1,LOW
guess_passwd,NORMAL,20.82,LOW
warezmaster,NORMAL,25.72,LOW
smurf,ANOMALY,52.04,MEDIUM
normal,NORMAL,1.2,LOW
normal,NORMAL,9.05,LOW
warezmaster,NORMAL,28.64,LOW
apache2,ANOMALY,62.25,MEDIUM
normal,NORMAL,5.32,LOW
normal,NORMAL,4.41,LOW
normal,NORMAL,19.61,LOW
normal,NORMAL,0.72,LOW
normal,NORMAL,2.0,LOW
normal,NORMAL,3.58,LOW
normal,NORMAL,9.2,LOW
normal,NORMAL,1.35,LOW
normal,NORMAL,2.21,LOW
normal,NORMAL,2.61,LOW
neptune,ANOMALY,80.11,HIGH
neptune,ANOMALY,80.27,HIGH
guess_passwd,NORMAL,20.89,LOW
neptune,ANOMALY,75.02,HIGH
mscan,ANOMALY,81.21,HIGH
apache2,ANOMALY,54.34,MEDIUM
normal,NORMAL,1.04,LOW
neptune,ANOMALY,80.78,HIGH
normal,NORMAL,0.24,LOW
guess_passwd,NORMAL,25.56,LOW
normal,NORMAL,20.67,LOW
normal,NORMAL,1.78,LOW
snmpguess,NORMAL,26.0,LOW
normal,NORMAL,0.91,LOW
normal,NORMAL,18.59,LOW
warezmaster,NORMAL,28.85,LOW
mscan,ANOMALY,73.41,HIGH
normal,NORMAL,4.32,LOW
saint,ANOMALY,53.78,MEDIUM
neptune,ANOMALY,81.65,HIGH
normal,NORMAL,16.16,LOW
normal,ANOMALY,61.14,MEDIUM
normal,NORMAL,9.49,LOW
neptune,ANOMALY,80.59,HIGH
mscan,ANOMALY,74.8,HIGH
smurf,NORMAL,51.19,MEDIUM
saint,ANOMALY,53.16,MEDIUM
normal,NORMAL,42.1,MEDIUM
normal,NORMAL,2.87,LOW
neptune,ANOMALY,76.04,HIGH
saint,ANOMALY,92.91,HIGH
normal,NORMAL,5.44,LOW
normal,NORMAL,1.34,LOW
mscan,ANOMALY,80.44,HIGH
smurf,NORMAL,51.72,MEDIUM
httptunnel,ANOMALY,62.4,MEDIUM
neptune,ANOMALY,81.45,HIGH
snmpguess,NORMAL,26.44,LOW
normal,NORMAL,0.31,LOW
guess_passwd,NORMAL,13.47,LOW
normal,NORMAL,1.64,LOW
apache2,ANOMALY,73.84,HIGH
satan,ANOMALY,66.14,MEDIUM
normal,NORMAL,1.39,LOW
normal,NORMAL,10.61,LOW
guess_passwd,NORMAL,9.48,LOW
normal,NORMAL,1.49,LOW
neptune,ANOMALY,80.33,HIGH
neptune,ANOMALY,87.18,HIGH
mscan,ANOMALY,75.48,HIGH
snmpgetattack,NORMAL,43.76,MEDIUM
neptune,ANOMALY,81.68,HIGH
saint,ANOMALY,99.85,HIGH
neptune,ANOMALY,76.26,HIGH
normal,NORMAL,4.72,LOW
neptune,ANOMALY,89.58,HIGH
normal,NORMAL,26.6,LOW
normal,NORMAL,0.64,LOW
normal,NORMAL,0.74,LOW
neptune,ANOMALY,79.56,HIGH
guess_passwd,NORMAL,10.13,LOW
neptune,ANOMALY,80.17,HIGH
smurf,NORMAL,35.66,MEDIUM
neptune,ANOMALY,86.83,HIGH
normal,NORMAL,3.51,LOW
normal,NORMAL,20.06,LOW
normal,NORMAL,3.43,LOW
normal,NORMAL,0.94,LOW
normal,NORMAL,1.94,LOW
normal,NORMAL,10.2,LOW
guess_passwd,NORMAL,10.9,LOW
apache2,ANOMALY,64.16,MEDIUM
neptune,ANOMALY,80.56,HIGH
mailbomb,NORMAL,22.44,LOW
warezmaster,NORMAL,36.08,MEDIUM
neptune,ANOMALY,81.86,HIGH
mscan,ANOMALY,69.65,MEDIUM
saint,NORMAL,50.31,MEDIUM
mscan,ANOMALY,72.45,HIGH
neptune,ANOMALY,75.85,HIGH
smurf,NORMAL,44.64,MEDIUM
neptune,ANOMALY,88.52,HIGH
guess_passwd,NORMAL,27.54,LOW
normal,NORMAL,0.54,LOW
normal,NORMAL,27.44,LOW
mscan,ANOMALY,64.18,MEDIUM
neptune,ANOMALY,85.48,HIGH
normal,NORMAL,0.41,LOW
mscan,ANOMALY,72.41,HIGH
normal,NORMAL,0.61,LOW
apache2,ANOMALY,76.11,HIGH
apache2,ANOMALY,54.28,MEDIUM
normal,NORMAL,0.52,LOW
warezmaster,NORMAL,34.85,MEDIUM
normal,NORMAL,9.49,LOW
back,NORMAL,14.63,LOW
mscan,ANOMALY,79.33,HIGH
neptune,ANOMALY,80.44,HIGH
neptune,ANOMALY,75.84,HIGH
ipsweep,NORMAL,48.85,MEDIUM
normal,NORMAL,26.97,LOW
mscan,ANOMALY,77.63,HIGH
normal,NORMAL,0.6,LOW
normal,NORMAL,5.57,LOW
normal,NORMAL,25.64,LOW
mailbomb,NORMAL,32.26,MEDIUM
neptune,ANOMALY,82.11,HIGH
normal,NORMAL,1.58,LOW
normal,NORMAL,1.71,LOW
neptune,ANOMALY,79.56,HIGH
normal,NORMAL,2.01,LOW
neptune,ANOMALY,85.19,HIGH
normal,NORMAL,0.76,LOW
normal,NORMAL,2.73,LOW
back,NORMAL,33.76,MEDIUM
saint,ANOMALY,91.45,HIGH
normal,NORMAL,1.01,LOW
neptune,ANOMALY,80.69,HIGH
saint,ANOMALY,93.83,HIGH
normal,NORMAL,29.55,LOW
mscan,ANOMALY,65.94,MEDIUM
guess_passwd,NORMAL,34.2,MEDIUM
neptune,ANOMALY,82.43,HIGH
normal,NORMAL,2.03,LOW
normal,NORMAL,1.61,LOW
neptune,ANOMALY,77.55,HIGH
mscan,ANOMALY,79.48,HIGH
neptune,ANOMALY,82.68,HIGH
normal,NORMAL,7.59,LOW
guess_passwd,NORMAL,9.51,LOW
warezmaster,NORMAL,25.14,LOW
normal,NORMAL,0.75,LOW
normal,NORMAL,36.2,MEDIUM
satan,ANOMALY,65.91,MEDIUM
normal,NORMAL,2.35,LOW
neptune,ANOMALY,86.42,HIGH
neptune,ANOMALY,76.04,HIGH
normal,NORMAL,17.93,LOW
snmpguess,NORMAL,26.6,LOW
mscan,ANOMALY,74.9,HIGH
smurf,NORMAL,39.81,MEDIUM
normal,NORMAL,39.42,MEDIUM
satan,ANOMALY,61.19,MEDIUM
normal,NORMAL,1.8,LOW
mscan,ANOMALY,62.73,MEDIUM
neptune,ANOMALY,81.74,HIGH
normal,NORMAL,34.56,MEDIUM
normal,NORMAL,20.54,LOW
normal,NORMAL,1.34,LOW
normal,NORMAL,1.9,LOW
neptune,ANOMALY,80.02,HIGH
apache2,NORMAL,51.31,MEDIUM
mscan,NORMAL,39.91,MEDIUM
apache2,ANOMALY,68.47,MEDIUM
neptune,ANOMALY,86.31,HIGH
neptune,ANOMALY,80.84,HIGH
snmpguess,NORMAL,26.48,LOW
normal,NORMAL,17.23,LOW
guess_passwd,NORMAL,21.66,LOW
neptune,ANOMALY,86.61,HIGH
normal,NORMAL,1.32,LOW
normal,NORMAL,0.45,LOW
normal,NORMAL,2.5,LOW
normal,NORMAL,39.04,MEDIUM
guess_passwd,NORMAL,10.04,LOW
smurf,NORMAL,39.12,MEDIUM
warezmaster,NORMAL,27.88,LOW
apache2,ANOMALY,53.11,MEDIUM
normal,NORMAL,2.94,LOW
guess_passwd,NORMAL,20.15,LOW
mscan,ANOMALY,56.38,MEDIUM
normal,NORMAL,10.95,LOW
normal,NORMAL,3.18,LOW
neptune,ANOMALY,84.97,HIGH
normal,NORMAL,1.05,LOW
neptune,ANOMALY,86.51,HIGH
normal,NORMAL,1.67,LOW
normal,NORMAL,3.35,LOW
neptune,ANOMALY,72.84,HIGH
normal,NORMAL,27.44,LOW
normal,NORMAL,1.88,LOW
guess_passwd,NORMAL,28.07,LOW
mscan,ANOMALY,63.09,MEDIUM
back,NORMAL,18.43,LOW
normal,NORMAL,27.43,LOW
mscan,NORMAL,47.61,MEDIUM
neptune,ANOMALY,76.71,HIGH
warezmaster,NORMAL,27.27,LOW
smurf,NORMAL,49.96,MEDIUM
normal,NORMAL,9.42,LOW
normal,NORMAL,30.08,MEDIUM
smurf,NORMAL,45.69,MEDIUM
normal,NORMAL,50.48,MEDIUM
guess_passwd,NORMAL,22.87,LOW
normal,NORMAL,19.71,LOW
satan,ANOMALY,99.36,HIGH
back,NORMAL,18.24,LOW
normal,NORMAL,1.48,LOW
processtable,NORMAL,47.09,MEDIUM
normal,NORMAL,1.83,LOW
normal,NORMAL,0.64,LOW
neptune,ANOMALY,81.24,HIGH
neptune,ANOMALY,82.11,HIGH
warezmaster,NORMAL,51.22,MEDIUM
guess_passwd,NORMAL,20.67,LOW
neptune,ANOMALY,81.19,HIGH
normal,NORMAL,9.25,LOW
neptune,ANOMALY,86.27,HIGH
portsweep,ANOMALY,68.16,MEDIUM
normal,NORMAL,4.58,LOW
normal,NORMAL,22.5,LOW
normal,NORMAL,1.21,LOW
normal,NORMAL,0.64,LOW
neptune,ANOMALY,87.29,HIGH
normal,NORMAL,20.18,LOW
mscan,NORMAL,47.99,MEDIUM
normal,NORMAL,14.92,LOW
neptune,ANOMALY,81.56,HIGH
nmap,ANOMALY,81.95,HIGH
normal,NORMAL,2.02,LOW
warezmaster,NORMAL,51.23,MEDIUM
smurf,ANOMALY,53.49,MEDIUM
normal,NORMAL,1.3,LOW
back,NORMAL,13.99,LOW
normal,NORMAL,0.61,LOW
normal,NORMAL,5.96,LOW
normal,NORMAL,19.22,LOW
apache2,ANOMALY,75.41,HIGH
neptune,ANOMALY,84.28,HIGH
normal,NORMAL,26.36,LOW
apache2,ANOMALY,75.32,HIGH
normal,NORMAL,1.59,LOW
normal,NORMAL,0.26,LOW
neptune,ANOMALY,81.79,HIGH
normal,NORMAL,38.0,MEDIUM
normal,NORMAL,2.91,LOW
normal,NORMAL,2.47,LOW
normal,NORMAL,0.81,LOW
ipsweep,ANOMALY,55.76,MEDIUM
normal,NORMAL,1.57,LOW
normal,NORMAL,3.25,LOW
normal,NORMAL,2.22,LOW
normal,NORMAL,0.38,LOW
normal,NORMAL,20.82,LOW
neptune,ANOMALY,86.87,HIGH
normal,NORMAL,0.9,LOW
neptune,ANOMALY,87.51,HIGH
back,NORMAL,29.0,LOW
normal,NORMAL,1.25,LOW
normal,NORMAL,20.25,LOW
neptune,ANOMALY,81.5,HIGH
normal,NORMAL,1.43,LOW
portsweep,ANOMALY,67.34,MEDIUM
normal,NORMAL,7.33,LOW
mscan,ANOMALY,76.29,HIGH
normal,NORMAL,0.36,LOW
neptune,ANOMALY,78.61,HIGH
mscan,ANOMALY,66.9,MEDIUM
satan,ANOMALY,79.48,HIGH
normal,NORMAL,21.82,LOW
normal,NORMAL,1.86,LOW
normal,NORMAL,3.87,LOW
satan,ANOMALY,66.71,MEDIUM
named,NORMAL,32.22,MEDIUM
normal,NORMAL,18.57,LOW
normal,NORMAL,48.06,MEDIUM
normal,NORMAL,1.52,LOW
normal,NORMAL,1.31,LOW
normal,NORMAL,4.26,LOW
mscan,ANOMALY,72.76,HIGH
normal,NORMAL,5.62,LOW
saint,ANOMALY,53.32,MEDIUM
normal,NORMAL,6.91,LOW
normal,NORMAL,2.31,LOW
neptune,ANOMALY,81.68,HIGH
neptune,ANOMALY,81.78,HIGH
normal,NORMAL,3.14,LOW
normal,NORMAL,6.7,LOW
mailbomb,NORMAL,19.75,LOW
normal,NORMAL,18.32,LOW
normal,NORMAL,22.38,LOW
apache2,NORMAL,50.29,MEDIUM
warezmaster,ANOMALY,81.86,HIGH
processtable,ANOMALY,51.77,MEDIUM
neptune,ANOMALY,86.5,HIGH
guess_passwd,NORMAL,15.22,LOW
neptune,ANOMALY,73.48,HIGH
normal,NORMAL,25.07,LOW
normal,NORMAL,24.0,LOW
normal,NORMAL,0.88,LOW
normal,NORMAL,1.98,LOW
normal,NORMAL,2.17,LOW
neptune,ANOMALY,82.25,HIGH
mscan,ANOMALY,70.76,HIGH
neptune,ANOMALY,82.18,HIGH
back,NORMAL,37.8,MEDIUM
normal,NORMAL,1.42,LOW
smurf,ANOMALY,55.48,MEDIUM
snmpguess,NORMAL,26.36,LOW
neptune,ANOMALY,76.56,HIGH
normal,NORMAL,5.14,LOW
mscan,NORMAL,20.45,LOW
normal,NORMAL,11.08,LOW
normal,NORMAL,6.7,LOW
normal,NORMAL,1.31,LOW
normal,NORMAL,4.94,LOW
processtable,ANOMALY,75.97,HIGH
neptune,ANOMALY,80.35,HIGH
normal,NORMAL,1.58,LOW
mscan,ANOMALY,56.12,MEDIUM
neptune,ANOMALY,82.02,HIGH
normal,NORMAL,0.55,LOW
normal,NORMAL,10.79,LOW
normal,NORMAL,0.7,LOW
neptune,ANOMALY,82.22,HIGH
apache2,ANOMALY,54.81,MEDIUM
guess_passwd,NORMAL,19.65,LOW
processtable,ANOMALY,66.59,MEDIUM
neptune,ANOMALY,74.55,HIGH
neptune,ANOMALY,82.23,HIGH
normal,ANOMALY,70.77,HIGH
snmpgetattack,NORMAL,26.95,LOW
normal,NORMAL,2.38,LOW
mscan,ANOMALY,80.63,HIGH
neptune,ANOMALY,85.51,HIGH
portsweep,ANOMALY,61.31,MEDIUM
normal,NORMAL,22.23,LOW
guess_passwd,NORMAL,13.81,LOW
mscan,ANOMALY,75.49,HIGH
warezmaster,NORMAL,32.21,MEDIUM
normal,NORMAL,1.61,LOW
normal,NORMAL,2.93,LOW
snmpguess,NORMAL,26.32,LOW
normal,NORMAL,4.56,LOW
neptune,ANOMALY,81.78,HIGH
normal,NORMAL,1.67,LOW
normal,NORMAL,1.52,LOW
normal,NORMAL,0.76,LOW
neptune,ANOMALY,74.95,HIGH
normal,NORMAL,0.66,LOW
saint,ANOMALY,94.43,HIGH
guess_passwd,NORMAL,12.27,LOW
neptune,ANOMALY,81.28,HIGH
nmap,ANOMALY,82.48,HIGH
neptune,ANOMALY,82.11,HIGH
guess_passwd,NORMAL,10.02,LOW
ipsweep,NORMAL,51.63,MEDIUM
back,NORMAL,15.3,LOW
normal,NORMAL,4.64,LOW
normal,NORMAL,2.58,LOW
normal,NORMAL,33.88,MEDIUM
neptune,ANOMALY,78.56,HIGH
warezmaster,NORMAL,36.46,MEDIUM
neptune,ANOMALY,82.36,HIGH
mscan,ANOMALY,67.71,MEDIUM
normal,NORMAL,0.27,LOW
normal,NORMAL,1.58,LOW
processtable,NORMAL,46.23,MEDIUM
normal,NORMAL,2.44,LOW
processtable,ANOMALY,64.53,MEDIUM
neptune,ANOMALY,83.71,HIGH
normal,NORMAL,5.82,LOW
neptune,ANOMALY,81.18,HIGH
normal,NORMAL,1.3,LOW
neptune,ANOMALY,74.59,HIGH
normal,NORMAL,27.42,LOW
mscan,ANOMALY,64.98,MEDIUM
neptune,ANOMALY,82.27,HIGH
normal,NORMAL,10.7,LOW
neptune,ANOMALY,86.5,HIGH
normal,NORMAL,49.63,MEDIUM
saint,ANOMALY,93.21,HIGH
smurf,NORMAL,51.63,MEDIUM
neptune,ANOMALY,82.14,HIGH
apache2,ANOMALY,55.58,MEDIUM
land,ANOMALY,83.47,HIGH
normal,NORMAL,1.64,LOW
guess_passwd,NORMAL,28.08,LOW
httptunnel,ANOMALY,61.52,MEDIUM
normal,NORMAL,0.96,LOW
nmap,ANOMALY,82.01,HIGH
normal,NORMAL,6.78,LOW
warezmaster,NORMAL,36.79,MEDIUM
buffer_overflow,ANOMALY,51.79,MEDIUM
normal,NORMAL,0.44,LOW
guess_passwd,NORMAL,31.32,MEDIUM
mscan,ANOMALY,85.21,HIGH
portsweep,ANOMALY,75.11,HIGH
normal,NORMAL,4.98,LOW
phf,NORMAL,20.94,LOW
guess_passwd,NORMAL,10.46,LOW
mscan,ANOMALY,79.69,HIGH
guess_passwd,NORMAL,11.73,LOW
rootkit,NORMAL,26.88,LOW
normal,NORMAL,1.29,LOW
neptune,ANOMALY,74.8,HIGH
httptunnel,ANOMALY,62.47,MEDIUM
normal,NORMAL,1.31,LOW
normal,NORMAL,2.25,LOW
neptune,ANOMALY,73.22,HIGH
normal,NORMAL,13.09,LOW
normal,NORMAL,0.2,LOW
normal,NORMAL,0.38,LOW
neptune,ANOMALY,87.46,HIGH
neptune,ANOMALY,79.34,HIGH
normal,NORMAL,1.88,LOW
neptune,ANOMALY,83.84,HIGH
apache2,ANOMALY,61.21,MEDIUM
normal,NORMAL,0.77,LOW
neptune,ANOMALY,87.47,HIGH
snmpguess,NORMAL,26.39,LOW
normal,NORMAL,2.74,LOW
neptune,ANOMALY,78.01,HIGH
normal,NORMAL,1.93,LOW
normal,NORMAL,29.63,LOW
normal,NORMAL,14.92,LOW
portsweep,ANOMALY,85.57,HIGH
warezmaster,NORMAL,28.74,LOW
normal,NORMAL,0.6,LOW
neptune,ANOMALY,83.91,HIGH
apache2,ANOMALY,55.23,MEDIUM
neptune,ANOMALY,87.48,HIGH
smurf,NORMAL,48.81,MEDIUM
mscan,ANOMALY,63.9,MEDIUM
neptune,ANOMALY,82.0,HIGH
neptune,ANOMALY,75.09,HIGH
normal,NORMAL,0.44,LOW
mailbomb,NORMAL,12.84,LOW
warezmaster,NORMAL,29.19,LOW
smurf,ANOMALY,52.19,MEDIUM
normal,NORMAL,21.71,LOW
normal,NORMAL,0.92,LOW
normal,NORMAL,0.58,LOW
smurf,NORMAL,38.72,MEDIUM
normal,NORMAL,1.49,LOW
warezmaster,NORMAL,28.8,LOW
neptune,ANOMALY,75.48,HIGH
normal,NORMAL,33.24,MEDIUM
normal,NORMAL,1.55,LOW
normal,NORMAL,0.4,LOW
neptune,ANOMALY,81.53,HIGH
normal,NORMAL,15.03,LOW
normal,NORMAL,27.68,LOW
neptune,ANOMALY,85.86,HIGH
neptune,ANOMALY,86.98,HIGH
normal,NORMAL,0.76,LOW
normal,NORMAL,2.1,LOW
guess_passwd,NORMAL,11.4,LOW
neptune,ANOMALY,82.09,HIGH
normal,NORMAL,47.53,MEDIUM
normal,NORMAL,1.6,LOW
normal,NORMAL,3.17,LOW
guess_passwd,NORMAL,21.46,LOW
processtable,ANOMALY,75.44,HIGH
neptune,ANOMALY,80.84,HIGH
normal,NORMAL,1.81,LOW
normal,NORMAL,0.6,LOW
neptune,ANOMALY,74.92,HIGH
normal,NORMAL,0.51,LOW
snmpguess,NORMAL,26.56,LOW
normal,NORMAL,0.38,LOW
satan,ANOMALY,61.98,MEDIUM
normal,NORMAL,3.09,LOW
normal,NORMAL,20.16,LOW
normal,NORMAL,20.43,LOW
normal,NORMAL,18.54,LOW
warezmaster,NORMAL,41.36,MEDIUM
normal,NORMAL,1.59,LOW
neptune,ANOMALY,74.76,HIGH
guess_passwd,NORMAL,15.3,LOW
httptunnel,NORMAL,34.17,MEDIUM
guess_passwd,NORMAL,9.73,LOW
mscan,ANOMALY,62.18,MEDIUM
warezmaster,NORMAL,27.31,LOW
snmpguess,NORMAL,26.49,LOW
normal,NORMAL,17.64,LOW
processtable,ANOMALY,69.63,MEDIUM
neptune,ANOMALY,85.96,HIGH
satan,ANOMALY,68.33,MEDIUM
normal,NORMAL,0.64,LOW
normal,NORMAL,2.22,LOW
normal,NORMAL,3.52,LOW
guess_passwd,NORMAL,21.68,LOW
normal,NORMAL,12.27,LOW
processtable,ANOMALY,53.12,MEDIUM
neptune,ANOMALY,80.6,HIGH
neptune,ANOMALY,87.42,HIGH
normal,NORMAL,3.34,LOW
normal,ANOMALY,64.49,MEDIUM
apache2,ANOMALY,59.13,MEDIUM
mscan,ANOMALY,66.8,MEDIUM
neptune,ANOMALY,81.08,HIGH
neptune,ANOMALY,75.41,HIGH
neptune,ANOMALY,77.72,HIGH
smurf,NORMAL,41.65,MEDIUM
neptune,ANOMALY,86.9,HIGH
normal,NORMAL,1.0,LOW
normal,NORMAL,0.32,LOW
normal,NORMAL,33.85,MEDIUM
satan,ANOMALY,95.02,HIGH
normal,NORMAL,3.86,LOW
normal,NORMAL,3.4,LOW
normal,NORMAL,19.63,LOW
snmpgetattack,NORMAL,27.49,LOW
normal,NORMAL,50.46,MEDIUM
back,NORMAL,33.12,MEDIUM
neptune,ANOMALY,85.95,HIGH
normal,NORMAL,15.16,LOW
smurf,ANOMALY,52.04,MEDIUM
back,NORMAL,14.24,LOW
normal,NORMAL,18.42,LOW
smurf,NORMAL,35.26,MEDIUM
normal,NORMAL,1.48,LOW
neptune,ANOMALY,86.13,HIGH
normal,NORMAL,3.13,LOW
normal,NORMAL,3.06,LOW
normal,NORMAL,20.77,LOW
neptune,ANOMALY,76.88,HIGH
neptune,ANOMALY,74.75,HIGH
saint,ANOMALY,53.53,MEDIUM
mscan,ANOMALY,77.54,HIGH
normal,NORMAL,1.36,LOW
normal,ANOMALY,72.49,HIGH
normal,NORMAL,0.69,LOW
normal,NORMAL,0.49,LOW
normal,NORMAL,0.63,LOW
normal,NORMAL,7.56,LOW
neptune,ANOMALY,86.5,HIGH
normal,NORMAL,49.71,MEDIUM
warezmaster,NORMAL,27.76,LOW
normal,NORMAL,0.85,LOW
normal,NORMAL,0.98,LOW
normal,NORMAL,29.57,LOW
neptune,ANOMALY,74.61,HIGH
guess_passwd,NORMAL,42.76,MEDIUM
neptune,ANOMALY,76.41,HIGH
normal,NORMAL,16.35,LOW
mscan,ANOMALY,72.12,HIGH
guess_passwd,NORMAL,18.76,LOW
nmap,ANOMALY,82.2,HIGH
normal,NORMAL,2.97,LOW
neptune,ANOMALY,92.95,HIGH
neptune,ANOMALY,79.84,HIGH
mscan,ANOMALY,76.76,HIGH
normal,NORMAL,0.24,LOW
smurf,ANOMALY,52.42,MEDIUM
normal,NORMAL,49.69,MEDIUM
neptune,ANOMALY,74.59,HIGH
normal,NORMAL,50.45,MEDIUM
neptune,ANOMALY,76.71,HIGH
normal,NORMAL,22.22,LOW
warezmaster,NORMAL,39.2,MEDIUM
neptune,ANOMALY,85.4,HIGH
neptune,ANOMALY,80.46,HIGH
neptune,ANOMALY,78.83,HIGH
satan,ANOMALY,94.18,HIGH
normal,NORMAL,2.24,LOW
normal,NORMAL,0.77,LOW
normal,NORMAL,0.23,LOW
snmpgetattack,NORMAL,26.82,LOW
normal,NORMAL,2.79,LOW
normal,NORMAL,14.64,LOW
normal,NORMAL,1.93,LOW
normal,NORMAL,30.73,MEDIUM
neptune,ANOMALY,80.55,HIGH
normal,NORMAL,0.47,LOW
neptune,ANOMALY,82.04,HIGH
smurf,NORMAL,36.22,MEDIUM
processtable,NORMAL,37.79,MEDIUM
guess_passwd,NORMAL,9.71,LOW
httptunnel,ANOMALY,63.19,MEDIUM
guess_passwd,NORMAL,27.83,LOW
apache2,ANOMALY,58.8,MEDIUM
normal,NORMAL,0.84,LOW
normal,NORMAL,45.55,MEDIUM
guess_passwd,NORMAL,9.38,LOW
normal,NORMAL,14.26,LOW
normal,NORMAL,1.53,LOW
normal,NORMAL,23.5,LOW
normal,NORMAL,48.48,MEDIUM
normal,NORMAL,0.24,LOW
normal,NORMAL,20.94,LOW
normal,NORMAL,1.87,LOW
snmpguess,NORMAL,26.49,LOW
normal,NORMAL,1.65,LOW
warezmaster,NORMAL,51.03,MEDIUM
normal,NORMAL,2.76,LOW
snmpguess,NORMAL,26.67,LOW
neptune,ANOMALY,85.54,HIGH
normal,NORMAL,1.2,LOW
normal,NORMAL,40.57,MEDIUM
normal,NORMAL,0.66,LOW
mscan,ANOMALY,80.04,HIGH
normal,NORMAL,18.5,LOW
normal,NORMAL,3.0,LOW
normal,NORMAL,20.2,LOW
neptune,ANOMALY,80.48,HIGH
portsweep,ANOMALY,75.45,HIGH
warezmaster,NORMAL,32.12,MEDIUM
portsweep,ANOMALY,76.78,HIGH
normal,NORMAL,5.74,LOW
normal,NORMAL,0.51,LOW
rootkit,NORMAL,22.03,LOW
normal,NORMAL,27.71,LOW
normal,NORMAL,0.27,LOW
normal,NORMAL,2.2,LOW
guess_passwd,NORMAL,9.49,LOW
neptune,ANOMALY,81.86,HIGH
neptune,ANOMALY,81.72,HIGH
normal,NORMAL,0.9,LOW
satan,ANOMALY,93.98,HIGH
normal,NORMAL,0.92,LOW
warezmaster,NORMAL,27.33,LOW
neptune,ANOMALY,80.48,HIGH
normal,NORMAL,2.19,LOW
neptune,ANOMALY,81.52,HIGH
normal,NORMAL,0.52,LOW
normal,NORMAL,25.81,LOW
normal,NORMAL,49.65,MEDIUM
mscan,ANOMALY,80.06,HIGH
warezmaster,NORMAL,42.55,MEDIUM
normal,NORMAL,13.5,LOW
normal,NORMAL,0.17,LOW
warezmaster,NORMAL,39.15,MEDIUM
mailbomb,NORMAL,18.96,LOW
mscan,ANOMALY,81.14,HIGH
normal,NORMAL,1.94,LOW
normal,NORMAL,12.41,LOW
guess_passwd,NORMAL,24.01,LOW
warezmaster,NORMAL,28.48,LOW
neptune,ANOMALY,80.61,HIGH
back,NORMAL,20.65,LOW
normal,NORMAL,26.42,LOW
neptune,ANOMALY,86.27,HIGH
guess_passwd,NORMAL,11.8,LOW
neptune,ANOMALY,85.04,HIGH
normal,NORMAL,3.85,LOW
smurf,NORMAL,38.98,MEDIUM
normal,NORMAL,1.14,LOW
normal,ANOMALY,72.32,HIGH
guess_passwd,NORMAL,18.2,LOW
normal,NORMAL,1.69,LOW
back,NORMAL,17.31,LOW
mscan,ANOMALY,76.47,HIGH
normal,NORMAL,13.82,LOW
apache2,ANOMALY,62.39,MEDIUM
mscan,ANOMALY,80.46,HIGH
warezmaster,NORMAL,29.35,LOW
normal,NORMAL,4.76,LOW
neptune,ANOMALY,81.78,HIGH
processtable,NORMAL,37.87,MEDIUM
neptune,ANOMALY,81.63,HIGH
processtable,NORMAL,47.54,MEDIUM
normal,NORMAL,2.15,LOW
normal,NORMAL,1.29,LOW
normal,NORMAL,2.64,LOW
snmpgetattack,NORMAL,26.79,LOW
neptune,ANOMALY,86.36,HIGH
portsweep,ANOMALY,76.43,HIGH
mscan,ANOMALY,83.13,HIGH
normal,NORMAL,24.78,LOW
processtable,ANOMALY,67.04,MEDIUM
normal,NORMAL,0.44,LOW
neptune,ANOMALY,81.24,HIGH
normal,NORMAL,18.37,LOW
neptune,ANOMALY,82.27,HIGH
normal,NORMAL,49.72,MEDIUM
normal,NORMAL,49.6,MEDIUM
satan,ANOMALY,61.71,MEDIUM
normal,NORMAL,18.31,LOW
neptune,ANOMALY,86.96,HIGH
normal,NORMAL,3.61,LOW
normal,NORMAL,49.69,MEDIUM
normal,NORMAL,16.98,LOW
satan,ANOMALY,69.34,MEDIUM
smurf,NORMAL,48.23,MEDIUM
normal,NORMAL,4.81,LOW
warezmaster,NORMAL,29.06,LOW
apache2,ANOMALY,66.58,MEDIUM
normal,NORMAL,2.91,LOW
httptunnel,ANOMALY,61.96,MEDIUM
normal,NORMAL,1.93,LOW
normal,NORMAL,19.46,LOW
mailbomb,NORMAL,28.34,LOW
normal,NORMAL,1.71,LOW
apache2,ANOMALY,59.52,MEDIUM
normal,NORMAL,1.73,LOW
guess_passwd,NORMAL,21.27,LOW
normal,NORMAL,0.95,LOW
land,ANOMALY,91.32,HIGH
neptune,ANOMALY,82.2,HIGH
multihop,NORMAL,34.68,MEDIUM
apache2,ANOMALY,76.94,HIGH
normal,NORMAL,4.13,LOW
neptune,ANOMALY,85.83,HIGH
neptune,ANOMALY,75.5,HIGH
guess_passwd,NORMAL,18.68,LOW
portsweep,ANOMALY,82.65,HIGH
neptune,ANOMALY,86.48,HIGH
normal,NORMAL,31.81,MEDIUM
warezmaster,NORMAL,35.4,MEDIUM
satan,ANOMALY,60.68,MEDIUM
processtable,NORMAL,45.92,MEDIUM
normal,NORMAL,1.35,LOW
normal,NORMAL,1.84,LOW
normal,NORMAL,22.99,LOW
neptune,ANOMALY,81.76,HIGH
neptune,ANOMALY,81.83,HIGH
normal,NORMAL,1.02,LOW
guess_passwd,NORMAL,9.48,LOW
apache2,ANOMALY,62.09,MEDIUM
neptune,ANOMALY,77.6,HIGH
guess_passwd,NORMAL,28.98,LOW
neptune,ANOMALY,81.55,HIGH
normal,NORMAL,1.12,LOW
mscan,ANOMALY,75.99,HIGH
normal,NORMAL,0.82,LOW
guess_passwd,NORMAL,39.42,MEDIUM
neptune,ANOMALY,74.71,HIGH
apache2,NORMAL,50.43,MEDIUM
normal,NORMAL,2.02,LOW
normal,NORMAL,21.32,LOW
nmap,ANOMALY,81.86,HIGH
neptune,ANOMALY,75.12,HIGH
neptune,ANOMALY,83.15,HIGH
neptune,ANOMALY,76.25,HIGH
normal,NORMAL,4.11,LOW
neptune,ANOMALY,86.85,HIGH
guess_passwd,NORMAL,27.35,LOW
normal,NORMAL,20.61,LOW
normal,NORMAL,49.69,MEDIUM
neptune,ANOMALY,81.82,HIGH
normal,NORMAL,1.58,LOW
neptune,ANOMALY,75.73,HIGH
normal,NORMAL,0.57,LOW
back,NORMAL,15.83,LOW
normal,NORMAL,5.38,LOW
normal,NORMAL,2.32,LOW
normal,NORMAL,3.02,LOW
normal,NORMAL,0.83,LOW
mscan,ANOMALY,61.23,MEDIUM
normal,NORMAL,29.71,LOW
neptune,ANOMALY,79.86,HIGH
saint,ANOMALY,53.45,MEDIUM
neptune,ANOMALY,76.18,HIGH
mailbomb,NORMAL,28.6,LOW
snmpgetattack,NORMAL,28.15,LOW
normal,NORMAL,3.71,LOW
normal,NORMAL,0.69,LOW
normal,NORMAL,3.69,LOW
neptune,ANOMALY,75.46,HIGH
snmpguess,NORMAL,26.56,LOW
normal,NORMAL,16.94,LOW
normal,NORMAL,0.43,LOW
warezmaster,NORMAL,34.77,MEDIUM
normal,NORMAL,1.76,LOW
guess_passwd,NORMAL,12.42,LOW
neptune,ANOMALY,86.77,HIGH
smurf,NORMAL,38.87,MEDIUM
normal,NORMAL,3.28,LOW
normal,NORMAL,0.43,LOW
normal,NORMAL,0.29,LOW
saint,ANOMALY,93.52,HIGH
neptune,ANOMALY,79.77,HIGH
normal,NORMAL,0.22,LOW
normal,NORMAL,1.92,LOW
back,NORMAL,16.93,LOW
normal,NORMAL,2.22,LOW
normal,NORMAL,50.48,MEDIUM
warezmaster,NORMAL,27.87,LOW
normal,NORMAL,10.38,LOW
satan,ANOMALY,60.94,MEDIUM
normal,NORMAL,0.65,LOW
neptune,ANOMALY,82.11,HIGH
normal,NORMAL,1.01,LOW
normal,NORMAL,2.8,LOW
neptune,ANOMALY,86.04,HIGH
guess_passwd,NORMAL,10.77,LOW
back,NORMAL,13.92,LOW
mscan,NORMAL,43.29,MEDIUM
saint,ANOMALY,56.04,MEDIUM
neptune,ANOMALY,80.65,HIGH
normal,NORMAL,0.67,LOW
snmpguess,NORMAL,26.52,LOW
normal,NORMAL,15.61,LOW
guess_passwd,NORMAL,11.32,LOW
mscan,ANOMALY,76.0,HIGH
normal,NORMAL,2.56,LOW
mscan,ANOMALY,74.24,HIGH
neptune,ANOMALY,81.08,HIGH
normal,NORMAL,19.13,LOW
normal,NORMAL,2.09,LOW
normal,NORMAL,2.99,LOW
warezmaster,NORMAL,26.19,LOW
neptune,ANOMALY,81.94,HIGH
normal,NORMAL,1.84,LOW
mscan,ANOMALY,78.32,HIGH
normal,NORMAL,0.53,LOW
normal,NORMAL,5.25,LOW
processtable,NORMAL,45.6,MEDIUM
normal,NORMAL,5.02,LOW
apache2,ANOMALY,76.88,HIGH
normal,NORMAL,1.75,LOW
normal,NORMAL,0.63,LOW
warezmaster,NORMAL,31.7,MEDIUM
normal,NORMAL,5.48,LOW
normal,NORMAL,9.58,LOW
satan,ANOMALY,67.76,MEDIUM
normal,NORMAL,1.08,LOW
smurf,NORMAL,41.44,MEDIUM
apache2,ANOMALY,52.5,MEDIUM
normal,NORMAL,0.21,LOW
guess_passwd,NORMAL,12.68,LOW
normal,NORMAL,1.34,LOW
mscan,ANOMALY,77.49,HIGH
normal,NORMAL,49.68,MEDIUM
neptune,ANOMALY,81.84,HIGH
normal,NORMAL,26.74,LOW
normal,NORMAL,31.26,MEDIUM
normal,NORMAL,2.35,LOW
snmpguess,NORMAL,26.41,LOW
normal,NORMAL,1.17,LOW
neptune,ANOMALY,79.89,HIGH
snmpguess,NORMAL,26.67,LOW
satan,ANOMALY,94.5,HIGH
mscan,ANOMALY,77.75,HIGH
mailbomb,NORMAL,16.85,LOW
normal,NORMAL,0.39,LOW
guess_passwd,NORMAL,10.7,LOW
normal,NORMAL,0.43,LOW
normal,NORMAL,33.62,MEDIUM
smurf,NORMAL,50.77,MEDIUM
normal,NORMAL,4.32,LOW
normal,NORMAL,2.59,LOW
normal,NORMAL,3.17,LOW
saint,ANOMALY,94.16,HIGH
normal,NORMAL,0.47,LOW
normal,NORMAL,11.23,LOW
neptune,ANOMALY,76.49,HIGH
normal,NORMAL,1.01,LOW
neptune,ANOMALY,76.36,HIGH
warezmaster,NORMAL,29.38,LOW
normal,NORMAL,0.86,LOW
normal,NORMAL,26.94,LOW
neptune,ANOMALY,82.16,HIGH
guess_passwd,NORMAL,11.68,LOW
neptune,ANOMALY,86.08,HIGH
normal,NORMAL,4.67,LOW
normal,NORMAL,11.18,LOW
guess_passwd,NORMAL,21.47,LOW
normal,NORMAL,7.0,LOW
normal,NORMAL,1.31,LOW
guess_passwd,NORMAL,19.62,LOW
normal,NORMAL,25.21,LOW
satan,ANOMALY,94.51,HIGH
apache2,ANOMALY,57.0,MEDIUM
warezmaster,NORMAL,23.48,LOW
normal,NORMAL,17.76,LOW
processtable,NORMAL,48.19,MEDIUM
neptune,ANOMALY,82.64,HIGH
normal,NORMAL,1.39,LOW
normal,NORMAL,25.55,LOW
normal,NORMAL,9.52,LOW
mailbomb,NORMAL,44.02,MEDIUM
neptune,ANOMALY,74.33,HIGH
neptune,ANOMALY,82.02,HIGH
satan,ANOMALY,94.36,HIGH
normal,NORMAL,7.15,LOW
smurf,NORMAL,37.01,MEDIUM
normal,NORMAL,49.72,MEDIUM
normal,NORMAL,0.24,LOW
normal,NORMAL,26.27,LOW
back,NORMAL,17.38,LOW
neptune,ANOMALY,76.23,HIGH
normal,NORMAL,3.84,LOW
snmpguess,NORMAL,26.67,LOW
neptune,ANOMALY,76.01,HIGH
normal,NORMAL,1.86,LOW
neptune,ANOMALY,86.27,HIGH
normal,NORMAL,19.06,LOW
mscan,ANOMALY,79.33,HIGH
normal,NORMAL,0.89,LOW
normal,NORMAL,18.71,LOW
normal,NORMAL,37.71,MEDIUM
mailbomb,NORMAL,22.36,LOW
neptune,ANOMALY,81.01,HIGH
neptune,ANOMALY,82.13,HIGH
neptune,ANOMALY,81.73,HIGH
satan,ANOMALY,92.63,HIGH
neptune,ANOMALY,86.5,HIGH
normal,NORMAL,31.57,MEDIUM
neptune,ANOMALY,81.82,HIGH
neptune,ANOMALY,81.81,HIGH
normal,NORMAL,32.56,MEDIUM
normal,NORMAL,25.34,LOW
guess_passwd,NORMAL,28.81,LOW
guess_passwd,NORMAL,10.51,LOW
smurf,NORMAL,46.57,MEDIUM
mailbomb,NORMAL,30.12,MEDIUM
normal,NORMAL,49.78,MEDIUM
neptune,ANOMALY,87.13,HIGH
snmpguess,NORMAL,26.38,LOW
neptune,ANOMALY,76.13,HIGH
processtable,NORMAL,39.6,MEDIUM
processtable,NORMAL,44.46,MEDIUM
normal,NORMAL,26.63,LOW
normal,NORMAL,17.45,LOW
saint,ANOMALY,53.8,MEDIUM
normal,NORMAL,0.49,LOW
normal,NORMAL,0.36,LOW
normal,NORMAL,10.54,LOW
warezmaster,NORMAL,32.08,MEDIUM
normal,NORMAL,10.9,LOW
warezmaster,NORMAL,39.58,MEDIUM
apache2,ANOMALY,66.48,MEDIUM
normal,NORMAL,2.48,LOW
neptune,ANOMALY,80.27,HIGH
smurf,ANOMALY,57.76,MEDIUM
mscan,ANOMALY,70.52,HIGH
neptune,ANOMALY,76.26,HIGH
snmpgetattack,NORMAL,28.17,LOW
neptune,ANOMALY,82.06,HIGH
warezmaster,NORMAL,30.65,MEDIUM
processtable,NORMAL,45.96,MEDIUM
normal,NORMAL,48.81,MEDIUM
satan,ANOMALY,67.09,MEDIUM
normal,NORMAL,0.75,LOW
mscan,ANOMALY,82.09,HIGH
normal,NORMAL,5.88,LOW
neptune,ANOMALY,81.54,HIGH
processtable,ANOMALY,67.03,MEDIUM
mscan,ANOMALY,79.5,HIGH
normal,NORMAL,6.62,LOW
normal,NORMAL,35.07,MEDIUM
neptune,ANOMALY,78.91,HIGH
normal,NORMAL,21.03,LOW
normal,NORMAL,2.03,LOW
smurf,NORMAL,44.22,MEDIUM
normal,NORMAL,18.34,LOW
normal,NORMAL,6.91,LOW
satan,ANOMALY,94.65,HIGH
satan,ANOMALY,67.61,MEDIUM
normal,NORMAL,7.93,LOW
satan,ANOMALY,67.2,MEDIUM
neptune,ANOMALY,76.03,HIGH
neptune,ANOMALY,75.45,HIGH
neptune,ANOMALY,79.67,HIGH
neptune,ANOMALY,81.2,HIGH
mscan,ANOMALY,76.28,HIGH
normal,NORMAL,0.63,LOW
apache2,ANOMALY,60.46,MEDIUM
processtable,NORMAL,46.64,MEDIUM
neptune,ANOMALY,75.21,HIGH
guess_passwd,NORMAL,21.0,LOW
normal,NORMAL,1.43,LOW
guess_passwd,NORMAL,9.4,LOW
neptune,ANOMALY,77.75,HIGH
apache2,ANOMALY,52.6,MEDIUM
normal,NORMAL,0.99,LOW
saint,ANOMALY,53.3,MEDIUM
normal,NORMAL,2.0,LOW
normal,NORMAL,22.27,LOW
normal,NORMAL,0.31,LOW
normal,NORMAL,1.02,LOW
mscan,ANOMALY,70.4,HIGH
neptune,ANOMALY,88.87,HIGH
neptune,ANOMALY,78.69,HIGH
mscan,ANOMALY,69.23,MEDIUM
apache2,ANOMALY,66.48,MEDIUM
neptune,ANOMALY,76.63,HIGH
neptune,ANOMALY,86.53,HIGH
normal,NORMAL,2.71,LOW
apache2,ANOMALY,69.69,MEDIUM
mscan,ANOMALY,66.5,MEDIUM
normal,NORMAL,7.88,LOW
guess_passwd,NORMAL,10.19,LOW
neptune,ANOMALY,80.48,HIGH
neptune,ANOMALY,80.55,HIGH
apache2,ANOMALY,59.83,MEDIUM
mscan,ANOMALY,66.51,MEDIUM
snmpguess,NORMAL,25.97,LOW
normal,NORMAL,28.18,LOW
neptune,ANOMALY,80.09,HIGH
normal,NORMAL,3.4,LOW
mscan,ANOMALY,72.79,HIGH
normal,NORMAL,21.33,LOW
normal,ANOMALY,83.58,HIGH
normal,NORMAL,1.02,LOW
neptune,ANOMALY,74.38,HIGH
normal,NORMAL,0.56,LOW
processtable,NORMAL,47.59,MEDIUM
normal,NORMAL,5.68,LOW
guess_passwd,NORMAL,28.79,LOW
neptune,ANOMALY,81.3,HIGH
warezmaster,NORMAL,33.45,MEDIUM
neptune,ANOMALY,81.16,HIGH
warezmaster,NORMAL,27.49,LOW
normal,NORMAL,0.55,LOW
snmpgetattack,NORMAL,43.6,MEDIUM
nmap,ANOMALY,82.28,HIGH
neptune,ANOMALY,82.07,HIGH
normal,NORMAL,0.32,LOW
normal,NORMAL,3.88,LOW
normal,NORMAL,4.81,LOW
smurf,NORMAL,48.62,MEDIUM
neptune,ANOMALY,79.62,HIGH
mscan,ANOMALY,80.65,HIGH
neptune,ANOMALY,83.94,HIGH
smurf,NORMAL,51.57,MEDIUM
neptune,ANOMALY,82.23,HIGH
normal,ANOMALY,64.54,MEDIUM
smurf,ANOMALY,52.82,MEDIUM
processtable,NORMAL,43.03,MEDIUM
neptune,ANOMALY,81.5,HIGH
normal,NORMAL,50.2,MEDIUM
normal,NORMAL,16.35,LOW
neptune,ANOMALY,80.52,HIGH
guess_passwd,NORMAL,23.95,LOW
normal,NORMAL,3.44,LOW
normal,NORMAL,0.8,LOW
normal,NORMAL,0.94,LOW
xterm,ANOMALY,51.85,MEDIUM
normal,NORMAL,35.51,MEDIUM
normal,NORMAL,20.41,LOW
normal,NORMAL,40.75,MEDIUM
apache2,ANOMALY,73.44,HIGH
normal,NORMAL,0.37,LOW
guess_passwd,NORMAL,12.01,LOW
guess_passwd,NORMAL,10.04,LOW
neptune,ANOMALY,85.95,HIGH
snmpgetattack,NORMAL,27.9,LOW
snmpguess,NORMAL,26.57,LOW
mscan,ANOMALY,74.56,HIGH
normal,NORMAL,2.36,LOW
neptune,ANOMALY,81.64,HIGH
neptune,ANOMALY,87.01,HIGH
apache2,ANOMALY,58.05,MEDIUM
normal,NORMAL,0.61,LOW
normal,NORMAL,1.47,LOW
neptune,ANOMALY,82.13,HIGH
satan,ANOMALY,62.8,MEDIUM
mscan,ANOMALY,52.69,MEDIUM
normal,NORMAL,6.75,LOW
guess_passwd,NORMAL,10.01,LOW
processtable,NORMAL,45.91,MEDIUM
normal,NORMAL,6.81,LOW
normal,NORMAL,25.24,LOW
normal,NORMAL,0.37,LOW
neptune,ANOMALY,75.26,HIGH
neptune,ANOMALY,80.88,HIGH
normal,NORMAL,7.16,LOW
normal,NORMAL,23.32,LOW
normal,NORMAL,1.75,LOW
warezmaster,NORMAL,23.89,LOW
normal,NORMAL,46.41,MEDIUM
normal,NORMAL,1.59,LOW
neptune,ANOMALY,70.2,HIGH
neptune,ANOMALY,81.11,HIGH
processtable,ANOMALY,75.66,HIGH
normal,NORMAL,1.26,LOW
neptune,ANOMALY,81.25,HIGH
normal,NORMAL,6.49,LOW
guess_passwd,NORMAL,11.42,LOW
normal,NORMAL,0.9,LOW
normal,NORMAL,0.58,LOW
neptune,ANOMALY,81.94,HIGH
satan,ANOMALY,55.85,MEDIUM
guess_passwd,NORMAL,12.01,LOW
neptune,ANOMALY,80.68,HIGH
mscan,ANOMALY,82.57,HIGH
normal,NORMAL,1.58,LOW
warezmaster,NORMAL,37.93,MEDIUM
normal,NORMAL,1.05,LOW
normal,NORMAL,1.41,LOW
neptune,ANOMALY,73.66,HIGH
neptune,ANOMALY,80.33,HIGH
normal,NORMAL,5.39,LOW
neptune,ANOMALY,87.3,HIGH
normal,NORMAL,11.92,LOW
processtable,NORMAL,42.08,MEDIUM
normal,NORMAL,1.01,LOW
neptune,ANOMALY,83.84,HIGH
normal,NORMAL,0.21,LOW
warezmaster,NORMAL,31.42,MEDIUM
smurf,ANOMALY,62.28,MEDIUM
normal,NORMAL,4.94,LOW
warezmaster,NORMAL,34.21,MEDIUM
ipsweep,ANOMALY,52.19,MEDIUM
normal,NORMAL,4.38,LOW
warezmaster,NORMAL,32.79,MEDIUM
guess_passwd,NORMAL,15.22,LOW
neptune,ANOMALY,91.95,HIGH
normal,NORMAL,1.46,LOW
neptune,ANOMALY,80.99,HIGH
snmpguess,NORMAL,26.58,LOW
processtable,ANOMALY,75.98,HIGH
normal,NORMAL,4.81,LOW
normal,NORMAL,15.21,LOW
normal,NORMAL,16.36,LOW
normal,NORMAL,1.83,LOW
smurf,NORMAL,48.7,MEDIUM
normal,NORMAL,0.48,LOW
satan,ANOMALY,67.29,MEDIUM
neptune,ANOMALY,86.67,HIGH
mscan,ANOMALY,76.48,HIGH
normal,NORMAL,2.81,LOW
normal,NORMAL,26.79,LOW
neptune,ANOMALY,91.1,HIGH
normal,NORMAL,2.22,LOW
neptune,ANOMALY,85.56,HIGH
sendmail,NORMAL,29.36,LOW
normal,NORMAL,0.47,LOW
neptune,ANOMALY,87.47,HIGH
snmpguess,NORMAL,26.66,LOW
neptune,ANOMALY,87.31,HIGH
neptune,ANOMALY,76.74,HIGH
normal,NORMAL,4.35,LOW
warezmaster,NORMAL,28.32,LOW
normal,NORMAL,1.35,LOW
normal,NORMAL,0.36,LOW
apache2,ANOMALY,66.21,MEDIUM
normal,NORMAL,0.37,LOW
normal,NORMAL,36.55,MEDIUM
normal,NORMAL,0.23,LOW
neptune,ANOMALY,82.09,HIGH
snmpgetattack,NORMAL,28.24,LOW
warezmaster,ANOMALY,52.1,MEDIUM
normal,NORMAL,0.72,LOW
normal,NORMAL,3.37,LOW
mscan,ANOMALY,74.33,HIGH
neptune,ANOMALY,86.02,HIGH
guess_passwd,NORMAL,19.64,LOW
normal,NORMAL,2.34,LOW
processtable,NORMAL,44.49,MEDIUM
normal,NORMAL,45.2,MEDIUM
normal,NORMAL,49.71,MEDIUM
normal,NORMAL,40.57,MEDIUM
normal,NORMAL,0.8,LOW
mscan,ANOMALY,81.9,HIGH
normal,NORMAL,0.58,LOW
apache2,ANOMALY,74.05,HIGH
named,NORMAL,36.55,MEDIUM
neptune,ANOMALY,85.31,HIGH
normal,NORMAL,0.41,LOW
neptune,ANOMALY,80.42,HIGH
normal,NORMAL,0.43,LOW
smurf,NORMAL,39.12,MEDIUM
smurf,NORMAL,50.77,MEDIUM
neptune,ANOMALY,82.09,HIGH
normal,NORMAL,1.79,LOW
normal,NORMAL,2.38,LOW
pod,NORMAL,29.82,LOW
neptune,ANOMALY,82.16,HIGH
guess_passwd,NORMAL,9.55,LOW
mscan,ANOMALY,59.9,MEDIUM
normal,NORMAL,11.18,LOW
neptune,ANOMALY,74.07,HIGH
mscan,ANOMALY,70.2,HIGH
normal,NORMAL,3.01,LOW
guess_passwd,NORMAL,10.53,LOW
normal,NORMAL,2.13,LOW
normal,NORMAL,33.61,MEDIUM
normal,NORMAL,0.92,LOW
apache2,ANOMALY,67.53,MEDIUM
saint,ANOMALY,95.09,HIGH
normal,NORMAL,26.78,LOW
neptune,ANOMALY,80.26,HIGH
normal,ANOMALY,59.84,MEDIUM
guess_passwd,NORMAL,8.62,LOW
neptune,ANOMALY,81.11,HIGH
normal,NORMAL,2.48,LOW
neptune,ANOMALY,76.76,HIGH
normal,NORMAL,34.69,MEDIUM
normal,NORMAL,3.42,LOW
neptune,ANOMALY,80.07,HIGH
neptune,ANOMALY,81.34,HIGH
neptune,ANOMALY,86.75,HIGH
neptune,ANOMALY,81.28,HIGH
normal,NORMAL,4.58,LOW
neptune,ANOMALY,77.71,HIGH
normal,NORMAL,0.41,LOW
normal,NORMAL,1.1,LOW
neptune,ANOMALY,80.99,HIGH
normal,ANOMALY,52.01,MEDIUM
warezmaster,NORMAL,17.75,LOW
neptune,ANOMALY,75.19,HIGH
normal,NORMAL,35.39,MEDIUM
mscan,ANOMALY,75.21,HIGH
apache2,ANOMALY,57.26,MEDIUM
nmap,ANOMALY,82.19,HIGH
processtable,ANOMALY,80.02,HIGH
neptune,ANOMALY,81.66,HIGH
mscan,NORMAL,36.45,MEDIUM
normal,NORMAL,1.01,LOW
neptune,ANOMALY,80.13,HIGH
normal,NORMAL,1.04,LOW
normal,NORMAL,7.07,LOW
normal,NORMAL,34.08,MEDIUM
neptune,ANOMALY,80.27,HIGH
saint,ANOMALY,93.4,HIGH
normal,NORMAL,16.29,LOW
normal,NORMAL,6.65,LOW
normal,NORMAL,2.69,LOW
mscan,ANOMALY,76.96,HIGH
mailbomb,NORMAL,19.55,LOW
guess_passwd,NORMAL,20.15,LOW
normal,NORMAL,19.12,LOW
normal,NORMAL,20.68,LOW
normal,NORMAL,1.82,LOW
neptune,ANOMALY,79.33,HIGH
neptune,ANOMALY,81.71,HIGH
neptune,ANOMALY,80.9,HIGH
neptune,ANOMALY,86.18,HIGH
normal,NORMAL,0.26,LOW
normal,NORMAL,31.14,MEDIUM
normal,NORMAL,0.24,LOW
normal,NORMAL,1.03,LOW
neptune,ANOMALY,75.1,HIGH
mscan,ANOMALY,64.04,MEDIUM
neptune,ANOMALY,92.29,HIGH
neptune,ANOMALY,86.38,HIGH
neptune,ANOMALY,86.94,HIGH
guess_passwd,NORMAL,13.74,LOW
mscan,ANOMALY,79.47,HIGH
normal,NORMAL,1.19,LOW
normal,NORMAL,0.79,LOW
neptune,ANOMALY,80.74,HIGH
saint,ANOMALY,92.87,HIGH
normal,NORMAL,1.52,LOW
mailbomb,NORMAL,17.89,LOW
guess_passwd,NORMAL,23.46,LOW
normal,NORMAL,0.22,LOW
normal,ANOMALY,64.26,MEDIUM
normal,NORMAL,22.21,LOW
neptune,ANOMALY,83.58,HIGH
mscan,ANOMALY,65.6,MEDIUM
neptune,ANOMALY,81.28,HIGH
rootkit,NORMAL,18.56,LOW
mailbomb,NORMAL,24.17,LOW
normal,NORMAL,22.14,LOW
normal,NORMAL,0.23,LOW
portsweep,ANOMALY,70.2,HIGH
mscan,ANOMALY,67.67,MEDIUM
normal,NORMAL,1.45,LOW
normal,NORMAL,11.57,LOW
satan,ANOMALY,93.63,HIGH
normal,NORMAL,48.84,MEDIUM
normal,NORMAL,5.89,LOW
neptune,ANOMALY,81.22,HIGH
guess_passwd,NORMAL,8.87,LOW
neptune,ANOMALY,79.76,HIGH
mscan,ANOMALY,75.32,HIGH
normal,NORMAL,2.82,LOW
mailbomb,NORMAL,29.97,LOW
mscan,ANOMALY,71.95,HIGH
apache2,ANOMALY,59.13,MEDIUM
normal,NORMAL,0.35,LOW
normal,NORMAL,10.03,LOW
normal,NORMAL,5.74,LOW
neptune,ANOMALY,80.3,HIGH
neptune,ANOMALY,81.4,HIGH
normal,NORMAL,14.61,LOW
warezmaster,NORMAL,29.36,LOW
guess_passwd,NORMAL,10.03,LOW
normal,NORMAL,3.7,LOW
normal,NORMAL,4.43,LOW
satan,ANOMALY,68.65,MEDIUM
mscan,ANOMALY,71.17,HIGH
processtable,NORMAL,38.38,MEDIUM
saint,ANOMALY,53.1,MEDIUM
normal,NORMAL,9.76,LOW
normal,NORMAL,3.22,LOW
normal,NORMAL,0.37,LOW
normal,NORMAL,7.44,LOW
normal,NORMAL,41.42,MEDIUM
guess_passwd,NORMAL,9.84,LOW
normal,NORMAL,7.49,LOW
normal,NORMAL,0.37,LOW
normal,NORMAL,2.08,LOW
normal,NORMAL,0.77,LOW
normal,NORMAL,1.48,LOW
satan,ANOMALY,66.36,MEDIUM
teardrop,NORMAL,38.1,MEDIUM
normal,NORMAL,28.11,LOW
neptune,ANOMALY,75.52,HIGH
normal,NORMAL,0.3,LOW
normal,NORMAL,15.32,LOW
neptune,ANOMALY,83.18,HIGH
normal,NORMAL,1.33,LOW
normal,NORMAL,3.53,LOW
normal,NORMAL,0.5,LOW
mscan,ANOMALY,80.94,HIGH
normal,NORMAL,1.85,LOW
satan,ANOMALY,93.94,HIGH
back,NORMAL,19.69,LOW
normal,NORMAL,19.1,LOW
smurf,NORMAL,43.88,MEDIUM
mscan,ANOMALY,61.69,MEDIUM
normal,NORMAL,2.31,LOW
satan,ANOMALY,59.6,MEDIUM
guess_passwd,NORMAL,47.06,MEDIUM
normal,NORMAL,1.51,LOW
normal,NORMAL,7.93,LOW
neptune,ANOMALY,82.0,HIGH
mscan,ANOMALY,69.04,MEDIUM
guess_passwd,NORMAL,29.07,LOW
neptune,ANOMALY,81.79,HIGH
neptune,ANOMALY,82.5,HIGH
apache2,ANOMALY,62.6,MEDIUM
snmpguess,NORMAL,26.32,LOW
neptune,ANOMALY,79.49,HIGH
normal,NORMAL,2.04,LOW
normal,NORMAL,1.22,LOW
neptune,ANOMALY,90.82,HIGH
satan,ANOMALY,66.41,MEDIUM
normal,NORMAL,1.2,LOW
mscan,ANOMALY,81.92,HIGH
satan,ANOMALY,92.27,HIGH
guess_passwd,NORMAL,18.76,LOW
neptune,ANOMALY,91.95,HIGH
normal,NORMAL,2.48,LOW
normal,NORMAL,2.86,LOW
normal,NORMAL,0.45,LOW
normal,NORMAL,7.45,LOW
normal,NORMAL,1.52,LOW
normal,NORMAL,12.71,LOW
normal,NORMAL,1.44,LOW
normal,NORMAL,1.37,LOW
neptune,ANOMALY,75.04,HIGH
neptune,ANOMALY,87.7,HIGH
satan,ANOMALY,61.74,MEDIUM
neptune,ANOMALY,76.2,HIGH
normal,NORMAL,9.5,LOW
normal,NORMAL,26.6,LOW
satan,ANOMALY,65.6,MEDIUM
normal,NORMAL,25.56,LOW
snmpguess,NORMAL,26.37,LOW
processtable,ANOMALY,75.92,HIGH
satan,ANOMALY,64.47,MEDIUM
normal,NORMAL,2.87,LOW
neptune,ANOMALY,81.26,HIGH
neptune,ANOMALY,85.97,HIGH
smurf,NORMAL,48.62,MEDIUM
mscan,ANOMALY,75.22,HIGH
normal,NORMAL,3.39,LOW
warezmaster,NORMAL,50.16,MEDIUM
normal,NORMAL,19.38,LOW
normal,NORMAL,0.51,LOW
normal,NORMAL,35.71,MEDIUM
neptune,ANOMALY,82.32,HIGH
back,NORMAL,19.36,LOW
apache2,ANOMALY,62.18,MEDIUM
neptune,ANOMALY,74.99,HIGH
normal,NORMAL,1.75,LOW
normal,NORMAL,1.32,LOW
normal,ANOMALY,65.33,MEDIUM
guess_passwd,NORMAL,9.94,LOW
smurf,ANOMALY,55.49,MEDIUM
guess_passwd,NORMAL,11.8,LOW
normal,NORMAL,39.93,MEDIUM
processtable,ANOMALY,67.4,MEDIUM
mscan,ANOMALY,76.03,HIGH
neptune,ANOMALY,85.93,HIGH
normal,NORMAL,1.64,LOW
normal,NORMAL,1.87,LOW
normal,NORMAL,1.87,LOW
neptune,ANOMALY,78.79,HIGH
neptune,ANOMALY,80.39,HIGH
neptune,ANOMALY,82.4,HIGH
normal,NORMAL,11.26,LOW
satan,ANOMALY,94.64,HIGH
normal,NORMAL,9.8,LOW
apache2,ANOMALY,57.97,MEDIUM
normal,NORMAL,1.03,LOW
neptune,ANOMALY,81.07,HIGH
neptune,ANOMALY,87.28,HIGH
neptune,ANOMALY,75.61,HIGH
neptune,ANOMALY,87.02,HIGH
satan,ANOMALY,94.3,HIGH
neptune,ANOMALY,80.49,HIGH
normal,NORMAL,22.4,LOW
smurf,NORMAL,44.94,MEDIUM
normal,NORMAL,0.96,LOW
named,NORMAL,24.68,LOW
warezmaster,NORMAL,29.58,LOW
normal,NORMAL,30.99,MEDIUM
satan,ANOMALY,94.6,HIGH
neptune,ANOMALY,84.62,HIGH
smurf,ANOMALY,55.47,MEDIUM
normal,NORMAL,5.98,LOW
neptune,ANOMALY,76.22,HIGH
normal,NORMAL,0.64,LOW
warezmaster,ANOMALY,55.25,MEDIUM
neptune,ANOMALY,86.3,HIGH
neptune,ANOMALY,76.27,HIGH
apache2,ANOMALY,58.37,MEDIUM
normal,NORMAL,0.48,LOW
normal,NORMAL,1.29,LOW
neptune,ANOMALY,87.12,HIGH
back,NORMAL,24.76,LOW
normal,NORMAL,0.38,LOW
normal,NORMAL,1.96,LOW
neptune,ANOMALY,81.12,HIGH
neptune,ANOMALY,81.76,HIGH
normal,NORMAL,17.77,LOW
neptune,ANOMALY,81.64,HIGH
normal,NORMAL,19.32,LOW
satan,ANOMALY,62.6,MEDIUM
normal,NORMAL,4.94,LOW
processtable,NORMAL,38.14,MEDIUM
normal,NORMAL,1.24,LOW
normal,NORMAL,3.4,LOW
warezmaster,NORMAL,20.22,LOW
mailbomb,NORMAL,15.12,LOW
neptune,ANOMALY,80.7,HIGH
normal,NORMAL,23.9,LOW
normal,NORMAL,1.88,LOW
normal,NORMAL,1.31,LOW
mscan,ANOMALY,74.9,HIGH
neptune,ANOMALY,86.97,HIGH
normal,NORMAL,18.65,LOW
apache2,ANOMALY,64.48,MEDIUM
normal,NORMAL,4.13,LOW
normal,NORMAL,7.09,LOW
guess_passwd,NORMAL,10.48,LOW
normal,NORMAL,3.61,LOW
mailbomb,NORMAL,22.45,LOW
satan,ANOMALY,92.42,HIGH
warezmaster,NORMAL,27.96,LOW
normal,NORMAL,35.9,MEDIUM
snmpguess,NORMAL,26.38,LOW
guess_passwd,NORMAL,21.59,LOW
pod,NORMAL,50.97,MEDIUM
normal,NORMAL,49.71,MEDIUM
warezmaster,NORMAL,31.57,MEDIUM
guess_passwd,NORMAL,12.26,LOW
httptunnel,ANOMALY,61.8,MEDIUM
normal,NORMAL,50.09,MEDIUM
mscan,ANOMALY,80.89,HIGH
neptune,ANOMALY,92.37,HIGH
normal,NORMAL,28.6,LOW
apache2,ANOMALY,65.07,MEDIUM
portsweep,ANOMALY,81.98,HIGH
normal,NORMAL,0.2,LOW
normal,NORMAL,37.92,MEDIUM
normal,NORMAL,18.56,LOW
normal,NORMAL,1.19,LOW
satan,ANOMALY,92.85,HIGH
normal,NORMAL,1.37,LOW
normal,NORMAL,49.72,MEDIUM
back,NORMAL,16.67,LOW
apache2,NORMAL,45.5,MEDIUM
mailbomb,NORMAL,14.14,LOW
processtable,ANOMALY,66.42,MEDIUM
normal,NORMAL,1.35,LOW
normal,NORMAL,0.57,LOW
back,NORMAL,18.92,LOW
normal,NORMAL,20.12,LOW
normal,NORMAL,0.65,LOW
apache2,ANOMALY,76.52,HIGH
normal,NORMAL,5.2,LOW
normal,NORMAL,0.46,LOW
normal,NORMAL,11.72,LOW
smurf,ANOMALY,58.49,MEDIUM
normal,NORMAL,3.85,LOW
satan,ANOMALY,94.42,HIGH
mscan,ANOMALY,78.93,HIGH
neptune,ANOMALY,81.02,HIGH
xlock,NORMAL,38.83,MEDIUM
neptune,ANOMALY,74.94,HIGH
neptune,ANOMALY,85.63,HIGH
warezmaster,NORMAL,29.72,LOW
mscan,ANOMALY,75.69,HIGH
normal,NORMAL,19.52,LOW
ipsweep,ANOMALY,55.43,MEDIUM
guess_passwd,NORMAL,30.7,MEDIUM
normal,NORMAL,2.52,LOW
mailbomb,NORMAL,31.9,MEDIUM
snmpguess,NORMAL,39.93,MEDIUM
normal,NORMAL,0.34,LOW
normal,NORMAL,1.58,LOW
mailbomb,NORMAL,27.88,LOW
satan,ANOMALY,64.19,MEDIUM
back,NORMAL,39.9,MEDIUM
normal,NORMAL,0.4,LOW
guess_passwd,NORMAL,21.68,LOW
neptune,ANOMALY,81.5,HIGH
normal,NORMAL,3.89,LOW
back,NORMAL,21.31,LOW
neptune,ANOMALY,87.48,HIGH
mailbomb,NORMAL,29.89,LOW
normal,NORMAL,7.88,LOW
portsweep,ANOMALY,92.12,HIGH
back,NORMAL,27.18,LOW
apache2,ANOMALY,76.1,HIGH
satan,ANOMALY,94.85,HIGH
neptune,ANOMALY,80.01,HIGH
normal,NORMAL,27.03,LOW
normal,NORMAL,1.21,LOW
normal,NORMAL,3.67,LOW
neptune,ANOMALY,79.92,HIGH
mailbomb,NORMAL,18.14,LOW
apache2,ANOMALY,59.58,MEDIUM
neptune,ANOMALY,80.7,HIGH
normal,NORMAL,0.58,LOW
ftp_write,NORMAL,18.35,LOW
back,NORMAL,22.18,LOW
normal,NORMAL,0.63,LOW
normal,ANOMALY,63.9,MEDIUM
neptune,ANOMALY,81.97,HIGH
normal,NORMAL,2.13,LOW
mailbomb,NORMAL,19.87,LOW
saint,NORMAL,30.22,MEDIUM
processtable,NORMAL,47.01,MEDIUM
normal,ANOMALY,74.1,HIGH
satan,ANOMALY,67.61,MEDIUM
guess_passwd,NORMAL,14.99,LOW
neptune,ANOMALY,76.82,HIGH
apache2,ANOMALY,55.09,MEDIUM
warezmaster,NORMAL,24.55,LOW
smurf,NORMAL,38.53,MEDIUM
neptune,ANOMALY,88.92,HIGH
back,NORMAL,14.61,LOW
neptune,ANOMALY,82.11,HIGH
land,ANOMALY,69.41,MEDIUM
neptune,ANOMALY,81.09,HIGH
neptune,ANOMALY,80.49,HIGH
mscan,ANOMALY,66.76,MEDIUM
mailbomb,NORMAL,12.9,LOW
normal,NORMAL,25.81,LOW
warezmaster,NORMAL,46.67,MEDIUM
normal,NORMAL,1.31,LOW
mscan,ANOMALY,77.77,HIGH
processtable,ANOMALY,56.68,MEDIUM
normal,NORMAL,0.85,LOW
warezmaster,NORMAL,34.76,MEDIUM
neptune,ANOMALY,86.75,HIGH
neptune,ANOMALY,81.81,HIGH
normal,NORMAL,0.17,LOW
normal,NORMAL,4.12,LOW
normal,NORMAL,3.64,LOW
normal,NORMAL,6.86,LOW
satan,ANOMALY,95.16,HIGH
warezmaster,NORMAL,32.76,MEDIUM
ipsweep,ANOMALY,57.12,MEDIUM
normal,NORMAL,1.62,LOW
warezmaster,NORMAL,24.22,LOW
normal,NORMAL,9.78,LOW
neptune,ANOMALY,86.9,HIGH
apache2,ANOMALY,67.78,MEDIUM
processtable,NORMAL,50.24,MEDIUM
guess_passwd,NORMAL,9.89,LOW
normal,NORMAL,4.44,LOW
normal,NORMAL,1.98,LOW
satan,ANOMALY,99.51,HIGH
snmpguess,NORMAL,26.49,LOW
neptune,ANOMALY,74.07,HIGH
normal,NORMAL,0.66,LOW
processtable,NORMAL,39.41,MEDIUM
neptune,ANOMALY,82.13,HIGH
normal,NORMAL,35.77,MEDIUM
normal,ANOMALY,63.36,MEDIUM
guess_passwd,NORMAL,10.51,LOW
apache2,ANOMALY,76.77,HIGH
mscan,ANOMALY,76.75,HIGH
satan,ANOMALY,60.78,MEDIUM
warezmaster,NORMAL,45.4,MEDIUM
normal,NORMAL,1.5,LOW
normal,NORMAL,2.53,LOW
normal,NORMAL,1.63,LOW
snmpguess,NORMAL,26.53,LOW
neptune,ANOMALY,79.85,HIGH
neptune,ANOMALY,86.98,HIGH
warezmaster,NORMAL,30.6,MEDIUM
normal,NORMAL,49.63,MEDIUM
normal,NORMAL,2.13,LOW
neptune,ANOMALY,81.88,HIGH
normal,NORMAL,1.55,LOW
neptune,ANOMALY,76.65,HIGH
neptune,ANOMALY,76.38,HIGH
normal,NORMAL,1.45,LOW
normal,NORMAL,23.29,LOW
neptune,ANOMALY,75.41,HIGH
normal,NORMAL,18.2,LOW
neptune,ANOMALY,86.44,HIGH
satan,ANOMALY,94.61,HIGH
normal,NORMAL,4.56,LOW
normal,NORMAL,0.53,LOW
normal,NORMAL,20.95,LOW
httptunnel,ANOMALY,62.3,MEDIUM
mailbomb,NORMAL,23.41,LOW
normal,NORMAL,1.84,LOW
normal,NORMAL,3.44,LOW
normal,NORMAL,1.07,LOW
warezmaster,NORMAL,29.5,LOW
normal,ANOMALY,75.06,HIGH
neptune,ANOMALY,76.18,HIGH
neptune,ANOMALY,89.24,HIGH
normal,NORMAL,2.04,LOW
normal,NORMAL,10.5,LOW
normal,NORMAL,49.76,MEDIUM
normal,NORMAL,0.97,LOW
apache2,ANOMALY,62.38,MEDIUM
neptune,ANOMALY,76.66,HIGH
normal,NORMAL,2.72,LOW
normal,NORMAL,4.53,LOW
warezmaster,NORMAL,35.24,MEDIUM
neptune,ANOMALY,80.37,HIGH
processtable,ANOMALY,75.71,HIGH
neptune,ANOMALY,81.63,HIGH
pod,NORMAL,50.18,MEDIUM
normal,NORMAL,26.7,LOW
normal,NORMAL,3.2,LOW
neptune,ANOMALY,78.08,HIGH
neptune,ANOMALY,79.73,HIGH
normal,NORMAL,17.76,LOW
normal,NORMAL,1.13,LOW
normal,NORMAL,49.72,MEDIUM
normal,NORMAL,1.58,LOW
normal,NORMAL,4.66,LOW
normal,NORMAL,26.47,LOW
satan,ANOMALY,94.43,HIGH
normal,NORMAL,5.96,LOW
ipsweep,NORMAL,51.6,MEDIUM
warezmaster,NORMAL,28.32,LOW
normal,NORMAL,29.97,LOW
mailbomb,NORMAL,23.94,LOW
normal,NORMAL,1.14,LOW
normal,NORMAL,12.7,LOW
neptune,ANOMALY,77.08,HIGH
normal,NORMAL,0.22,LOW
normal,NORMAL,3.08,LOW
normal,NORMAL,2.35,LOW
saint,ANOMALY,92.18,HIGH
normal,NORMAL,1.54,LOW
neptune,ANOMALY,75.54,HIGH
neptune,ANOMALY,87.2,HIGH
neptune,ANOMALY,81.83,HIGH
snmpguess,NORMAL,26.2,LOW
normal,NORMAL,22.16,LOW
guess_passwd,NORMAL,21.73,LOW
normal,NORMAL,1.19,LOW
back,NORMAL,18.61,LOW
neptune,ANOMALY,80.47,HIGH
normal,NORMAL,0.6,LOW
satan,ANOMALY,64.66,MEDIUM
mscan,ANOMALY,75.1,HIGH
neptune,ANOMALY,81.07,HIGH
xterm,NORMAL,29.2,LOW
satan,ANOMALY,67.6,MEDIUM
normal,NORMAL,4.58,LOW
back,NORMAL,19.56,LOW
normal,NORMAL,28.14,LOW
normal,NORMAL,3.19,LOW
neptune,ANOMALY,80.65,HIGH
normal,NORMAL,3.47,LOW
normal,NORMAL,11.73,LOW
pod,NORMAL,40.67,MEDIUM
normal,NORMAL,4.1,LOW
normal,NORMAL,0.73,LOW
normal,NORMAL,3.61,LOW
neptune,ANOMALY,74.16,HIGH
normal,NORMAL,1.26,LOW
normal,NORMAL,19.39,LOW
neptune,ANOMALY,75.58,HIGH
normal,NORMAL,3.1,LOW
normal,NORMAL,30.79,MEDIUM
processtable,NORMAL,37.27,MEDIUM
smurf,NORMAL,47.71,MEDIUM
normal,NORMAL,1.44,LOW
normal,NORMAL,50.09,MEDIUM
normal,NORMAL,0.51,LOW
neptune,ANOMALY,83.51,HIGH
pod,ANOMALY,57.2,MEDIUM
normal,NORMAL,3.06,LOW
normal,NORMAL,26.85,LOW
normal,NORMAL,3.27,LOW
mscan,NORMAL,41.72,MEDIUM
satan,ANOMALY,92.28,HIGH
neptune,ANOMALY,70.41,HIGH
neptune,ANOMALY,81.9,HIGH
saint,ANOMALY,86.58,HIGH
apache2,ANOMALY,66.2,MEDIUM
normal,NORMAL,2.3,LOW
guess_passwd,NORMAL,13.07,LOW
warezmaster,NORMAL,35.75,MEDIUM
apache2,ANOMALY,72.66,HIGH
normal,NORMAL,0.89,LOW
neptune,ANOMALY,75.28,HIGH
normal,NORMAL,1.44,LOW
neptune,ANOMALY,80.13,HIGH
guess_passwd,NORMAL,20.66,LOW
neptune,ANOMALY,76.32,HIGH
smurf,NORMAL,41.51,MEDIUM
normal,NORMAL,49.62,MEDIUM
normal,NORMAL,0.61,LOW
normal,NORMAL,3.33,LOW
warezmaster,NORMAL,28.28,LOW
normal,NORMAL,7.79,LOW
back,NORMAL,20.27,LOW
neptune,ANOMALY,75.41,HIGH
normal,NORMAL,2.17,LOW
normal,NORMAL,3.26,LOW
normal,NORMAL,18.79,LOW
guess_passwd,NORMAL,9.99,LOW
normal,NORMAL,50.45,MEDIUM
mscan,ANOMALY,83.88,HIGH
normal,NORMAL,0.26,LOW
saint,ANOMALY,52.95,MEDIUM
processtable,NORMAL,50.46,MEDIUM
portsweep,ANOMALY,77.41,HIGH
smurf,ANOMALY,52.82,MEDIUM
neptune,ANOMALY,74.83,HIGH
neptune,ANOMALY,83.71,HIGH
neptune,ANOMALY,80.68,HIGH
normal,NORMAL,4.43,LOW
normal,NORMAL,3.35,LOW
snmpgetattack,NORMAL,26.79,LOW
nmap,ANOMALY,82.03,HIGH
normal,NORMAL,2.94,LOW
normal,NORMAL,0.24,LOW
named,NORMAL,33.61,MEDIUM
normal,NORMAL,0.48,LOW
normal,NORMAL,9.27,LOW
normal,NORMAL,2.09,LOW
normal,NORMAL,29.43,LOW
normal,NORMAL,0.71,LOW
normal,NORMAL,2.25,LOW
normal,NORMAL,20.5,LOW
normal,NORMAL,5.7,LOW
snmpgetattack,NORMAL,27.56,LOW
neptune,ANOMALY,86.85,HIGH
smurf,ANOMALY,52.33,MEDIUM
ipsweep,NORMAL,51.71,MEDIUM
guess_passwd,NORMAL,10.23,LOW
back,NORMAL,17.88,LOW
normal,ANOMALY,70.07,HIGH
normal,NORMAL,0.87,LOW
guess_passwd,NORMAL,10.53,LOW
neptune,ANOMALY,79.34,HIGH
httptunnel,ANOMALY,61.8,MEDIUM
normal,NORMAL,29.91,LOW
normal,NORMAL,4.0,LOW
neptune,ANOMALY,81.22,HIGH
neptune,ANOMALY,81.61,HIGH
neptune,ANOMALY,81.85,HIGH
normal,NORMAL,32.32,MEDIUM
neptune,ANOMALY,79.07,HIGH
neptune,ANOMALY,78.33,HIGH
normal,NORMAL,0.5,LOW
normal,NORMAL,0.59,LOW
normal,NORMAL,1.2,LOW
warezmaster,NORMAL,27.77,LOW
neptune,ANOMALY,76.15,HIGH
warezmaster,NORMAL,23.29,LOW
back,NORMAL,34.07,MEDIUM
normal,ANOMALY,60.32,MEDIUM
normal,NORMAL,1.42,LOW
normal,NORMAL,3.84,LOW
normal,NORMAL,18.11,LOW
normal,NORMAL,1.16,LOW
mscan,ANOMALY,74.32,HIGH
normal,NORMAL,0.86,LOW
normal,NORMAL,4.2,LOW
warezmaster,NORMAL,26.05,LOW
smurf,NORMAL,35.73,MEDIUM
normal,NORMAL,2.3,LOW
smurf,NORMAL,45.46,MEDIUM
normal,NORMAL,2.91,LOW
neptune,ANOMALY,81.09,HIGH
mailbomb,NORMAL,27.25,LOW
neptune,ANOMALY,85.28,HIGH
neptune,ANOMALY,84.98,HIGH
normal,NORMAL,5.26,LOW
normal,NORMAL,17.75,LOW
neptune,ANOMALY,86.78,HIGH
neptune,ANOMALY,80.66,HIGH
named,ANOMALY,56.56,MEDIUM
warezmaster,NORMAL,23.18,LOW
neptune,ANOMALY,85.1,HIGH
normal,NORMAL,0.84,LOW
normal,NORMAL,11.76,LOW
guess_passwd,NORMAL,21.79,LOW
neptune,ANOMALY,75.41,HIGH
neptune,ANOMALY,75.02,HIGH
guess_passwd,NORMAL,20.96,LOW
satan,ANOMALY,94.61,HIGH
normal,NORMAL,23.95,LOW
normal,NORMAL,4.07,LOW
guess_passwd,NORMAL,19.65,LOW
normal,NORMAL,8.11,LOW
apache2,ANOMALY,76.17,HIGH
guess_passwd,NORMAL,9.58,LOW
processtable,ANOMALY,63.81,MEDIUM
rootkit,NORMAL,21.9,LOW
neptune,ANOMALY,75.6,HIGH
normal,NORMAL,2.35,LOW
satan,ANOMALY,92.13,HIGH
normal,NORMAL,4.22,LOW
normal,NORMAL,2.93,LOW
normal,NORMAL,1.58,LOW
guess_passwd,NORMAL,10.18,LOW
normal,NORMAL,1.18,LOW
mscan,ANOMALY,80.16,HIGH
satan,ANOMALY,93.81,HIGH
normal,NORMAL,18.21,LOW
snmpgetattack,NORMAL,26.92,LOW
processtable,ANOMALY,65.43,MEDIUM
neptune,ANOMALY,82.18,HIGH
satan,ANOMALY,94.64,HIGH
normal,NORMAL,0.59,LOW
saint,ANOMALY,93.8,HIGH
satan,ANOMALY,93.74,HIGH
mailbomb,NORMAL,32.26,MEDIUM
normal,NORMAL,19.9,LOW
snmpguess,NORMAL,26.27,LOW
smurf,ANOMALY,55.04,MEDIUM
neptune,ANOMALY,81.34,HIGH
smurf,ANOMALY,52.82,MEDIUM
apache2,ANOMALY,76.15,HIGH
nmap,ANOMALY,82.38,HIGH
warezmaster,NORMAL,31.44,MEDIUM
normal,NORMAL,0.77,LOW
normal,NORMAL,1.06,LOW
neptune,ANOMALY,81.24,HIGH
neptune,ANOMALY,81.77,HIGH
processtable,NORMAL,43.69,MEDIUM
neptune,ANOMALY,84.63,HIGH
guess_passwd,NORMAL,10.21,LOW
mscan,ANOMALY,78.2,HIGH
back,NORMAL,15.92,LOW
normal,NORMAL,1.6,LOW
warezmaster,NORMAL,46.24,MEDIUM
snmpguess,NORMAL,26.74,LOW
snmpguess,NORMAL,26.61,LOW
neptune,ANOMALY,79.25,HIGH
neptune,ANOMALY,75.61,HIGH
apache2,NORMAL,49.64,MEDIUM
neptune,ANOMALY,76.58,HIGH
neptune,ANOMALY,76.18,HIGH
normal,NORMAL,1.09,LOW
normal,NORMAL,2.34,LOW
neptune,ANOMALY,80.34,HIGH
neptune,ANOMALY,86.53,HIGH
normal,NORMAL,7.44,LOW
normal,NORMAL,20.41,LOW
normal,NORMAL,2.35,LOW
normal,NORMAL,24.45,LOW
normal,NORMAL,1.0,LOW
normal,NORMAL,15.6,LOW
normal,NORMAL,49.6,MEDIUM
mscan,ANOMALY,63.32,MEDIUM
neptune,ANOMALY,86.51,HIGH
normal,NORMAL,1.66,LOW
satan,ANOMALY,94.65,HIGH
neptune,ANOMALY,82.16,HIGH
processtable,NORMAL,50.24,MEDIUM
normal,NORMAL,26.57,LOW
normal,NORMAL,0.76,LOW
normal,NORMAL,21.75,LOW
smurf,NORMAL,38.92,MEDIUM
normal,NORMAL,1.16,LOW
normal,NORMAL,2.93,LOW
normal,NORMAL,3.89,LOW
smurf,NORMAL,41.28,MEDIUM
warezmaster,NORMAL,27.87,LOW
normal,NORMAL,4.21,LOW
neptune,ANOMALY,81.94,HIGH
normal,NORMAL,1.62,LOW
normal,NORMAL,1.16,LOW
normal,NORMAL,7.88,LOW
satan,ANOMALY,99.63,HIGH
neptune,ANOMALY,79.59,HIGH
apache2,ANOMALY,70.29,HIGH
normal,NORMAL,8.69,LOW
warezmaster,NORMAL,24.78,LOW
guess_passwd,NORMAL,10.49,LOW
normal,NORMAL,2.19,LOW
normal,NORMAL,2.2,LOW
normal,NORMAL,2.12,LOW
normal,NORMAL,0.47,LOW
normal,NORMAL,18.62,LOW
apache2,ANOMALY,76.71,HIGH
normal,NORMAL,9.85,LOW
neptune,ANOMALY,81.33,HIGH
normal,NORMAL,2.09,LOW
satan,ANOMALY,94.92,HIGH
httptunnel,ANOMALY,61.99,MEDIUM
neptune,ANOMALY,81.13,HIGH
neptune,ANOMALY,76.38,HIGH
neptune,ANOMALY,81.55,HIGH
guess_passwd,NORMAL,20.82,LOW
normal,ANOMALY,60.05,MEDIUM
neptune,ANOMALY,87.48,HIGH
normal,NORMAL,1.51,LOW
neptune,ANOMALY,81.55,HIGH
snmpgetattack,NORMAL,26.95,LOW
neptune,ANOMALY,75.99,HIGH
normal,NORMAL,19.71,LOW
mscan,ANOMALY,82.85,HIGH
normal,NORMAL,9.41,LOW
saint,ANOMALY,95.02,HIGH
normal,NORMAL,26.84,LOW
processtable,ANOMALY,56.17,MEDIUM
normal,NORMAL,1.59,LOW
normal,NORMAL,1.0,LOW
neptune,ANOMALY,86.42,HIGH
processtable,NORMAL,49.08,MEDIUM
normal,NORMAL,27.74,LOW
processtable,ANOMALY,67.07,MEDIUM
processtable,NORMAL,38.41,MEDIUM
normal,NORMAL,4.46,LOW
normal,NORMAL,3.54,LOW
neptune,ANOMALY,80.31,HIGH
warezmaster,ANOMALY,52.43,MEDIUM
normal,NORMAL,32.74,MEDIUM
normal,NORMAL,1.12,LOW
warezmaster,NORMAL,28.9,LOW
normal,NORMAL,19.19,LOW
normal,NORMAL,22.57,LOW
normal,NORMAL,33.33,MEDIUM
normal,NORMAL,4.11,LOW
guess_passwd,NORMAL,27.66,LOW
normal,NORMAL,9.82,LOW
neptune,ANOMALY,81.95,HIGH
mscan,ANOMALY,77.1,HIGH
mscan,ANOMALY,80.39,HIGH
guess_passwd,NORMAL,10.04,LOW
neptune,ANOMALY,81.85,HIGH
normal,NORMAL,7.12,LOW
normal,NORMAL,1.97,LOW
neptune,ANOMALY,82.22,HIGH
neptune,ANOMALY,86.67,HIGH
normal,NORMAL,0.24,LOW
normal,NORMAL,2.39,LOW
snmpgetattack,NORMAL,27.57,LOW
normal,NORMAL,50.56,MEDIUM
saint,ANOMALY,94.27,HIGH
normal,NORMAL,1.67,LOW
normal,NORMAL,19.53,LOW
neptune,ANOMALY,79.87,HIGH
neptune,ANOMALY,87.02,HIGH
mscan,ANOMALY,68.2,MEDIUM
normal,NORMAL,3.29,LOW
normal,NORMAL,2.44,LOW
normal,NORMAL,19.03,LOW
mscan,ANOMALY,66.26,MEDIUM
normal,NORMAL,17.88,LOW
normal,NORMAL,5.15,LOW
normal,NORMAL,0.61,LOW
normal,NORMAL,22.67,LOW
back,NORMAL,17.68,LOW
neptune,ANOMALY,80.55,HIGH
neptune,ANOMALY,85.92,HIGH
satan,ANOMALY,67.62,MEDIUM
warezmaster,NORMAL,27.47,LOW
normal,NORMAL,0.92,LOW
neptune,ANOMALY,80.12,HIGH
mscan,ANOMALY,77.88,HIGH
satan,ANOMALY,93.9,HIGH
normal,NORMAL,0.63,LOW
processtable,ANOMALY,56.68,MEDIUM
normal,NORMAL,0.96,LOW
neptune,ANOMALY,78.37,HIGH
normal,NORMAL,0.53,LOW
normal,NORMAL,4.16,LOW
neptune,ANOMALY,87.18,HIGH
warezmaster,NORMAL,29.49,LOW
normal,NORMAL,6.22,LOW
normal,NORMAL,19.21,LOW
snmpguess,NORMAL,26.53,LOW
neptune,ANOMALY,81.18,HIGH
mscan,ANOMALY,78.07,HIGH
normal,NORMAL,0.55,LOW
normal,NORMAL,0.93,LOW
normal,NORMAL,18.48,LOW
neptune,ANOMALY,81.28,HIGH
normal,NORMAL,18.56,LOW
neptune,ANOMALY,80.58,HIGH
apache2,NORMAL,47.2,MEDIUM
normal,NORMAL,3.26,LOW
normal,NORMAL,2.47,LOW
normal,NORMAL,1.73,LOW
normal,NORMAL,0.98,LOW
neptune,ANOMALY,79.85,HIGH
normal,NORMAL,18.76,LOW
normal,NORMAL,4.54,LOW
neptune,ANOMALY,85.95,HIGH
neptune,ANOMALY,82.2,HIGH
neptune,ANOMALY,76.32,HIGH
normal,NORMAL,1.3,LOW
normal,NORMAL,0.64,LOW
neptune,ANOMALY,81.19,HIGH
normal,NORMAL,1.82,LOW
satan,ANOMALY,94.23,HIGH
neptune,ANOMALY,81.61,HIGH
normal,NORMAL,2.62,LOW
neptune,ANOMALY,72.86,HIGH
buffer_overflow,ANOMALY,63.19,MEDIUM
satan,ANOMALY,92.4,HIGH
normal,NORMAL,20.34,LOW
satan,ANOMALY,92.19,HIGH
neptune,ANOMALY,74.68,HIGH
guess_passwd,NORMAL,27.38,LOW
neptune,ANOMALY,80.86,HIGH
neptune,ANOMALY,82.45,HIGH
normal,NORMAL,0.48,LOW
mscan,ANOMALY,69.96,MEDIUM
apache2,ANOMALY,70.88,HIGH
normal,ANOMALY,63.71,MEDIUM
neptune,ANOMALY,81.77,HIGH
neptune,ANOMALY,80.73,HIGH
normal,NORMAL,16.12,LOW
mscan,ANOMALY,72.06,HIGH
neptune,ANOMALY,82.23,HIGH
normal,NORMAL,25.99,LOW
mscan,ANOMALY,66.67,MEDIUM
normal,NORMAL,1.22,LOW
neptune,ANOMALY,86.34,HIGH
apache2,ANOMALY,57.27,MEDIUM
normal,NORMAL,19.0,LOW
warezmaster,NORMAL,22.83,LOW
normal,NORMAL,49.19,MEDIUM
normal,NORMAL,17.0,LOW
neptune,ANOMALY,92.43,HIGH
neptune,ANOMALY,76.29,HIGH
snmpgetattack,NORMAL,27.12,LOW
neptune,ANOMALY,85.36,HIGH
warezmaster,NORMAL,35.49,MEDIUM
normal,NORMAL,1.08,LOW
normal,NORMAL,49.65,MEDIUM
normal,NORMAL,47.5,MEDIUM
neptune,ANOMALY,93.23,HIGH
normal,NORMAL,22.41,LOW
httptunnel,ANOMALY,62.58,MEDIUM
neptune,ANOMALY,83.32,HIGH
normal,NORMAL,1.27,LOW
normal,NORMAL,19.79,LOW
normal,NORMAL,1.5,LOW
normal,NORMAL,20.94,LOW
guess_passwd,NORMAL,16.95,LOW
snmpguess,NORMAL,40.05,MEDIUM
back,NORMAL,40.57,MEDIUM
warezmaster,NORMAL,29.13,LOW
normal,NORMAL,9.96,LOW
neptune,ANOMALY,78.89,HIGH
ipsweep,ANOMALY,58.6,MEDIUM
neptune,ANOMALY,81.8,HIGH
guess_passwd,NORMAL,10.42,LOW
normal,NORMAL,2.87,LOW
smurf,NORMAL,38.65,MEDIUM
normal,NORMAL,2.22,LOW
normal,NORMAL,2.58,LOW
mscan,ANOMALY,67.42,MEDIUM
normal,NORMAL,4.09,LOW
normal,NORMAL,2.28,LOW
smurf,ANOMALY,52.04,MEDIUM
neptune,ANOMALY,76.06,HIGH
smurf,NORMAL,38.66,MEDIUM
warezmaster,ANOMALY,52.46,MEDIUM
apache2,ANOMALY,57.86,MEDIUM
neptune,ANOMALY,81.25,HIGH
warezmaster,NORMAL,17.11,LOW
normal,NORMAL,35.9,MEDIUM
apache2,ANOMALY,76.75,HIGH
back,NORMAL,34.73,MEDIUM
normal,NORMAL,18.22,LOW
normal,NORMAL,0.41,LOW
normal,NORMAL,35.54,MEDIUM
normal,NORMAL,2.18,LOW
apache2,ANOMALY,75.84,HIGH
normal,NORMAL,1.41,LOW
normal,NORMAL,0.52,LOW
mailbomb,NORMAL,27.93,LOW
guess_passwd,NORMAL,21.64,LOW
saint,ANOMALY,93.72,HIGH
normal,NORMAL,1.21,LOW
smurf,NORMAL,39.31,MEDIUM
normal,NORMAL,6.2,LOW
warezmaster,NORMAL,37.83,MEDIUM
guess_passwd,NORMAL,21.68,LOW
neptune,ANOMALY,80.39,HIGH
normal,NORMAL,1.18,LOW
mailbomb,NORMAL,26.39,LOW
neptune,ANOMALY,81.33,HIGH
normal,NORMAL,1.6,LOW
normal,NORMAL,1.56,LOW
guess_passwd,NORMAL,11.34,LOW
neptune,ANOMALY,76.36,HIGH
normal,NORMAL,8.41,LOW
normal,NORMAL,0.64,LOW
neptune,ANOMALY,86.26,HIGH
normal,NORMAL,23.24,LOW
neptune,ANOMALY,76.52,HIGH
normal,NORMAL,0.41,LOW
saint,ANOMALY,52.68,MEDIUM
mscan,ANOMALY,81.01,HIGH
normal,NORMAL,17.01,LOW
neptune,ANOMALY,81.14,HIGH
normal,NORMAL,0.73,LOW
normal,NORMAL,45.38,MEDIUM
warezmaster,NORMAL,35.53,MEDIUM
snmpgetattack,NORMAL,28.18,LOW
normal,NORMAL,2.61,LOW
neptune,ANOMALY,74.18,HIGH
processtable,ANOMALY,76.21,HIGH
normal,NORMAL,1.43,LOW
neptune,ANOMALY,87.37,HIGH
normal,NORMAL,2.34,LOW
normal,NORMAL,2.34,LOW
normal,NORMAL,1.82,LOW
apache2,ANOMALY,73.91,HIGH
normal,NORMAL,27.0,LOW
normal,NORMAL,2.75,LOW
saint,ANOMALY,92.1,HIGH
neptune,ANOMALY,75.6,HIGH
satan,ANOMALY,94.05,HIGH
normal,NORMAL,10.86,LOW
ipsweep,ANOMALY,56.52,MEDIUM
smurf,NORMAL,44.64,MEDIUM
neptune,ANOMALY,80.08,HIGH
normal,NORMAL,0.32,LOW
guess_passwd,NORMAL,21.63,LOW
apache2,ANOMALY,58.39,MEDIUM
normal,NORMAL,18.98,LOW
back,NORMAL,15.29,LOW
neptune,ANOMALY,86.7,HIGH
warezmaster,NORMAL,29.52,LOW
guess_passwd,NORMAL,27.2,LOW
normal,NORMAL,3.3,LOW
normal,NORMAL,38.15,MEDIUM
mscan,ANOMALY,69.8,MEDIUM
snmpguess,NORMAL,26.4,LOW
guess_passwd,NORMAL,22.3,LOW
normal,ANOMALY,76.98,HIGH
warezmaster,NORMAL,29.11,LOW
processtable,NORMAL,46.0,MEDIUM
normal,NORMAL,0.58,LOW
normal,NORMAL,3.62,LOW
guess_passwd,NORMAL,20.42,LOW
back,NORMAL,17.91,LOW
normal,NORMAL,4.76,LOW
snmpgetattack,NORMAL,28.12,LOW
neptune,ANOMALY,79.15,HIGH
normal,NORMAL,2.1,LOW
normal,NORMAL,1.97,LOW
normal,NORMAL,22.98,LOW
mscan,ANOMALY,80.84,HIGH
normal,NORMAL,0.74,LOW
normal,NORMAL,49.72,MEDIUM
smurf,NORMAL,45.67,MEDIUM
normal,NORMAL,8.79,LOW
neptune,ANOMALY,82.54,HIGH
normal,NORMAL,2.83,LOW
normal,NORMAL,1.25,LOW
snmpguess,NORMAL,26.54,LOW
neptune,ANOMALY,81.74,HIGH
mailbomb,NORMAL,18.23,LOW
normal,NORMAL,18.08,LOW
guess_passwd,NORMAL,13.67,LOW
neptune,ANOMALY,85.59,HIGH
normal,NORMAL,16.31,LOW
normal,NORMAL,0.24,LOW
normal,NORMAL,0.4,LOW
neptune,ANOMALY,75.59,HIGH
normal,NORMAL,24.66,LOW
neptune,ANOMALY,86.75,HIGH
mailbomb,NORMAL,19.79,LOW
normal,NORMAL,0.5,LOW
normal,NORMAL,2.39,LOW
neptune,ANOMALY,78.99,HIGH
normal,NORMAL,1.86,LOW
satan,ANOMALY,94.3,HIGH
apache2,ANOMALY,54.74,MEDIUM
neptune,ANOMALY,86.92,HIGH
normal,NORMAL,0.74,LOW
normal,NORMAL,13.61,LOW
neptune,ANOMALY,86.36,HIGH
normal,NORMAL,1.48,LOW
normal,NORMAL,0.74,LOW
neptune,ANOMALY,88.52,HIGH
normal,NORMAL,15.51,LOW
normal,NORMAL,0.58,LOW
neptune,ANOMALY,80.62,HIGH
neptune,ANOMALY,79.91,HIGH
normal,NORMAL,9.33,LOW
neptune,ANOMALY,79.15,HIGH
normal,NORMAL,2.43,LOW
normal,NORMAL,19.4,LOW
neptune,ANOMALY,81.54,HIGH
normal,NORMAL,35.3,MEDIUM
normal,NORMAL,2.32,LOW
normal,NORMAL,33.71,MEDIUM
ipsweep,NORMAL,49.1,MEDIUM
neptune,ANOMALY,76.54,HIGH
guess_passwd,NORMAL,10.08,LOW
processtable,NORMAL,44.96,MEDIUM
normal,NORMAL,3.02,LOW
ipsweep,ANOMALY,55.52,MEDIUM
normal,NORMAL,2.22,LOW
normal,NORMAL,2.88,LOW
normal,NORMAL,26.51,LOW
udpstorm,NORMAL,39.6,MEDIUM
smurf,ANOMALY,59.02,MEDIUM
mscan,ANOMALY,66.9,MEDIUM
normal,NORMAL,1.24,LOW
normal,NORMAL,37.46,MEDIUM
normal,NORMAL,28.79,LOW
normal,NORMAL,4.46,LOW
normal,NORMAL,0.65,LOW
satan,ANOMALY,85.01,HIGH
processtable,ANOMALY,55.78,MEDIUM
neptune,ANOMALY,81.9,HIGH
apache2,ANOMALY,67.73,MEDIUM
neptune,ANOMALY,80.42,HIGH
mscan,ANOMALY,70.15,HIGH
processtable,ANOMALY,51.9,MEDIUM
mscan,ANOMALY,75.67,HIGH
neptune,ANOMALY,81.11,HIGH
normal,NORMAL,3.59,LOW
neptune,ANOMALY,82.07,HIGH
apache2,ANOMALY,58.1,MEDIUM
normal,NORMAL,17.7,LOW
snmpguess,NORMAL,26.35,LOW
neptune,ANOMALY,83.47,HIGH
normal,NORMAL,1.51,LOW
processtable,NORMAL,51.12,MEDIUM
normal,NORMAL,2.57,LOW
processtable,ANOMALY,75.71,HIGH
processtable,ANOMALY,75.83,HIGH
sendmail,NORMAL,25.5,LOW
normal,NORMAL,49.26,MEDIUM
mscan,ANOMALY,65.0,MEDIUM
back,NORMAL,14.53,LOW
smurf,ANOMALY,52.99,MEDIUM
apache2,ANOMALY,59.24,MEDIUM
normal,NORMAL,19.4,LOW
neptune,ANOMALY,75.74,HIGH
warezmaster,NORMAL,25.2,LOW
normal,NORMAL,5.6,LOW
apache2,NORMAL,51.43,MEDIUM
guess_passwd,NORMAL,9.2,LOW
neptune,ANOMALY,81.57,HIGH
satan,ANOMALY,63.58,MEDIUM
neptune,ANOMALY,85.42,HIGH
normal,NORMAL,33.25,MEDIUM
normal,NORMAL,0.61,LOW
normal,NORMAL,0.81,LOW
neptune,ANOMALY,81.72,HIGH
normal,NORMAL,25.47,LOW
neptune,ANOMALY,80.7,HIGH
satan,ANOMALY,94.61,HIGH
normal,NORMAL,2.17,LOW
saint,ANOMALY,58.86,MEDIUM
neptune,ANOMALY,82.04,HIGH
neptune,ANOMALY,80.22,HIGH
smurf,NORMAL,41.65,MEDIUM
guess_passwd,NORMAL,9.78,LOW
processtable,ANOMALY,76.01,HIGH
warezmaster,NORMAL,28.32,LOW
portsweep,ANOMALY,73.86,HIGH
back,NORMAL,33.64,MEDIUM
normal,NORMAL,1.35,LOW
neptune,ANOMALY,76.09,HIGH
normal,NORMAL,2.95,LOW
neptune,ANOMALY,86.44,HIGH
mscan,ANOMALY,78.78,HIGH
mailbomb,NORMAL,31.57,MEDIUM
normal,NORMAL,2.86,LOW
smurf,ANOMALY,62.01,MEDIUM
pod,NORMAL,40.74,MEDIUM
neptune,ANOMALY,91.25,HIGH
normal,NORMAL,20.77,LOW
normal,NORMAL,1.18,LOW
snmpguess,NORMAL,26.44,LOW
neptune,ANOMALY,76.94,HIGH
neptune,ANOMALY,81.63,HIGH
normal,NORMAL,2.15,LOW
normal,NORMAL,0.44,LOW
normal,NORMAL,2.75,LOW
saint,ANOMALY,91.36,HIGH
normal,NORMAL,1.39,LOW
normal,NORMAL,17.5,LOW
guess_passwd,NORMAL,10.52,LOW
normal,NORMAL,7.39,LOW
guess_passwd,NORMAL,10.18,LOW
neptune,ANOMALY,81.76,HIGH
processtable,NORMAL,49.57,MEDIUM
normal,NORMAL,37.46,MEDIUM
neptune,ANOMALY,82.2,HIGH
normal,NORMAL,1.63,LOW
neptune,ANOMALY,78.79,HIGH
neptune,ANOMALY,85.27,HIGH
normal,NORMAL,5.37,LOW
normal,NORMAL,24.94,LOW
normal,NORMAL,3.7,LOW
satan,ANOMALY,63.78,MEDIUM
apache2,ANOMALY,62.02,MEDIUM
neptune,ANOMALY,80.62,HIGH
warezmaster,NORMAL,29.63,LOW
processtable,NORMAL,43.92,MEDIUM
normal,NORMAL,18.36,LOW
normal,NORMAL,1.47,LOW
neptune,ANOMALY,87.29,HIGH
neptune,ANOMALY,82.36,HIGH
smurf,NORMAL,47.89,MEDIUM
normal,NORMAL,0.88,LOW
normal,NORMAL,29.16,LOW
normal,NORMAL,1.36,LOW
normal,NORMAL,9.0,LOW
processtable,ANOMALY,76.3,HIGH
snmpguess,NORMAL,26.56,LOW
satan,ANOMALY,93.83,HIGH
normal,NORMAL,0.46,LOW
warezmaster,NORMAL,16.87,LOW
smurf,NORMAL,47.62,MEDIUM
neptune,ANOMALY,86.57,HIGH
normal,NORMAL,0.6,LOW
apache2,ANOMALY,65.3,MEDIUM
back,NORMAL,16.43,LOW
normal,NORMAL,0.29,LOW
normal,NORMAL,0.93,LOW
ipsweep,ANOMALY,52.6,MEDIUM
normal,NORMAL,5.09,LOW
normal,NORMAL,1.63,LOW
normal,NORMAL,19.12,LOW
neptune,ANOMALY,80.39,HIGH
normal,NORMAL,0.33,LOW
mscan,ANOMALY,82.37,HIGH
normal,NORMAL,4.9,LOW
normal,NORMAL,32.02,MEDIUM
neptune,ANOMALY,83.84,HIGH
guess_passwd,NORMAL,20.3,LOW
apache2,ANOMALY,55.0,MEDIUM
normal,NORMAL,1.37,LOW
normal,NORMAL,3.65,LOW
normal,NORMAL,5.29,LOW
normal,NORMAL,19.1,LOW
neptune,ANOMALY,80.48,HIGH
neptune,ANOMALY,80.22,HIGH
warezmaster,NORMAL,26.41,LOW
processtable,ANOMALY,76.33,HIGH
normal,NORMAL,0.59,LOW
normal,NORMAL,4.43,LOW
normal,NORMAL,9.79,LOW
normal,NORMAL,0.8,LOW
normal,NORMAL,1.93,LOW
guess_passwd,NORMAL,14.7,LOW
normal,NORMAL,0.81,LOW
normal,NORMAL,4.63,LOW
neptune,ANOMALY,81.69,HIGH
snmpgetattack,NORMAL,26.67,LOW
normal,ANOMALY,53.45,MEDIUM
normal,NORMAL,17.89,LOW
neptune,ANOMALY,86.66,HIGH
neptune,ANOMALY,77.57,HIGH
buffer_overflow,NORMAL,38.43,MEDIUM
processtable,ANOMALY,51.78,MEDIUM
normal,NORMAL,0.81,LOW
normal,NORMAL,11.57,LOW
normal,NORMAL,0.98,LOW
normal,NORMAL,0.36,LOW
neptune,ANOMALY,80.52,HIGH
normal,NORMAL,10.86,LOW
back,NORMAL,41.47,MEDIUM
normal,NORMAL,17.58,LOW
normal,NORMAL,0.74,LOW
normal,NORMAL,3.47,LOW
smurf,ANOMALY,55.12,MEDIUM
normal,NORMAL,8.84,LOW
normal,NORMAL,18.92,LOW
normal,NORMAL,1.48,LOW
normal,NORMAL,0.32,LOW
normal,NORMAL,10.86,LOW
normal,NORMAL,5.81,LOW
normal,NORMAL,3.41,LOW
normal,NORMAL,8.29,LOW
normal,NORMAL,2.32,LOW
processtable,NORMAL,38.97,MEDIUM
neptune,ANOMALY,76.09,HIGH
normal,NORMAL,2.38,LOW
normal,NORMAL,4.94,LOW
snmpguess,NORMAL,26.43,LOW
neptune,ANOMALY,86.11,HIGH
smurf,ANOMALY,52.27,MEDIUM
normal,NORMAL,2.8,LOW
guess_passwd,NORMAL,10.26,LOW
normal,NORMAL,2.26,LOW
normal,NORMAL,40.01,MEDIUM
normal,NORMAL,5.43,LOW
neptune,ANOMALY,80.45,HIGH
neptune,ANOMALY,81.7,HIGH
smurf,ANOMALY,54.61,MEDIUM
normal,NORMAL,42.28,MEDIUM
neptune,ANOMALY,79.96,HIGH
normal,NORMAL,0.71,LOW
mscan,ANOMALY,81.87,HIGH
neptune,ANOMALY,82.43,HIGH
normal,NORMAL,18.71,LOW
normal,NORMAL,17.3,LOW
warezmaster,NORMAL,44.9,MEDIUM
back,NORMAL,16.85,LOW
neptune,ANOMALY,81.28,HIGH
normal,NORMAL,1.2,LOW
neptune,ANOMALY,81.4,HIGH
neptune,ANOMALY,82.51,HIGH
warezmaster,NORMAL,48.9,MEDIUM
normal,NORMAL,2.84,LOW
normal,NORMAL,1.03,LOW
snmpguess,NORMAL,26.39,LOW
processtable,NORMAL,40.09,MEDIUM
normal,NORMAL,49.2,MEDIUM
normal,NORMAL,1.8,LOW
neptune,ANOMALY,82.23,HIGH
httptunnel,ANOMALY,62.9,MEDIUM
normal,NORMAL,0.7,LOW
normal,NORMAL,3.12,LOW
back,NORMAL,41.96,MEDIUM
normal,NORMAL,17.84,LOW
normal,NORMAL,5.29,LOW
normal,NORMAL,28.85,LOW
satan,ANOMALY,92.22,HIGH
normal,NORMAL,1.92,LOW
neptune,ANOMALY,82.09,HIGH
normal,NORMAL,49.71,MEDIUM
normal,NORMAL,2.35,LOW
normal,NORMAL,2.1,LOW
normal,NORMAL,24.16,LOW
neptune,ANOMALY,81.29,HIGH
saint,ANOMALY,55.93,MEDIUM
guess_passwd,NORMAL,10.86,LOW
neptune,ANOMALY,80.41,HIGH
normal,NORMAL,1.89,LOW
ipsweep,ANOMALY,51.76,MEDIUM
warezmaster,NORMAL,46.07,MEDIUM
normal,NORMAL,6.73,LOW
neptune,ANOMALY,86.99,HIGH
normal,NORMAL,1.13,LOW
warezmaster,NORMAL,35.81,MEDIUM
httptunnel,ANOMALY,60.25,MEDIUM
normal,NORMAL,6.74,LOW
neptune,ANOMALY,76.28,HIGH
nmap,ANOMALY,81.68,HIGH
normal,NORMAL,18.53,LOW
normal,NORMAL,49.21,MEDIUM
neptune,ANOMALY,74.37,HIGH
neptune,ANOMALY,79.73,HIGH
normal,NORMAL,32.89,MEDIUM
normal,NORMAL,21.93,LOW
processtable,NORMAL,50.46,MEDIUM
normal,NORMAL,0.95,LOW
normal,NORMAL,2.55,LOW
snmpguess,NORMAL,26.11,LOW
normal,NORMAL,4.82,LOW
normal,NORMAL,2.04,LOW
normal,NORMAL,20.4,LOW
saint,ANOMALY,94.19,HIGH
normal,NORMAL,16.04,LOW
warezmaster,NORMAL,29.35,LOW
normal,NORMAL,20.48,LOW
satan,ANOMALY,94.82,HIGH
normal,NORMAL,2.04,LOW
neptune,ANOMALY,86.41,HIGH
neptune,ANOMALY,79.36,HIGH
normal,NORMAL,49.72,MEDIUM
smurf,ANOMALY,51.79,MEDIUM
normal,NORMAL,18.21,LOW
normal,NORMAL,22.48,LOW
neptune,ANOMALY,81.94,HIGH
neptune,ANOMALY,75.05,HIGH
neptune,ANOMALY,76.63,HIGH
normal,NORMAL,3.45,LOW
neptune,ANOMALY,82.27,HIGH
processtable,NORMAL,38.26,MEDIUM
processtable,ANOMALY,66.77,MEDIUM
normal,NORMAL,2.3,LOW
normal,NORMAL,9.06,LOW
normal,NORMAL,1.86,LOW
normal,NORMAL,4.12,LOW
neptune,ANOMALY,86.48,HIGH
normal,NORMAL,12.29,LOW
processtable,ANOMALY,56.58,MEDIUM
neptune,ANOMALY,85.64,HIGH
normal,NORMAL,1.68,LOW
normal,NORMAL,9.24,LOW
neptune,ANOMALY,79.3,HIGH
normal,NORMAL,24.05,LOW
satan,ANOMALY,99.61,HIGH
neptune,ANOMALY,86.33,HIGH
normal,NORMAL,1.02,LOW
mscan,ANOMALY,79.57,HIGH
neptune,ANOMALY,73.45,HIGH
normal,NORMAL,13.09,LOW
normal,NORMAL,3.96,LOW
normal,NORMAL,13.57,LOW
satan,ANOMALY,94.53,HIGH
normal,NORMAL,1.27,LOW
httptunnel,ANOMALY,62.65,MEDIUM
guess_passwd,NORMAL,10.16,LOW
normal,NORMAL,6.45,LOW
ipsweep,NORMAL,51.72,MEDIUM
normal,NORMAL,17.83,LOW
apache2,NORMAL,44.9,MEDIUM
normal,NORMAL,11.53,LOW
snmpguess,NORMAL,26.39,LOW
guess_passwd,ANOMALY,58.16,MEDIUM
neptune,ANOMALY,75.98,HIGH
satan,ANOMALY,93.35,HIGH
normal,NORMAL,6.5,LOW
normal,NORMAL,17.8,LOW
neptune,ANOMALY,80.47,HIGH
normal,NORMAL,0.94,LOW
smurf,NORMAL,49.55,MEDIUM
normal,NORMAL,0.47,LOW
neptune,ANOMALY,88.34,HIGH
neptune,ANOMALY,86.48,HIGH
normal,NORMAL,4.38,LOW
normal,NORMAL,1.66,LOW
apache2,ANOMALY,76.82,HIGH
normal,NORMAL,0.27,LOW
neptune,ANOMALY,75.64,HIGH
satan,ANOMALY,65.54,MEDIUM
apache2,ANOMALY,65.73,MEDIUM
mailbomb,NORMAL,23.38,LOW
neptune,ANOMALY,80.6,HIGH
normal,NORMAL,0.41,LOW
neptune,ANOMALY,85.5,HIGH
guess_passwd,NORMAL,11.8,LOW
snmpguess,NORMAL,26.74,LOW
normal,NORMAL,0.65,LOW
neptune,ANOMALY,82.11,HIGH
neptune,ANOMALY,81.71,HIGH
normal,NORMAL,2.77,LOW
normal,NORMAL,10.98,LOW
processtable,ANOMALY,76.5,HIGH
normal,NORMAL,1.64,LOW
normal,NORMAL,1.09,LOW
satan,ANOMALY,65.01,MEDIUM
normal,NORMAL,14.11,LOW
normal,NORMAL,0.59,LOW
neptune,ANOMALY,77.0,HIGH
normal,NORMAL,22.14,LOW
ipsweep,ANOMALY,52.02,MEDIUM
neptune,ANOMALY,80.59,HIGH
normal,NORMAL,8.11,LOW
neptune,ANOMALY,80.71,HIGH
normal,NORMAL,0.81,LOW
normal,NORMAL,51.36,MEDIUM
normal,NORMAL,4.93,LOW
guess_passwd,NORMAL,11.6,LOW
normal,NORMAL,0.73,LOW
guess_passwd,NORMAL,15.29,LOW
normal,NORMAL,1.83,LOW
neptune,ANOMALY,83.59,HIGH
neptune,ANOMALY,80.88,HIGH
normal,NORMAL,1.08,LOW
warezmaster,NORMAL,35.48,MEDIUM
normal,NORMAL,1.26,LOW
satan,ANOMALY,65.06,MEDIUM
normal,NORMAL,6.75,LOW
warezmaster,NORMAL,27.14,LOW
portsweep,ANOMALY,72.3,HIGH
normal,NORMAL,1.53,LOW
apache2,ANOMALY,52.75,MEDIUM
normal,NORMAL,20.45,LOW
neptune,ANOMALY,85.2,HIGH
saint,ANOMALY,95.02,HIGH
normal,NORMAL,1.34,LOW
neptune,ANOMALY,75.13,HIGH
guess_passwd,NORMAL,28.95,LOW
warezmaster,NORMAL,28.05,LOW
normal,NORMAL,0.85,LOW
neptune,ANOMALY,79.53,HIGH
mscan,ANOMALY,70.67,HIGH
mscan,ANOMALY,66.13,MEDIUM
satan,ANOMALY,56.98,MEDIUM
processtable,NORMAL,47.88,MEDIUM
normal,NORMAL,26.4,LOW
mscan,ANOMALY,65.33,MEDIUM
normal,NORMAL,2.3,LOW
normal,NORMAL,0.62,LOW
neptune,ANOMALY,80.65,HIGH
warezmaster,NORMAL,27.87,LOW
neptune,ANOMALY,81.69,HIGH
neptune,ANOMALY,79.2,HIGH
normal,NORMAL,28.19,LOW
normal,ANOMALY,54.35,MEDIUM
apache2,ANOMALY,57.84,MEDIUM
normal,NORMAL,1.35,LOW
normal,NORMAL,2.24,LOW
neptune,ANOMALY,81.11,HIGH
mailbomb,NORMAL,24.1,LOW
neptune,ANOMALY,80.55,HIGH
warezmaster,NORMAL,32.48,MEDIUM
normal,NORMAL,0.99,LOW
smurf,ANOMALY,57.1,MEDIUM
neptune,ANOMALY,81.86,HIGH
normal,NORMAL,0.73,LOW
guess_passwd,NORMAL,15.38,LOW
snmpguess,NORMAL,26.28,LOW
normal,ANOMALY,55.04,MEDIUM
normal,NORMAL,2.1,LOW
back,NORMAL,43.46,MEDIUM
normal,NORMAL,0.39,LOW
normal,NORMAL,15.58,LOW
normal,NORMAL,2.33,LOW
normal,NORMAL,49.71,MEDIUM
saint,ANOMALY,94.11,HIGH
normal,NORMAL,16.08,LOW
normal,NORMAL,49.8,MEDIUM
normal,NORMAL,1.9,LOW
neptune,ANOMALY,79.11,HIGH
normal,NORMAL,38.76,MEDIUM
normal,NORMAL,0.58,LOW
normal,NORMAL,20.15,LOW
apache2,NORMAL,48.79,MEDIUM
normal,NORMAL,18.34,LOW
normal,NORMAL,22.46,LOW
neptune,ANOMALY,87.03,HIGH
snmpgetattack,NORMAL,40.75,MEDIUM
neptune,ANOMALY,80.8,HIGH
guess_passwd,NORMAL,9.41,LOW
saint,ANOMALY,54.02,MEDIUM
neptune,ANOMALY,86.9,HIGH
neptune,ANOMALY,82.0,HIGH
normal,NORMAL,14.3,LOW
neptune,ANOMALY,80.82,HIGH
mailbomb,NORMAL,12.29,LOW
neptune,ANOMALY,81.26,HIGH
ipsweep,ANOMALY,52.74,MEDIUM
neptune,ANOMALY,86.6,HIGH
normal,NORMAL,26.91,LOW
warezmaster,NORMAL,46.07,MEDIUM
processtable,ANOMALY,56.99,MEDIUM
normal,NORMAL,1.63,LOW
neptune,ANOMALY,76.2,HIGH
normal,NORMAL,1.16,LOW
normal,NORMAL,1.69,LOW
warezmaster,NORMAL,32.5,MEDIUM
warezmaster,NORMAL,29.43,LOW
mscan,ANOMALY,78.6,HIGH
neptune,ANOMALY,82.2,HIGH
normal,NORMAL,2.07,LOW
mscan,ANOMALY,66.74,MEDIUM
mscan,ANOMALY,81.59,HIGH
normal,NORMAL,0.42,LOW
normal,NORMAL,7.76,LOW
normal,NORMAL,0.69,LOW
guess_passwd,NORMAL,20.82,LOW
normal,NORMAL,0.9,LOW
normal,NORMAL,36.27,MEDIUM
smurf,NORMAL,41.65,MEDIUM
neptune,ANOMALY,85.88,HIGH
guess_passwd,NORMAL,20.97,LOW
normal,NORMAL,9.69,LOW
mscan,NORMAL,46.28,MEDIUM
neptune,ANOMALY,79.75,HIGH
processtable,NORMAL,38.14,MEDIUM
snmpguess,NORMAL,26.61,LOW
processtable,ANOMALY,65.84,MEDIUM
neptune,ANOMALY,72.8,HIGH
neptune,ANOMALY,75.02,HIGH
normal,NORMAL,0.24,LOW
satan,ANOMALY,94.61,HIGH
normal,NORMAL,2.31,LOW
apache2,NORMAL,46.58,MEDIUM
neptune,ANOMALY,85.87,HIGH
neptune,ANOMALY,80.65,HIGH
normal,NORMAL,2.57,LOW
normal,NORMAL,5.14,LOW
snmpguess,NORMAL,26.14,LOW
smurf,NORMAL,39.81,MEDIUM
mscan,ANOMALY,66.53,MEDIUM
neptune,ANOMALY,81.27,HIGH
neptune,ANOMALY,74.33,HIGH
normal,NORMAL,0.65,LOW
apache2,ANOMALY,67.23,MEDIUM
satan,ANOMALY,62.97,MEDIUM
neptune,ANOMALY,85.86,HIGH
normal,NORMAL,0.21,LOW
guess_passwd,NORMAL,9.96,LOW
normal,NORMAL,5.31,LOW
normal,NORMAL,2.55,LOW
apache2,ANOMALY,67.36,MEDIUM
normal,NORMAL,32.84,MEDIUM
normal,NORMAL,2.02,LOW
back,NORMAL,17.14,LOW
normal,NORMAL,4.36,LOW
normal,NORMAL,22.09,LOW
snmpgetattack,NORMAL,27.21,LOW
warezmaster,NORMAL,30.78,MEDIUM
snmpgetattack,NORMAL,29.08,LOW
mscan,ANOMALY,76.2,HIGH
normal,NORMAL,0.45,LOW
normal,NORMAL,21.72,LOW
normal,NORMAL,1.64,LOW
normal,NORMAL,16.63,LOW
mscan,ANOMALY,78.99,HIGH
guess_passwd,NORMAL,15.4,LOW
normal,NORMAL,1.91,LOW
neptune,ANOMALY,80.03,HIGH
neptune,ANOMALY,78.94,HIGH
neptune,ANOMALY,79.81,HIGH
neptune,ANOMALY,81.65,HIGH
satan,ANOMALY,94.08,HIGH
warezmaster,NORMAL,38.48,MEDIUM
processtable,NORMAL,49.83,MEDIUM
normal,NORMAL,6.03,LOW
normal,ANOMALY,53.35,MEDIUM
normal,NORMAL,21.65,LOW
snmpgetattack,NORMAL,26.57,LOW
normal,NORMAL,0.54,LOW
ipsweep,ANOMALY,55.34,MEDIUM
mscan,ANOMALY,65.92,MEDIUM
buffer_overflow,ANOMALY,66.0,MEDIUM
normal,NORMAL,0.96,LOW
neptune,ANOMALY,81.89,HIGH
normal,NORMAL,39.48,MEDIUM
satan,ANOMALY,59.45,MEDIUM
back,NORMAL,20.13,LOW
satan,ANOMALY,60.66,MEDIUM
neptune,ANOMALY,82.6,HIGH
apache2,ANOMALY,56.75,MEDIUM
neptune,ANOMALY,82.04,HIGH
normal,NORMAL,1.88,LOW
normal,NORMAL,2.48,LOW
neptune,ANOMALY,86.75,HIGH
normal,NORMAL,1.26,LOW
neptune,ANOMALY,75.7,HIGH
normal,NORMAL,1.57,LOW
mscan,ANOMALY,79.12,HIGH
normal,NORMAL,27.97,LOW
normal,NORMAL,4.07,LOW
normal,NORMAL,20.41,LOW
normal,NORMAL,8.61,LOW
mscan,ANOMALY,69.2,MEDIUM
normal,NORMAL,7.54,LOW
normal,NORMAL,2.11,LOW
normal,NORMAL,25.91,LOW
neptune,ANOMALY,82.22,HIGH
normal,NORMAL,1.84,LOW
normal,NORMAL,1.03,LOW
normal,NORMAL,1.58,LOW
guess_passwd,NORMAL,21.82,LOW
neptune,ANOMALY,74.89,HIGH
neptune,ANOMALY,80.02,HIGH
neptune,ANOMALY,74.8,HIGH
normal,NORMAL,17.32,LOW
normal,NORMAL,1.15,LOW
normal,NORMAL,0.73,LOW
normal,NORMAL,11.12,LOW
back,NORMAL,25.54,LOW
normal,NORMAL,27.0,LOW
neptune,ANOMALY,81.25,HIGH
normal,NORMAL,1.51,LOW
warezmaster,NORMAL,27.36,LOW
neptune,ANOMALY,80.29,HIGH
apache2,ANOMALY,56.37,MEDIUM
normal,NORMAL,0.48,LOW
apache2,ANOMALY,65.52,MEDIUM
neptune,ANOMALY,81.04,HIGH
back,NORMAL,15.87,LOW
satan,NORMAL,44.56,MEDIUM
normal,NORMAL,17.99,LOW
normal,NORMAL,1.12,LOW
warezmaster,NORMAL,32.37,MEDIUM
ipsweep,ANOMALY,57.58,MEDIUM
mailbomb,NORMAL,19.57,LOW
normal,NORMAL,18.53,LOW
satan,ANOMALY,93.03,HIGH
neptune,ANOMALY,82.54,HIGH
neptune,ANOMALY,81.37,HIGH
normal,NORMAL,20.35,LOW
normal,NORMAL,5.63,LOW
apache2,NORMAL,51.43,MEDIUM
warezmaster,NORMAL,26.32,LOW
normal,NORMAL,0.65,LOW
normal,NORMAL,5.33,LOW
mailbomb,NORMAL,19.27,LOW
back,NORMAL,15.97,LOW
normal,NORMAL,20.26,LOW
normal,NORMAL,3.69,LOW
normal,NORMAL,0.56,LOW
guess_passwd,NORMAL,11.96,LOW
normal,NORMAL,12.89,LOW
guess_passwd,NORMAL,10.03,LOW
saint,ANOMALY,92.61,HIGH
neptune,ANOMALY,87.47,HIGH
neptune,ANOMALY,86.11,HIGH
normal,NORMAL,20.92,LOW
normal,NORMAL,3.32,LOW
smurf,NORMAL,35.1,MEDIUM
neptune,ANOMALY,87.31,HIGH
normal,NORMAL,0.67,LOW
neptune,ANOMALY,82.33,HIGH
normal,NORMAL,39.11,MEDIUM
neptune,ANOMALY,76.38,HIGH
normal,NORMAL,2.69,LOW
normal,NORMAL,6.04,LOW
normal,NORMAL,21.9,LOW
neptune,ANOMALY,86.44,HIGH
neptune,ANOMALY,82.89,HIGH
neptune,ANOMALY,79.21,HIGH
mailbomb,NORMAL,14.39,LOW
neptune,ANOMALY,81.11,HIGH
mscan,ANOMALY,86.08,HIGH
neptune,ANOMALY,74.78,HIGH
satan,ANOMALY,94.66,HIGH
warezmaster,NORMAL,27.88,LOW
snmpguess,NORMAL,26.53,LOW
normal,NORMAL,2.71,LOW
mailbomb,NORMAL,18.87,LOW
normal,NORMAL,1.81,LOW
normal,NORMAL,17.56,LOW
normal,NORMAL,1.75,LOW
normal,NORMAL,0.45,LOW
normal,NORMAL,1.46,LOW
neptune,ANOMALY,81.73,HIGH
normal,NORMAL,49.69,MEDIUM
neptune,ANOMALY,79.83,HIGH
normal,NORMAL,14.7,LOW
neptune,ANOMALY,82.04,HIGH
neptune,ANOMALY,82.15,HIGH
smurf,NORMAL,49.07,MEDIUM
neptune,ANOMALY,76.67,HIGH
normal,NORMAL,3.24,LOW
normal,ANOMALY,53.07,MEDIUM
mscan,ANOMALY,80.55,HIGH
smurf,ANOMALY,52.86,MEDIUM
normal,NORMAL,20.01,LOW
normal,NORMAL,16.96,LOW
normal,NORMAL,13.0,LOW
neptune,ANOMALY,86.66,HIGH
smurf,NORMAL,47.92,MEDIUM
smurf,NORMAL,47.89,MEDIUM
normal,NORMAL,7.34,LOW
mscan,ANOMALY,78.45,HIGH
guess_passwd,NORMAL,11.63,LOW
normal,NORMAL,17.94,LOW
normal,NORMAL,2.64,LOW
processtable,NORMAL,50.54,MEDIUM
neptune,ANOMALY,80.37,HIGH
guess_passwd,NORMAL,9.46,LOW
neptune,ANOMALY,80.73,HIGH
normal,NORMAL,19.44,LOW
saint,ANOMALY,53.48,MEDIUM
snmpgetattack,NORMAL,30.69,MEDIUM
neptune,ANOMALY,79.21,HIGH
normal,NORMAL,2.57,LOW
normal,NORMAL,1.57,LOW
neptune,ANOMALY,74.18,HIGH
warezmaster,NORMAL,39.56,MEDIUM
guess_passwd,NORMAL,10.03,LOW
back,NORMAL,16.78,LOW
normal,NORMAL,27.27,LOW
processtable,NORMAL,39.48,MEDIUM
neptune,ANOMALY,83.66,HIGH
normal,NORMAL,6.24,LOW
saint,ANOMALY,93.72,HIGH
processtable,NORMAL,44.46,MEDIUM
normal,NORMAL,6.81,LOW
mscan,ANOMALY,80.71,HIGH
normal,NORMAL,50.09,MEDIUM
guess_passwd,NORMAL,20.3,LOW
neptune,ANOMALY,81.02,HIGH
apache2,ANOMALY,66.64,MEDIUM
neptune,ANOMALY,80.18,HIGH
normal,NORMAL,16.59,LOW
pod,NORMAL,50.23,MEDIUM
normal,NORMAL,1.43,LOW
neptune,ANOMALY,73.98,HIGH
guess_passwd,NORMAL,50.36,MEDIUM
normal,NORMAL,1.88,LOW
satan,ANOMALY,94.43,HIGH
mscan,ANOMALY,78.99,HIGH
normal,NORMAL,1.38,LOW
normal,NORMAL,12.31,LOW
normal,NORMAL,49.69,MEDIUM
guess_passwd,NORMAL,12.61,LOW
normal,NORMAL,2.27,LOW
warezmaster,NORMAL,18.56,LOW
land,ANOMALY,91.22,HIGH
normal,ANOMALY,64.31,MEDIUM
normal,NORMAL,6.89,LOW
neptune,ANOMALY,76.06,HIGH
neptune,ANOMALY,79.94,HIGH
neptune,ANOMALY,82.04,HIGH
warezmaster,NORMAL,35.13,MEDIUM
smurf,NORMAL,36.77,MEDIUM
neptune,ANOMALY,81.78,HIGH
neptune,ANOMALY,81.64,HIGH
normal,NORMAL,0.38,LOW
normal,NORMAL,4.95,LOW
rootkit,ANOMALY,70.37,HIGH
neptune,ANOMALY,81.1,HIGH
neptune,ANOMALY,85.28,HIGH
normal,NORMAL,4.99,LOW
normal,NORMAL,0.29,LOW
neptune,ANOMALY,82.27,HIGH
normal,NORMAL,10.98,LOW
neptune,ANOMALY,89.79,HIGH
neptune,ANOMALY,80.77,HIGH
normal,NORMAL,20.16,LOW
normal,NORMAL,1.53,LOW
neptune,ANOMALY,81.07,HIGH
neptune,ANOMALY,76.29,HIGH
normal,NORMAL,2.32,LOW
neptune,ANOMALY,81.07,HIGH
neptune,ANOMALY,80.59,HIGH
saint,ANOMALY,92.8,HIGH
neptune,ANOMALY,85.74,HIGH
warezmaster,NORMAL,27.93,LOW
normal,NORMAL,45.03,MEDIUM
neptune,ANOMALY,81.1,HIGH
neptune,ANOMALY,80.91,HIGH
normal,NORMAL,18.67,LOW
neptune,ANOMALY,81.77,HIGH
normal,NORMAL,0.95,LOW
normal,NORMAL,31.89,MEDIUM
normal,NORMAL,3.78,LOW
neptune,ANOMALY,80.83,HIGH
guess_passwd,NORMAL,28.33,LOW
neptune,ANOMALY,80.72,HIGH
processtable,NORMAL,51.48,MEDIUM
neptune,ANOMALY,80.41,HIGH
processtable,ANOMALY,66.52,MEDIUM
normal,NORMAL,2.64,LOW
neptune,ANOMALY,73.92,HIGH
neptune,ANOMALY,76.22,HIGH
warezmaster,ANOMALY,66.59,MEDIUM
neptune,ANOMALY,74.74,HIGH
normal,NORMAL,2.65,LOW
normal,NORMAL,2.51,LOW
apache2,ANOMALY,70.86,HIGH
normal,ANOMALY,71.9,HIGH
apache2,ANOMALY,73.65,HIGH
normal,NORMAL,50.11,MEDIUM
apache2,ANOMALY,72.93,HIGH
neptune,ANOMALY,81.04,HIGH
normal,NORMAL,38.28,MEDIUM
neptune,ANOMALY,81.81,HIGH
normal,NORMAL,3.18,LOW
mscan,ANOMALY,79.61,HIGH
normal,NORMAL,1.75,LOW
warezmaster,NORMAL,27.82,LOW
saint,NORMAL,43.95,MEDIUM
normal,NORMAL,0.58,LOW
normal,NORMAL,0.41,LOW
satan,ANOMALY,94.16,HIGH
normal,NORMAL,10.54,LOW
snmpguess,NORMAL,26.44,LOW
neptune,ANOMALY,82.18,HIGH
guess_passwd,NORMAL,21.69,LOW
normal,NORMAL,0.64,LOW
normal,NORMAL,49.66,MEDIUM
teardrop,NORMAL,44.13,MEDIUM
normal,NORMAL,23.3,LOW
warezmaster,NORMAL,27.9,LOW
normal,NORMAL,17.76,LOW
normal,NORMAL,49.66,MEDIUM
normal,NORMAL,2.28,LOW
smurf,ANOMALY,52.19,MEDIUM
normal,NORMAL,1.64,LOW
normal,NORMAL,47.67,MEDIUM
normal,NORMAL,18.88,LOW
normal,NORMAL,1.44,LOW
mscan,ANOMALY,79.25,HIGH
normal,NORMAL,38.56,MEDIUM
satan,ANOMALY,64.49,MEDIUM
neptune,ANOMALY,76.15,HIGH
normal,NORMAL,2.31,LOW
normal,NORMAL,3.18,LOW
normal,NORMAL,1.8,LOW
normal,NORMAL,16.4,LOW
guess_passwd,NORMAL,8.42,LOW
normal,NORMAL,2.05,LOW
mailbomb,NORMAL,28.19,LOW
normal,NORMAL,36.86,MEDIUM
normal,NORMAL,1.77,LOW
normal,NORMAL,2.92,LOW
neptune,ANOMALY,79.76,HIGH
normal,NORMAL,3.13,LOW
normal,NORMAL,1.08,LOW
normal,NORMAL,14.58,LOW
mscan,ANOMALY,55.49,MEDIUM
normal,NORMAL,0.4,LOW
normal,NORMAL,3.95,LOW
nmap,ANOMALY,82.38,HIGH
neptune,ANOMALY,76.04,HIGH
neptune,ANOMALY,82.36,HIGH
neptune,ANOMALY,87.51,HIGH
guess_passwd,NORMAL,9.51,LOW
processtable,NORMAL,40.37,MEDIUM
satan,ANOMALY,55.8,MEDIUM
ipsweep,ANOMALY,56.51,MEDIUM
neptune,ANOMALY,83.04,HIGH
normal,NORMAL,0.26,LOW
neptune,ANOMALY,80.56,HIGH
normal,NORMAL,0.35,LOW
normal,NORMAL,1.32,LOW
warezmaster,ANOMALY,54.11,MEDIUM
neptune,ANOMALY,86.45,HIGH
normal,NORMAL,32.12,MEDIUM
neptune,ANOMALY,76.01,HIGH
normal,NORMAL,3.16,LOW
normal,NORMAL,0.48,LOW
guess_passwd,NORMAL,13.23,LOW
snmpgetattack,NORMAL,29.3,LOW
mailbomb,NORMAL,18.45,LOW
normal,NORMAL,1.06,LOW
normal,NORMAL,3.06,LOW
normal,NORMAL,0.72,LOW
normal,NORMAL,2.12,LOW
guess_passwd,NORMAL,12.71,LOW
neptune,ANOMALY,77.01,HIGH
neptune,ANOMALY,85.78,HIGH
mailbomb,NORMAL,21.78,LOW
normal,NORMAL,0.48,LOW
normal,NORMAL,2.61,LOW
neptune,ANOMALY,82.2,HIGH
processtable,NORMAL,49.83,MEDIUM
snmpguess,NORMAL,26.1,LOW
normal,NORMAL,18.37,LOW
normal,NORMAL,0.35,LOW
satan,ANOMALY,69.01,MEDIUM
normal,NORMAL,17.18,LOW
normal,NORMAL,6.34,LOW
normal,NORMAL,2.09,LOW
normal,NORMAL,1.64,LOW
normal,NORMAL,7.29,LOW
neptune,ANOMALY,80.39,HIGH
neptune,ANOMALY,75.17,HIGH
normal,NORMAL,2.2,LOW
normal,ANOMALY,64.14,MEDIUM
warezmaster,NORMAL,35.75,MEDIUM
guess_passwd,NORMAL,16.08,LOW
guess_passwd,NORMAL,10.53,LOW
neptune,ANOMALY,90.66,HIGH
normal,NORMAL,1.2,LOW
neptune,ANOMALY,81.84,HIGH
back,NORMAL,18.61,LOW
normal,NORMAL,3.31,LOW
mscan,ANOMALY,59.94,MEDIUM
normal,NORMAL,16.3,LOW
neptune,ANOMALY,78.37,HIGH
processtable,NORMAL,37.75,MEDIUM
neptune,ANOMALY,75.58,HIGH
guess_passwd,NORMAL,20.14,LOW
guess_passwd,NORMAL,35.07,MEDIUM
normal,NORMAL,0.54,LOW
neptune,ANOMALY,80.6,HIGH
saint,ANOMALY,93.83,HIGH
apache2,ANOMALY,53.71,MEDIUM
xsnoop,NORMAL,44.56,MEDIUM
named,ANOMALY,63.59,MEDIUM
neptune,ANOMALY,75.7,HIGH
normal,NORMAL,0.3,LOW
normal,NORMAL,3.0,LOW
warezmaster,NORMAL,33.53,MEDIUM
normal,NORMAL,33.67,MEDIUM
processtable,NORMAL,47.13,MEDIUM
neptune,ANOMALY,75.79,HIGH
neptune,ANOMALY,87.1,HIGH
neptune,ANOMALY,74.32,HIGH
normal,NORMAL,1.1,LOW
normal,NORMAL,45.05,MEDIUM
neptune,ANOMALY,82.15,HIGH
normal,NORMAL,22.46,LOW
normal,NORMAL,0.52,LOW
processtable,NORMAL,44.24,MEDIUM
neptune,ANOMALY,76.05,HIGH
normal,NORMAL,38.32,MEDIUM
saint,ANOMALY,53.68,MEDIUM
neptune,ANOMALY,82.29,HIGH
neptune,ANOMALY,82.0,HIGH
neptune,ANOMALY,74.9,HIGH
processtable,NORMAL,46.31,MEDIUM
satan,ANOMALY,66.01,MEDIUM
normal,NORMAL,3.89,LOW
neptune,ANOMALY,80.86,HIGH
guess_passwd,NORMAL,11.88,LOW
neptune,ANOMALY,80.28,HIGH
neptune,ANOMALY,80.76,HIGH
neptune,ANOMALY,87.18,HIGH
normal,NORMAL,10.24,LOW
normal,NORMAL,2.03,LOW
neptune,ANOMALY,81.55,HIGH
satan,ANOMALY,94.09,HIGH
snmpguess,NORMAL,26.32,LOW
satan,ANOMALY,94.18,HIGH
normal,NORMAL,2.76,LOW
snmpgetattack,NORMAL,27.65,LOW
normal,NORMAL,34.4,MEDIUM
warezmaster,NORMAL,30.64,MEDIUM
neptune,ANOMALY,82.99,HIGH
mscan,ANOMALY,82.3,HIGH
neptune,ANOMALY,85.34,HIGH
normal,NORMAL,34.08,MEDIUM
normal,NORMAL,2.58,LOW
neptune,ANOMALY,81.6,HIGH
neptune,ANOMALY,72.31,HIGH
neptune,ANOMALY,73.9,HIGH
normal,NORMAL,1.43,LOW
neptune,ANOMALY,81.99,HIGH
httptunnel,NORMAL,33.04,MEDIUM
satan,ANOMALY,66.0,MEDIUM
normal,NORMAL,2.33,LOW
normal,NORMAL,3.14,LOW
processtable,NORMAL,37.75,MEDIUM
normal,NORMAL,16.8,LOW
normal,NORMAL,0.84,LOW
normal,NORMAL,3.48,LOW
neptune,ANOMALY,87.33,HIGH
apache2,ANOMALY,60.67,MEDIUM
portsweep,ANOMALY,74.81,HIGH
teardrop,NORMAL,33.64,MEDIUM
normal,NORMAL,1.51,LOW
warezmaster,NORMAL,36.78,MEDIUM
guess_passwd,NORMAL,9.41,LOW
neptune,ANOMALY,82.36,HIGH
normal,NORMAL,49.69,MEDIUM
normal,NORMAL,0.16,LOW
neptune,ANOMALY,81.95,HIGH
neptune,ANOMALY,80.58,HIGH
warezmaster,NORMAL,25.76,LOW
normal,NORMAL,6.14,LOW
normal,NORMAL,0.42,LOW
normal,NORMAL,18.17,LOW
normal,NORMAL,2.4,LOW
neptune,ANOMALY,80.03,HIGH
normal,NORMAL,2.66,LOW
neptune,ANOMALY,75.36,HIGH
normal,NORMAL,0.33,LOW
normal,NORMAL,6.7,LOW
mscan,ANOMALY,75.39,HIGH
normal,NORMAL,3.74,LOW
neptune,ANOMALY,76.2,HIGH
warezmaster,NORMAL,33.27,MEDIUM
apache2,NORMAL,50.81,MEDIUM
normal,NORMAL,1.36,LOW
neptune,ANOMALY,81.52,HIGH
neptune,ANOMALY,86.29,HIGH
satan,ANOMALY,93.99,HIGH
guess_passwd,NORMAL,16.46,LOW
normal,NORMAL,1.22,LOW
neptune,ANOMALY,86.88,HIGH
processtable,ANOMALY,56.66,MEDIUM
neptune,ANOMALY,81.95,HIGH
satan,ANOMALY,61.35,MEDIUM
normal,NORMAL,1.87,LOW
normal,NORMAL,26.18,LOW
normal,NORMAL,0.47,LOW
neptune,ANOMALY,81.64,HIGH
neptune,ANOMALY,87.53,HIGH
guess_passwd,NORMAL,24.95,LOW
normal,NORMAL,1.4,LOW
mscan,ANOMALY,75.41,HIGH
normal,NORMAL,11.72,LOW
warezmaster,NORMAL,29.22,LOW
mscan,ANOMALY,84.76,HIGH
normal,NORMAL,12.22,LOW
normal,NORMAL,3.14,LOW
neptune,ANOMALY,82.11,HIGH
guess_passwd,NORMAL,20.99,LOW
normal,NORMAL,5.55,LOW
neptune,ANOMALY,85.14,HIGH
mscan,ANOMALY,71.9,HIGH
normal,NORMAL,0.34,LOW
guess_passwd,NORMAL,9.27,LOW
normal,NORMAL,0.51,LOW
warezmaster,NORMAL,31.91,MEDIUM
apache2,ANOMALY,54.74,MEDIUM
normal,NORMAL,18.96,LOW
satan,ANOMALY,94.34,HIGH
back,NORMAL,18.6,LOW
apache2,ANOMALY,57.84,MEDIUM
neptune,ANOMALY,86.54,HIGH
normal,NORMAL,50.46,MEDIUM
mscan,ANOMALY,66.79,MEDIUM
guess_passwd,NORMAL,10.01,LOW
mailbomb,NORMAL,20.44,LOW
guess_passwd,NORMAL,26.41,LOW
processtable,ANOMALY,75.82,HIGH
normal,NORMAL,12.73,LOW
ipsweep,NORMAL,50.96,MEDIUM
normal,NORMAL,0.79,LOW
neptune,ANOMALY,82.39,HIGH
normal,NORMAL,2.3,LOW
neptune,ANOMALY,81.13,HIGH
guess_passwd,NORMAL,19.65,LOW
neptune,ANOMALY,76.6,HIGH
normal,NORMAL,32.92,MEDIUM
normal,NORMAL,6.68,LOW
normal,NORMAL,0.66,LOW
normal,NORMAL,5.34,LOW
normal,NORMAL,4.77,LOW
guess_passwd,ANOMALY,56.64,MEDIUM
processtable,ANOMALY,63.97,MEDIUM
normal,NORMAL,0.42,LOW
normal,NORMAL,5.62,LOW
smurf,ANOMALY,58.34,MEDIUM
neptune,ANOMALY,76.52,HIGH
normal,NORMAL,2.0,LOW
neptune,ANOMALY,80.36,HIGH
neptune,ANOMALY,87.2,HIGH
normal,NORMAL,49.7,MEDIUM
normal,NORMAL,2.23,LOW
normal,NORMAL,3.31,LOW
apache2,ANOMALY,62.96,MEDIUM
neptune,ANOMALY,86.23,HIGH
normal,NORMAL,4.65,LOW
neptune,ANOMALY,76.25,HIGH
warezmaster,NORMAL,33.55,MEDIUM
guess_passwd,NORMAL,20.28,LOW
normal,NORMAL,0.34,LOW
normal,NORMAL,27.2,LOW
httptunnel,ANOMALY,62.12,MEDIUM
normal,NORMAL,7.08,LOW
neptune,ANOMALY,74.47,HIGH
normal,NORMAL,22.71,LOW
normal,NORMAL,4.18,LOW
neptune,ANOMALY,81.19,HIGH
neptune,ANOMALY,80.65,HIGH
neptune,ANOMALY,79.61,HIGH
normal,NORMAL,37.22,MEDIUM
normal,NORMAL,1.31,LOW
warezmaster,NORMAL,28.35,LOW
normal,NORMAL,41.61,MEDIUM
normal,NORMAL,18.69,LOW
normal,NORMAL,0.86,LOW
snmpguess,NORMAL,26.6,LOW
httptunnel,ANOMALY,62.18,MEDIUM
mailbomb,NORMAL,24.22,LOW
neptune,ANOMALY,78.61,HIGH
mailbomb,NORMAL,31.57,MEDIUM
processtable,NORMAL,39.6,MEDIUM
normal,NORMAL,2.95,LOW
normal,NORMAL,3.22,LOW
httptunnel,NORMAL,24.27,LOW
guess_passwd,NORMAL,10.1,LOW
neptune,ANOMALY,74.95,HIGH
mscan,ANOMALY,79.04,HIGH
normal,NORMAL,8.33,LOW
normal,ANOMALY,53.59,MEDIUM
mscan,ANOMALY,79.64,HIGH
guess_passwd,NORMAL,9.41,LOW
normal,NORMAL,3.83,LOW
saint,ANOMALY,92.92,HIGH
warezmaster,NORMAL,51.03,MEDIUM
warezmaster,NORMAL,40.85,MEDIUM
normal,NORMAL,15.59,LOW
normal,NORMAL,0.89,LOW
neptune,ANOMALY,86.22,HIGH
normal,NORMAL,0.72,LOW
mscan,ANOMALY,70.9,HIGH
warezmaster,NORMAL,27.08,LOW
processtable,ANOMALY,78.78,HIGH
normal,NORMAL,2.54,LOW
mscan,ANOMALY,78.83,HIGH
normal,NORMAL,1.54,LOW
neptune,ANOMALY,74.45,HIGH
processtable,NORMAL,46.01,MEDIUM
normal,NORMAL,5.36,LOW
neptune,ANOMALY,80.35,HIGH
warezmaster,NORMAL,39.42,MEDIUM
smurf,NORMAL,46.37,MEDIUM
warezmaster,NORMAL,29.47,LOW
normal,NORMAL,1.58,LOW
mscan,ANOMALY,65.35,MEDIUM
neptune,ANOMALY,76.52,HIGH
warezmaster,NORMAL,38.26,MEDIUM
neptune,ANOMALY,78.61,HIGH
normal,NORMAL,1.51,LOW
normal,NORMAL,24.45,LOW
normal,NORMAL,6.35,LOW
neptune,ANOMALY,86.04,HIGH
neptune,ANOMALY,74.76,HIGH
neptune,ANOMALY,80.6,HIGH
warezmaster,NORMAL,27.27,LOW
normal,NORMAL,49.54,MEDIUM
normal,NORMAL,0.8,LOW
neptune,ANOMALY,81.64,HIGH
apache2,ANOMALY,72.39,HIGH
snmpguess,NORMAL,26.49,LOW
normal,NORMAL,28.9,LOW
smurf,NORMAL,50.14,MEDIUM
warezmaster,NORMAL,27.91,LOW
normal,NORMAL,0.61,LOW
ipsweep,ANOMALY,57.13,MEDIUM
normal,NORMAL,5.76,LOW
normal,NORMAL,4.84,LOW
apache2,ANOMALY,76.26,HIGH
neptune,ANOMALY,76.36,HIGH
neptune,ANOMALY,87.38,HIGH
normal,NORMAL,1.17,LOW
neptune,ANOMALY,73.98,HIGH
mscan,ANOMALY,82.63,HIGH
neptune,ANOMALY,80.11,HIGH
guess_passwd,NORMAL,10.76,LOW
portsweep,ANOMALY,76.75,HIGH
normal,NORMAL,13.05,LOW
saint,NORMAL,50.62,MEDIUM
neptune,ANOMALY,76.73,HIGH
normal,NORMAL,46.88,MEDIUM
normal,NORMAL,26.68,LOW
guess_passwd,NORMAL,11.14,LOW
normal,NORMAL,0.37,LOW
normal,NORMAL,11.08,LOW
normal,NORMAL,26.54,LOW
neptune,ANOMALY,82.27,HIGH
warezmaster,NORMAL,28.87,LOW
neptune,ANOMALY,85.6,HIGH
neptune,ANOMALY,80.37,HIGH
processtable,ANOMALY,75.98,HIGH
normal,NORMAL,2.68,LOW
neptune,ANOMALY,81.72,HIGH
mscan,ANOMALY,72.72,HIGH
warezmaster,NORMAL,29.53,LOW
apache2,ANOMALY,63.67,MEDIUM
normal,NORMAL,14.06,LOW
normal,NORMAL,3.14,LOW
neptune,ANOMALY,80.25,HIGH
mscan,ANOMALY,69.28,MEDIUM
neptune,ANOMALY,81.3,HIGH
normal,NORMAL,7.29,LOW
normal,NORMAL,11.59,LOW
normal,NORMAL,3.61,LOW
normal,NORMAL,22.45,LOW
guess_passwd,NORMAL,23.6,LOW
normal,NORMAL,7.98,LOW
neptune,ANOMALY,80.51,HIGH
normal,NORMAL,4.83,LOW
apache2,ANOMALY,67.65,MEDIUM
normal,NORMAL,1.4,LOW
mscan,NORMAL,39.57,MEDIUM
saint,ANOMALY,53.05,MEDIUM
neptune,ANOMALY,81.7,HIGH
normal,NORMAL,3.14,LOW
normal,NORMAL,5.19,LOW
normal,NORMAL,2.22,LOW
normal,NORMAL,4.21,LOW
neptune,ANOMALY,87.03,HIGH
normal,NORMAL,1.99,LOW
normal,NORMAL,0.23,LOW
normal,NORMAL,1.96,LOW
neptune,ANOMALY,80.3,HIGH
neptune,ANOMALY,75.36,HIGH
apache2,NORMAL,49.48,MEDIUM
mscan,ANOMALY,68.88,MEDIUM
ipsweep,ANOMALY,51.95,MEDIUM
normal,NORMAL,3.25,LOW
buffer_overflow,ANOMALY,64.29,MEDIUM
satan,ANOMALY,94.54,HIGH
normal,NORMAL,1.26,LOW
normal,NORMAL,2.34,LOW
normal,NORMAL,34.17,MEDIUM
normal,NORMAL,4.43,LOW
normal,NORMAL,35.06,MEDIUM
normal,NORMAL,3.46,LOW
processtable,ANOMALY,84.89,HIGH
neptune,ANOMALY,86.02,HIGH
normal,NORMAL,34.28,MEDIUM
warezmaster,NORMAL,36.44,MEDIUM
normal,NORMAL,2.08,LOW
mscan,ANOMALY,64.82,MEDIUM
normal,NORMAL,2.09,LOW
mscan,ANOMALY,81.98,HIGH
warezmaster,NORMAL,26.63,LOW
normal,ANOMALY,61.31,MEDIUM
normal,NORMAL,0.31,LOW
normal,NORMAL,3.51,LOW
neptune,ANOMALY,79.48,HIGH
satan,ANOMALY,91.81,HIGH
normal,NORMAL,15.88,LOW
apache2,ANOMALY,76.62,HIGH
normal,NORMAL,21.41,LOW
normal,NORMAL,20.92,LOW
mscan,NORMAL,40.4,MEDIUM
neptune,ANOMALY,80.49,HIGH
normal,NORMAL,0.6,LOW
saint,ANOMALY,93.38,HIGH
normal,NORMAL,33.25,MEDIUM
neptune,ANOMALY,87.12,HIGH
guess_passwd,NORMAL,11.8,LOW
warezmaster,NORMAL,27.98,LOW
normal,NORMAL,0.96,LOW
normal,NORMAL,0.75,LOW
snmpgetattack,NORMAL,27.42,LOW
normal,NORMAL,18.01,LOW
normal,NORMAL,0.72,LOW
normal,NORMAL,34.44,MEDIUM
normal,NORMAL,0.41,LOW
neptune,ANOMALY,76.43,HIGH
smurf,NORMAL,44.41,MEDIUM
normal,NORMAL,3.28,LOW
normal,NORMAL,6.37,LOW
processtable,ANOMALY,63.81,MEDIUM
warezmaster,NORMAL,37.53,MEDIUM
apache2,ANOMALY,76.08,HIGH
normal,NORMAL,2.09,LOW
neptune,ANOMALY,80.65,HIGH
normal,NORMAL,27.22,LOW
normal,NORMAL,5.08,LOW
normal,NORMAL,1.12,LOW
normal,NORMAL,0.32,LOW
ps,NORMAL,19.64,LOW
normal,NORMAL,2.31,LOW
normal,NORMAL,1.38,LOW
normal,NORMAL,0.69,LOW
normal,NORMAL,4.59,LOW
neptune,ANOMALY,82.25,HIGH
normal,NORMAL,4.5,LOW
satan,ANOMALY,67.2,MEDIUM
warezmaster,NORMAL,37.79,MEDIUM
normal,NORMAL,2.21,LOW
portsweep,ANOMALY,66.38,MEDIUM
normal,NORMAL,1.22,LOW
normal,NORMAL,3.25,LOW
guess_passwd,NORMAL,9.4,LOW
neptune,ANOMALY,82.89,HIGH
normal,NORMAL,14.41,LOW
normal,NORMAL,3.79,LOW
normal,NORMAL,2.32,LOW
neptune,ANOMALY,87.25,HIGH
normal,NORMAL,44.32,MEDIUM
normal,NORMAL,4.24,LOW
neptune,ANOMALY,80.36,HIGH
normal,NORMAL,4.08,LOW
neptune,ANOMALY,73.93,HIGH
processtable,ANOMALY,77.65,HIGH
snmpgetattack,NORMAL,26.96,LOW
neptune,ANOMALY,74.68,HIGH
neptune,ANOMALY,81.92,HIGH
processtable,ANOMALY,75.58,HIGH
neptune,ANOMALY,82.07,HIGH
normal,NORMAL,4.13,LOW
satan,ANOMALY,93.18,HIGH
xsnoop,NORMAL,22.58,LOW
normal,NORMAL,2.39,LOW
snmpguess,NORMAL,26.32,LOW
mscan,ANOMALY,70.15,HIGH
apache2,ANOMALY,72.93,HIGH
normal,NORMAL,0.36,LOW
normal,NORMAL,3.65,LOW
normal,NORMAL,50.56,MEDIUM
neptune,ANOMALY,81.02,HIGH
normal,NORMAL,8.0,LOW
normal,NORMAL,18.63,LOW
neptune,ANOMALY,86.9,HIGH
satan,ANOMALY,91.53,HIGH
processtable,ANOMALY,63.54,MEDIUM
warezmaster,NORMAL,17.46,LOW
normal,NORMAL,0.46,LOW
mscan,ANOMALY,76.46,HIGH
normal,NORMAL,19.55,LOW
normal,NORMAL,2.52,LOW
mscan,ANOMALY,57.9,MEDIUM
neptune,ANOMALY,82.27,HIGH
satan,ANOMALY,92.57,HIGH
normal,NORMAL,40.69,MEDIUM
warezmaster,NORMAL,41.51,MEDIUM
normal,NORMAL,33.2,MEDIUM
normal,NORMAL,2.03,LOW
httptunnel,NORMAL,34.74,MEDIUM
processtable,NORMAL,45.88,MEDIUM
normal,NORMAL,3.72,LOW
neptune,ANOMALY,81.25,HIGH
neptune,ANOMALY,87.52,HIGH
normal,NORMAL,1.95,LOW
guess_passwd,NORMAL,20.66,LOW
normal,NORMAL,1.07,LOW
normal,NORMAL,49.63,MEDIUM
neptune,ANOMALY,85.08,HIGH
normal,NORMAL,0.6,LOW
back,NORMAL,13.84,LOW
back,NORMAL,19.71,LOW
guess_passwd,NORMAL,27.75,LOW
normal,NORMAL,23.12,LOW
ipsweep,ANOMALY,56.35,MEDIUM
normal,NORMAL,0.24,LOW
neptune,ANOMALY,81.11,HIGH
normal,NORMAL,2.24,LOW
normal,NORMAL,11.98,LOW
normal,NORMAL,2.44,LOW
neptune,ANOMALY,86.51,HIGH
warezmaster,NORMAL,33.38,MEDIUM
normal,NORMAL,2.41,LOW
normal,NORMAL,19.09,LOW
processtable,NORMAL,47.99,MEDIUM
mscan,ANOMALY,67.69,MEDIUM
warezmaster,NORMAL,48.83,MEDIUM
normal,NORMAL,37.77,MEDIUM
normal,NORMAL,0.59,LOW
normal,NORMAL,18.91,LOW
normal,NORMAL,0.27,LOW
normal,NORMAL,50.46,MEDIUM
back,NORMAL,18.3,LOW
normal,NORMAL,1.77,LOW
processtable,ANOMALY,80.48,HIGH
normal,NORMAL,4.11,LOW
guess_passwd,NORMAL,21.27,LOW
apache2,ANOMALY,60.01,MEDIUM
httptunnel,ANOMALY,62.58,MEDIUM
satan,ANOMALY,95.05,HIGH
normal,NORMAL,25.21,LOW
neptune,ANOMALY,86.28,HIGH
normal,NORMAL,3.68,LOW
neptune,ANOMALY,80.33,HIGH
mscan,ANOMALY,71.0,HIGH
normal,NORMAL,1.54,LOW
warezmaster,NORMAL,25.99,LOW
mscan,ANOMALY,67.1,MEDIUM
normal,NORMAL,5.35,LOW
normal,NORMAL,0.29,LOW
normal,NORMAL,20.33,LOW
normal,NORMAL,50.46,MEDIUM
mscan,ANOMALY,83.23,HIGH
guess_passwd,NORMAL,12.32,LOW
normal,NORMAL,0.59,LOW
normal,NORMAL,1.94,LOW
warezmaster,NORMAL,39.31,MEDIUM
normal,NORMAL,1.67,LOW
guess_passwd,NORMAL,8.75,LOW
normal,NORMAL,1.24,LOW
normal,NORMAL,15.78,LOW
satan,ANOMALY,91.81,HIGH
neptune,ANOMALY,82.09,HIGH
normal,NORMAL,1.32,LOW
normal,NORMAL,4.16,LOW
nmap,ANOMALY,81.99,HIGH
normal,NORMAL,20.91,LOW
neptune,ANOMALY,80.47,HIGH
neptune,ANOMALY,79.57,HIGH
normal,NORMAL,49.21,MEDIUM
guess_passwd,NORMAL,9.22,LOW
normal,NORMAL,0.49,LOW
guess_passwd,NORMAL,10.76,LOW
neptune,ANOMALY,87.08,HIGH
saint,ANOMALY,89.88,HIGH
normal,NORMAL,3.13,LOW
normal,NORMAL,0.6,LOW
mscan,ANOMALY,85.15,HIGH
neptune,ANOMALY,81.24,HIGH
normal,NORMAL,5.56,LOW
warezmaster,ANOMALY,52.53,MEDIUM
back,NORMAL,19.09,LOW
normal,NORMAL,6.47,LOW
mscan,ANOMALY,68.59,MEDIUM
warezmaster,NORMAL,16.73,LOW
normal,NORMAL,19.28,LOW
neptune,ANOMALY,82.15,HIGH
normal,NORMAL,1.12,LOW
normal,NORMAL,9.3,LOW
neptune,ANOMALY,82.09,HIGH
normal,NORMAL,26.57,LOW
normal,NORMAL,1.88,LOW
mscan,ANOMALY,81.3,HIGH
smurf,ANOMALY,53.07,MEDIUM
normal,NORMAL,34.54,MEDIUM
satan,ANOMALY,94.79,HIGH
guess_passwd,NORMAL,27.68,LOW
snmpgetattack,NORMAL,27.71,LOW
normal,NORMAL,4.65,LOW
guess_passwd,NORMAL,21.03,LOW
normal,NORMAL,19.06,LOW
snmpguess,NORMAL,32.16,MEDIUM
normal,NORMAL,13.75,LOW
processtable,NORMAL,49.57,MEDIUM
apache2,ANOMALY,73.46,HIGH
neptune,ANOMALY,77.18,HIGH
normal,NORMAL,27.68,LOW
processtable,ANOMALY,76.07,HIGH
normal,NORMAL,11.03,LOW
normal,NORMAL,31.59,MEDIUM
warezmaster,NORMAL,28.08,LOW
normal,NORMAL,2.98,LOW
neptune,ANOMALY,79.2,HIGH
normal,NORMAL,0.95,LOW
normal,NORMAL,2.01,LOW
warezmaster,ANOMALY,52.53,MEDIUM
normal,NORMAL,23.55,LOW
smurf,ANOMALY,62.34,MEDIUM
warezmaster,NORMAL,29.06,LOW
neptune,ANOMALY,80.39,HIGH
normal,NORMAL,1.81,LOW
neptune,ANOMALY,85.66,HIGH
normal,NORMAL,0.58,LOW
processtable,ANOMALY,63.5,MEDIUM
normal,ANOMALY,65.43,MEDIUM
normal,NORMAL,4.37,LOW
normal,ANOMALY,72.33,HIGH
snmpguess,NORMAL,26.71,LOW
neptune,ANOMALY,83.46,HIGH
neptune,ANOMALY,75.15,HIGH
normal,NORMAL,16.65,LOW
back,NORMAL,32.33,MEDIUM
normal,NORMAL,1.96,LOW
normal,NORMAL,1.35,LOW
mailbomb,NORMAL,18.33,LOW
normal,NORMAL,19.9,LOW
normal,NORMAL,2.08,LOW
normal,NORMAL,30.19,MEDIUM
mscan,ANOMALY,83.34,HIGH
normal,ANOMALY,88.78,HIGH
apache2,ANOMALY,59.78,MEDIUM
normal,NORMAL,0.65,LOW
nmap,ANOMALY,81.86,HIGH
normal,NORMAL,0.21,LOW
back,NORMAL,16.31,LOW
mscan,ANOMALY,78.54,HIGH
normal,NORMAL,6.5,LOW
warezmaster,NORMAL,25.17,LOW
normal,NORMAL,16.44,LOW
warezmaster,NORMAL,34.68,MEDIUM
neptune,ANOMALY,82.27,HIGH
neptune,ANOMALY,80.83,HIGH
guess_passwd,NORMAL,11.05,LOW
neptune,ANOMALY,79.79,HIGH
normal,NORMAL,2.77,LOW
apache2,ANOMALY,52.22,MEDIUM
neptune,ANOMALY,86.24,HIGH
smurf,NORMAL,48.26,MEDIUM
neptune,ANOMALY,75.9,HIGH
normal,NORMAL,3.4,LOW
normal,NORMAL,2.53,LOW
neptune,ANOMALY,87.37,HIGH
normal,NORMAL,9.56,LOW
neptune,ANOMALY,75.92,HIGH
guess_passwd,NORMAL,10.33,LOW
normal,NORMAL,0.9,LOW
normal,NORMAL,1.95,LOW
mscan,ANOMALY,80.07,HIGH
snmpguess,NORMAL,26.5,LOW
neptune,ANOMALY,79.95,HIGH
normal,NORMAL,4.1,LOW
mscan,ANOMALY,83.52,HIGH
normal,NORMAL,32.33,MEDIUM
neptune,ANOMALY,76.11,HIGH
guess_passwd,NORMAL,30.58,MEDIUM
normal,ANOMALY,54.93,MEDIUM
normal,NORMAL,50.26,MEDIUM
normal,NORMAL,3.45,LOW
normal,NORMAL,50.27,MEDIUM
portsweep,ANOMALY,73.1,HIGH
normal,NORMAL,0.44,LOW
normal,NORMAL,0.62,LOW
normal,NORMAL,24.42,LOW
normal,NORMAL,26.35,LOW
normal,NORMAL,1.53,LOW
normal,NORMAL,2.74,LOW
neptune,ANOMALY,86.9,HIGH
warezmaster,NORMAL,28.32,LOW
mailbomb,NORMAL,14.14,LOW
normal,NORMAL,19.09,LOW
snmpgetattack,NORMAL,26.88,LOW
normal,NORMAL,4.43,LOW
multihop,NORMAL,28.26,LOW
apache2,ANOMALY,59.86,MEDIUM
neptune,ANOMALY,82.27,HIGH
normal,NORMAL,17.03,LOW
normal,NORMAL,3.86,LOW
normal,NORMAL,22.02,LOW
normal,NORMAL,3.78,LOW
snmpguess,NORMAL,26.5,LOW
normal,NORMAL,0.24,LOW
satan,ANOMALY,62.9,MEDIUM
neptune,ANOMALY,78.66,HIGH
normal,NORMAL,37.41,MEDIUM
neptune,ANOMALY,82.2,HIGH
normal,NORMAL,2.14,LOW
neptune,ANOMALY,80.51,HIGH
guess_passwd,NORMAL,29.93,LOW
normal,NORMAL,3.71,LOW
normal,NORMAL,0.22,LOW
normal,NORMAL,4.0,LOW
normal,NORMAL,26.4,LOW
satan,ANOMALY,60.49,MEDIUM
guess_passwd,NORMAL,51.16,MEDIUM
normal,NORMAL,0.79,LOW
normal,NORMAL,23.88,LOW
normal,NORMAL,1.04,LOW
normal,NORMAL,50.46,MEDIUM
normal,NORMAL,10.84,LOW
back,NORMAL,15.31,LOW
normal,NORMAL,13.51,LOW
smurf,NORMAL,49.99,MEDIUM
apache2,ANOMALY,56.98,MEDIUM
normal,NORMAL,0.25,LOW
normal,NORMAL,0.57,LOW
satan,ANOMALY,91.59,HIGH
processtable,NORMAL,37.89,MEDIUM
guess_passwd,NORMAL,10.93,LOW
normal,NORMAL,15.33,LOW
normal,NORMAL,10.6,LOW
satan,ANOMALY,64.95,MEDIUM
normal,NORMAL,15.67,LOW
neptune,ANOMALY,80.23,HIGH
normal,ANOMALY,75.56,HIGH
snmpguess,NORMAL,26.29,LOW
normal,NORMAL,2.13,LOW
normal,NORMAL,7.17,LOW
normal,NORMAL,1.11,LOW
apache2,ANOMALY,57.75,MEDIUM
processtable,ANOMALY,75.89,HIGH
neptune,ANOMALY,82.87,HIGH
guess_passwd,NORMAL,21.52,LOW
guess_passwd,NORMAL,21.47,LOW
normal,NORMAL,1.68,LOW
neptune,ANOMALY,86.41,HIGH
normal,NORMAL,40.73,MEDIUM
neptune,ANOMALY,81.24,HIGH
normal,NORMAL,9.28,LOW
multihop,NORMAL,27.07,LOW
neptune,ANOMALY,67.8,MEDIUM
neptune,ANOMALY,80.32,HIGH
apache2,ANOMALY,66.04,MEDIUM
neptune,ANOMALY,77.38,HIGH
neptune,ANOMALY,80.7,HIGH
apache2,ANOMALY,59.1,MEDIUM
apache2,ANOMALY,64.02,MEDIUM
normal,NORMAL,1.54,LOW
smurf,NORMAL,39.2,MEDIUM
normal,NORMAL,0.21,LOW
normal,NORMAL,0.85,LOW
satan,ANOMALY,67.44,MEDIUM
normal,NORMAL,0.6,LOW
normal,NORMAL,0.51,LOW
httptunnel,ANOMALY,61.45,MEDIUM
normal,NORMAL,3.08,LOW
neptune,ANOMALY,81.68,HIGH
satan,ANOMALY,92.54,HIGH
normal,NORMAL,0.32,LOW
neptune,ANOMALY,75.78,HIGH
neptune,ANOMALY,82.72,HIGH
neptune,ANOMALY,78.94,HIGH
normal,NORMAL,5.67,LOW
normal,NORMAL,1.54,LOW
neptune,ANOMALY,79.86,HIGH
neptune,ANOMALY,85.6,HIGH
normal,NORMAL,6.16,LOW
neptune,ANOMALY,74.59,HIGH
normal,NORMAL,25.09,LOW
neptune,ANOMALY,81.86,HIGH
guess_passwd,NORMAL,19.68,LOW
processtable,ANOMALY,61.27,MEDIUM
neptune,ANOMALY,81.51,HIGH
normal,NORMAL,8.4,LOW
normal,NORMAL,2.64,LOW
smurf,NORMAL,50.01,MEDIUM
normal,NORMAL,14.99,LOW
apache2,ANOMALY,70.13,HIGH
normal,NORMAL,9.77,LOW
neptune,ANOMALY,80.4,HIGH
mscan,ANOMALY,67.66,MEDIUM
neptune,ANOMALY,82.25,HIGH
guess_passwd,NORMAL,27.66,LOW
processtable,ANOMALY,67.95,MEDIUM
normal,ANOMALY,67.39,MEDIUM
normal,NORMAL,3.38,LOW
normal,NORMAL,2.49,LOW
normal,NORMAL,0.88,LOW
neptune,ANOMALY,81.26,HIGH
nmap,ANOMALY,82.19,HIGH
normal,NORMAL,1.48,LOW
normal,ANOMALY,89.53,HIGH
guess_passwd,NORMAL,11.68,LOW
normal,NORMAL,45.35,MEDIUM
apache2,ANOMALY,75.97,HIGH
neptune,ANOMALY,80.34,HIGH
xsnoop,NORMAL,30.4,MEDIUM
normal,NORMAL,1.21,LOW
normal,NORMAL,13.96,LOW
normal,ANOMALY,65.97,MEDIUM
mscan,ANOMALY,76.88,HIGH
back,NORMAL,15.26,LOW
normal,NORMAL,9.72,LOW
normal,ANOMALY,76.98,HIGH
neptune,ANOMALY,82.23,HIGH
snmpguess,NORMAL,26.05,LOW
normal,NORMAL,30.1,MEDIUM
smurf,ANOMALY,52.82,MEDIUM
normal,NORMAL,18.77,LOW
normal,NORMAL,49.8,MEDIUM
neptune,ANOMALY,81.51,HIGH
neptune,ANOMALY,79.81,HIGH
satan,ANOMALY,95.1,HIGH
normal,NORMAL,1.02,LOW
smurf,NORMAL,48.81,MEDIUM
neptune,ANOMALY,81.93,HIGH
normal,NORMAL,19.25,LOW
warezmaster,NORMAL,32.32,MEDIUM
normal,NORMAL,33.41,MEDIUM
mscan,ANOMALY,75.84,HIGH
warezmaster,NORMAL,30.19,MEDIUM
normal,NORMAL,6.75,LOW
normal,NORMAL,2.03,LOW
normal,ANOMALY,86.96,HIGH
normal,NORMAL,3.43,LOW
normal,NORMAL,5.32,LOW
neptune,ANOMALY,81.96,HIGH
processtable,NORMAL,39.47,MEDIUM
normal,NORMAL,2.3,LOW
normal,NORMAL,15.37,LOW
normal,NORMAL,2.83,LOW
normal,NORMAL,1.46,LOW
normal,NORMAL,23.56,LOW
normal,NORMAL,24.47,LOW
satan,NORMAL,49.23,MEDIUM
normal,NORMAL,0.41,LOW
normal,NORMAL,15.53,LOW
normal,NORMAL,27.43,LOW
neptune,ANOMALY,80.34,HIGH
warezmaster,NORMAL,28.95,LOW
normal,NORMAL,1.42,LOW
normal,NORMAL,2.33,LOW
normal,NORMAL,20.93,LOW
neptune,ANOMALY,84.03,HIGH
normal,NORMAL,4.22,LOW
satan,ANOMALY,93.72,HIGH
neptune,ANOMALY,79.66,HIGH
satan,ANOMALY,93.01,HIGH
mscan,ANOMALY,79.08,HIGH
mscan,ANOMALY,79.39,HIGH
satan,ANOMALY,87.24,HIGH
neptune,ANOMALY,81.77,HIGH
neptune,ANOMALY,84.01,HIGH
normal,NORMAL,1.51,LOW
normal,ANOMALY,65.6,MEDIUM
normal,NORMAL,48.01,MEDIUM
mscan,ANOMALY,79.87,HIGH
neptune,ANOMALY,80.52,HIGH
normal,NORMAL,0.6,LOW
normal,NORMAL,26.61,LOW
mscan,ANOMALY,68.99,MEDIUM
normal,NORMAL,3.64,LOW
normal,NORMAL,3.98,LOW
neptune,ANOMALY,87.52,HIGH
normal,NORMAL,4.6,LOW
neptune,ANOMALY,79.9,HIGH
normal,NORMAL,49.65,MEDIUM
warezmaster,NORMAL,24.42,LOW
neptune,ANOMALY,81.71,HIGH
neptune,ANOMALY,76.18,HIGH
guess_passwd,NORMAL,24.32,LOW
neptune,ANOMALY,87.03,HIGH
snmpguess,NORMAL,26.44,LOW
normal,NORMAL,0.73,LOW
mscan,ANOMALY,81.01,HIGH
mscan,ANOMALY,81.45,HIGH
normal,NORMAL,1.88,LOW
neptune,ANOMALY,76.27,HIGH
warezmaster,NORMAL,29.49,LOW
smurf,NORMAL,50.7,MEDIUM
neptune,ANOMALY,79.06,HIGH
normal,NORMAL,4.12,LOW
normal,NORMAL,49.69,MEDIUM
neptune,ANOMALY,81.95,HIGH
warezmaster,NORMAL,34.37,MEDIUM
normal,NORMAL,20.0,LOW
mscan,ANOMALY,64.09,MEDIUM
neptune,ANOMALY,75.21,HIGH
satan,ANOMALY,93.72,HIGH
normal,NORMAL,7.12,LOW
normal,NORMAL,1.08,LOW
normal,NORMAL,1.41,LOW
normal,NORMAL,50.48,MEDIUM
neptune,ANOMALY,81.13,HIGH
neptune,ANOMALY,81.41,HIGH
warezmaster,NORMAL,51.51,MEDIUM
normal,NORMAL,49.71,MEDIUM
guess_passwd,NORMAL,24.52,LOW
processtable,NORMAL,51.1,MEDIUM
normal,NORMAL,0.82,LOW
normal,NORMAL,34.98,MEDIUM
normal,NORMAL,3.87,LOW
neptune,ANOMALY,61.83,MEDIUM
normal,NORMAL,2.5,LOW
neptune,ANOMALY,86.92,HIGH
normal,NORMAL,1.46,LOW
back,NORMAL,18.97,LOW
guess_passwd,NORMAL,20.02,LOW
apache2,ANOMALY,57.65,MEDIUM
normal,NORMAL,1.88,LOW
normal,NORMAL,0.83,LOW
portsweep,ANOMALY,67.45,MEDIUM
neptune,ANOMALY,81.75,HIGH
neptune,ANOMALY,81.4,HIGH
guess_passwd,NORMAL,21.67,LOW
processtable,ANOMALY,76.16,HIGH
normal,NORMAL,0.5,LOW
saint,ANOMALY,87.12,HIGH
processtable,NORMAL,38.64,MEDIUM
back,NORMAL,16.62,LOW
apache2,ANOMALY,76.62,HIGH
normal,NORMAL,1.47,LOW
processtable,NORMAL,46.1,MEDIUM
normal,NORMAL,1.49,LOW
guess_passwd,NORMAL,10.29,LOW
neptune,ANOMALY,80.99,HIGH
neptune,ANOMALY,75.28,HIGH
neptune,ANOMALY,86.3,HIGH
satan,ANOMALY,92.42,HIGH
neptune,ANOMALY,86.07,HIGH
mailbomb,NORMAL,29.89,LOW
httptunnel,ANOMALY,61.76,MEDIUM
normal,NORMAL,0.81,LOW
guess_passwd,NORMAL,10.42,LOW
warezmaster,NORMAL,51.44,MEDIUM
processtable,ANOMALY,67.03,MEDIUM
normal,NORMAL,14.69,LOW
neptune,ANOMALY,75.17,HIGH
guess_passwd,NORMAL,16.81,LOW
normal,NORMAL,0.77,LOW
neptune,ANOMALY,87.12,HIGH
mscan,ANOMALY,71.72,HIGH
neptune,ANOMALY,80.61,HIGH
normal,NORMAL,21.13,LOW
normal,NORMAL,2.89,LOW
neptune,ANOMALY,79.75,HIGH
neptune,ANOMALY,82.09,HIGH
apache2,ANOMALY,52.86,MEDIUM
normal,NORMAL,6.49,LOW
neptune,ANOMALY,80.21,HIGH
guess_passwd,NORMAL,23.49,LOW
neptune,ANOMALY,74.56,HIGH
normal,NORMAL,0.96,LOW
warezmaster,NORMAL,39.81,MEDIUM
snmpgetattack,NORMAL,27.9,LOW
neptune,ANOMALY,81.2,HIGH
warezmaster,NORMAL,45.92,MEDIUM
guess_passwd,NORMAL,10.76,LOW
guess_passwd,NORMAL,13.57,LOW
guess_passwd,NORMAL,19.65,LOW
normal,NORMAL,3.24,LOW
apache2,ANOMALY,55.74,MEDIUM
normal,NORMAL,17.93,LOW
neptune,ANOMALY,81.18,HIGH
warezmaster,ANOMALY,54.72,MEDIUM
back,NORMAL,11.79,LOW
normal,NORMAL,0.91,LOW
normal,NORMAL,21.13,LOW
processtable,ANOMALY,76.21,HIGH
normal,NORMAL,31.22,MEDIUM
processtable,NORMAL,45.82,MEDIUM
normal,NORMAL,32.32,MEDIUM
normal,NORMAL,34.77,MEDIUM
normal,NORMAL,1.11,LOW
guess_passwd,NORMAL,20.82,LOW
neptune,ANOMALY,81.34,HIGH
neptune,ANOMALY,79.06,HIGH
processtable,NORMAL,38.59,MEDIUM
guess_passwd,NORMAL,9.36,LOW
normal,NORMAL,24.64,LOW
warezmaster,NORMAL,33.37,MEDIUM
processtable,NORMAL,50.09,MEDIUM
normal,NORMAL,1.39,LOW
warezmaster,NORMAL,29.22,LOW
normal,NORMAL,3.15,LOW
guess_passwd,NORMAL,9.92,LOW
smurf,NORMAL,41.52,MEDIUM
normal,NORMAL,0.19,LOW
normal,NORMAL,1.08,LOW
neptune,ANOMALY,76.11,HIGH
guess_passwd,NORMAL,10.18,LOW
neptune,ANOMALY,80.85,HIGH
mscan,ANOMALY,76.81,HIGH
normal,NORMAL,2.31,LOW
normal,NORMAL,19.37,LOW
normal,NORMAL,17.11,LOW
normal,NORMAL,38.33,MEDIUM
saint,ANOMALY,94.16,HIGH
normal,NORMAL,0.82,LOW
guess_passwd,NORMAL,27.34,LOW
mscan,ANOMALY,71.24,HIGH
smurf,NORMAL,50.25,MEDIUM
normal,NORMAL,17.18,LOW
mscan,ANOMALY,81.06,HIGH
normal,NORMAL,24.81,LOW
apache2,NORMAL,49.94,MEDIUM
normal,NORMAL,1.82,LOW
mscan,ANOMALY,67.21,MEDIUM
normal,NORMAL,0.62,LOW
processtable,ANOMALY,75.97,HIGH
neptune,ANOMALY,87.31,HIGH
normal,NORMAL,2.99,LOW
normal,NORMAL,2.56,LOW
apache2,ANOMALY,65.98,MEDIUM
back,NORMAL,16.3,LOW
neptune,ANOMALY,80.87,HIGH
normal,NORMAL,3.08,LOW
neptune,ANOMALY,74.61,HIGH
normal,NORMAL,4.23,LOW
normal,NORMAL,3.92,LOW
normal,NORMAL,0.93,LOW
normal,NORMAL,0.77,LOW
normal,NORMAL,22.09,LOW
saint,ANOMALY,93.99,HIGH
normal,NORMAL,0.35,LOW
back,NORMAL,18.67,LOW
normal,NORMAL,1.87,LOW
neptune,ANOMALY,81.63,HIGH
portsweep,ANOMALY,85.85,HIGH
warezmaster,NORMAL,32.13,MEDIUM
normal,NORMAL,41.63,MEDIUM
normal,NORMAL,26.11,LOW
normal,NORMAL,0.42,LOW
guess_passwd,NORMAL,21.65,LOW
normal,NORMAL,2.93,LOW
httptunnel,ANOMALY,61.49,MEDIUM
neptune,ANOMALY,80.43,HIGH
normal,NORMAL,1.88,LOW
normal,NORMAL,2.14,LOW
neptune,ANOMALY,86.67,HIGH
guess_passwd,NORMAL,20.38,LOW
snmpgetattack,NORMAL,26.94,LOW
warezmaster,ANOMALY,52.53,MEDIUM
normal,NORMAL,37.8,MEDIUM
processtable,NORMAL,45.08,MEDIUM
normal,NORMAL,1.16,LOW
neptune,ANOMALY,86.62,HIGH
guess_passwd,NORMAL,27.42,LOW
normal,NORMAL,1.56,LOW
neptune,ANOMALY,74.32,HIGH
smurf,NORMAL,41.44,MEDIUM
normal,NORMAL,0.45,LOW
back,NORMAL,17.78,LOW
guess_passwd,NORMAL,10.35,LOW
neptune,ANOMALY,81.23,HIGH
normal,NORMAL,1.19,LOW
warezmaster,NORMAL,28.16,LOW
back,NORMAL,14.28,LOW
normal,NORMAL,1.11,LOW
snmpgetattack,NORMAL,27.79,LOW
normal,NORMAL,1.22,LOW
normal,NORMAL,2.65,LOW
normal,NORMAL,24.41,LOW
satan,ANOMALY,93.74,HIGH
processtable,NORMAL,50.17,MEDIUM
normal,NORMAL,22.05,LOW
normal,NORMAL,3.87,LOW
guess_passwd,NORMAL,19.67,LOW
normal,NORMAL,0.79,LOW
normal,NORMAL,4.46,LOW
mscan,ANOMALY,69.19,MEDIUM
neptune,ANOMALY,81.11,HIGH
neptune,ANOMALY,86.57,HIGH
warezmaster,NORMAL,30.17,MEDIUM
normal,NORMAL,4.51,LOW
normal,NORMAL,14.83,LOW
guess_passwd,NORMAL,28.78,LOW
mscan,ANOMALY,80.02,HIGH
warezmaster,NORMAL,33.97,MEDIUM
apache2,ANOMALY,54.48,MEDIUM
smurf,NORMAL,38.96,MEDIUM
normal,NORMAL,1.74,LOW
neptune,ANOMALY,82.34,HIGH
normal,NORMAL,0.95,LOW
normal,NORMAL,15.42,LOW
normal,NORMAL,49.63,MEDIUM
neptune,ANOMALY,78.69,HIGH
normal,NORMAL,17.35,LOW
saint,ANOMALY,88.94,HIGH
snmpguess,NORMAL,26.56,LOW
mscan,ANOMALY,77.35,HIGH
httptunnel,ANOMALY,62.69,MEDIUM
normal,NORMAL,1.73,LOW
normal,NORMAL,7.41,LOW
normal,NORMAL,0.33,LOW
normal,NORMAL,23.69,LOW
neptune,ANOMALY,76.15,HIGH
satan,ANOMALY,62.4,MEDIUM
normal,NORMAL,1.67,LOW
neptune,ANOMALY,87.25,HIGH
normal,NORMAL,0.66,LOW
guess_passwd,NORMAL,10.23,LOW
normal,NORMAL,29.83,LOW
neptune,ANOMALY,80.53,HIGH
smurf,NORMAL,50.77,MEDIUM
neptune,ANOMALY,85.24,HIGH
warezmaster,NORMAL,27.84,LOW
normal,NORMAL,1.12,LOW
mailbomb,NORMAL,17.82,LOW
neptune,ANOMALY,85.58,HIGH
normal,NORMAL,0.86,LOW
guess_passwd,NORMAL,14.2,LOW
saint,ANOMALY,54.05,MEDIUM
guess_passwd,NORMAL,11.24,LOW
normal,NORMAL,4.46,LOW
normal,NORMAL,0.32,LOW
warezmaster,NORMAL,27.55,LOW
warezmaster,NORMAL,32.3,MEDIUM
normal,NORMAL,1.72,LOW
normal,NORMAL,0.34,LOW
neptune,ANOMALY,82.23,HIGH
httptunnel,ANOMALY,59.77,MEDIUM
ps,NORMAL,24.48,LOW
neptune,ANOMALY,76.12,HIGH
saint,ANOMALY,93.21,HIGH
warezmaster,NORMAL,29.91,LOW
normal,NORMAL,0.73,LOW
guess_passwd,NORMAL,13.15,LOW
pod,ANOMALY,63.98,MEDIUM
mscan,ANOMALY,73.56,HIGH
normal,NORMAL,0.71,LOW
normal,NORMAL,11.36,LOW
neptune,ANOMALY,80.13,HIGH
normal,NORMAL,0.54,LOW
normal,NORMAL,0.58,LOW
guess_passwd,NORMAL,21.05,LOW
smurf,NORMAL,35.83,MEDIUM
neptune,ANOMALY,86.9,HIGH
saint,ANOMALY,53.7,MEDIUM
httptunnel,ANOMALY,70.35,HIGH
normal,NORMAL,11.17,LOW
neptune,ANOMALY,81.47,HIGH
saint,ANOMALY,94.14,HIGH
neptune,ANOMALY,76.4,HIGH
smurf,NORMAL,47.58,MEDIUM
satan,ANOMALY,92.85,HIGH
normal,NORMAL,49.72,MEDIUM
normal,NORMAL,9.35,LOW
normal,NORMAL,31.42,MEDIUM
normal,NORMAL,6.25,LOW
normal,NORMAL,18.11,LOW
neptune,ANOMALY,81.59,HIGH
warezmaster,NORMAL,35.94,MEDIUM
neptune,ANOMALY,80.11,HIGH
neptune,ANOMALY,76.61,HIGH
neptune,ANOMALY,82.23,HIGH
normal,NORMAL,4.16,LOW
normal,NORMAL,3.02,LOW
normal,NORMAL,15.0,LOW
normal,NORMAL,4.05,LOW
normal,NORMAL,0.65,LOW
mscan,ANOMALY,79.38,HIGH
neptune,ANOMALY,76.07,HIGH
guess_passwd,NORMAL,14.28,LOW
guess_passwd,NORMAL,28.87,LOW
normal,NORMAL,1.41,LOW
warezmaster,NORMAL,38.36,MEDIUM
neptune,ANOMALY,85.74,HIGH
normal,NORMAL,34.25,MEDIUM
normal,NORMAL,17.72,LOW
normal,NORMAL,3.07,LOW
normal,ANOMALY,66.67,MEDIUM
neptune,ANOMALY,85.54,HIGH
normal,NORMAL,4.26,LOW
normal,NORMAL,50.45,MEDIUM
satan,ANOMALY,94.36,HIGH
neptune,ANOMALY,81.75,HIGH
normal,NORMAL,2.57,LOW
neptune,ANOMALY,81.65,HIGH
warezmaster,NORMAL,16.34,LOW
portsweep,ANOMALY,68.84,MEDIUM
snmpgetattack,NORMAL,26.93,LOW
neptune,ANOMALY,86.57,HIGH
smurf,NORMAL,50.01,MEDIUM
back,NORMAL,26.53,LOW
neptune,ANOMALY,81.61,HIGH
neptune,ANOMALY,83.55,HIGH
neptune,ANOMALY,76.54,HIGH
normal,NORMAL,6.26,LOW
mscan,ANOMALY,84.62,HIGH
neptune,ANOMALY,87.03,HIGH
smurf,ANOMALY,52.82,MEDIUM
normal,NORMAL,0.43,LOW
neptune,ANOMALY,81.66,HIGH
normal,NORMAL,6.95,LOW
normal,NORMAL,17.47,LOW
processtable,ANOMALY,78.78,HIGH
normal,ANOMALY,67.78,MEDIUM
normal,NORMAL,22.92,LOW
back,NORMAL,18.46,LOW
normal,NORMAL,10.24,LOW
mscan,ANOMALY,74.89,HIGH
normal,NORMAL,0.55,LOW
normal,NORMAL,19.66,LOW
normal,NORMAL,18.1,LOW
snmpguess,NORMAL,26.37,LOW
neptune,ANOMALY,77.79,HIGH
satan,ANOMALY,92.78,HIGH
normal,NORMAL,2.59,LOW
apache2,ANOMALY,76.84,HIGH
neptune,ANOMALY,81.74,HIGH
warezmaster,ANOMALY,52.53,MEDIUM
normal,NORMAL,0.5,LOW
apache2,ANOMALY,64.8,MEDIUM
normal,NORMAL,3.32,LOW
normal,NORMAL,2.11,LOW
processtable,ANOMALY,75.94,HIGH
apache2,ANOMALY,57.78,MEDIUM
mscan,ANOMALY,75.19,HIGH
guess_passwd,NORMAL,21.14,LOW
mailbomb,NORMAL,28.01,LOW
normal,NORMAL,2.93,LOW
neptune,ANOMALY,79.48,HIGH
mailbomb,NORMAL,19.59,LOW
normal,NORMAL,2.6,LOW
guess_passwd,NORMAL,19.69,LOW
normal,NORMAL,49.65,MEDIUM
neptune,ANOMALY,87.16,HIGH
normal,NORMAL,0.61,LOW
normal,NORMAL,0.37,LOW
neptune,ANOMALY,80.87,HIGH
warezmaster,NORMAL,51.64,MEDIUM
neptune,ANOMALY,86.71,HIGH
neptune,ANOMALY,76.38,HIGH
neptune,ANOMALY,84.74,HIGH
normal,NORMAL,1.01,LOW
normal,NORMAL,2.03,LOW
back,NORMAL,27.42,LOW
snmpguess,NORMAL,26.14,LOW
snmpgetattack,NORMAL,27.05,LOW
neptune,ANOMALY,74.16,HIGH
normal,NORMAL,9.86,LOW
normal,NORMAL,18.68,LOW
normal,NORMAL,1.23,LOW
normal,NORMAL,34.76,MEDIUM
neptune,ANOMALY,81.33,HIGH
normal,NORMAL,35.87,MEDIUM
saint,ANOMALY,93.06,HIGH
normal,NORMAL,3.52,LOW
neptune,ANOMALY,81.27,HIGH
smurf,NORMAL,43.25,MEDIUM
normal,NORMAL,39.16,MEDIUM
normal,NORMAL,13.35,LOW
normal,NORMAL,7.56,LOW
normal,NORMAL,2.4,LOW
neptune,ANOMALY,81.9,HIGH
mscan,ANOMALY,76.3,HIGH
normal,NORMAL,11.51,LOW
neptune,ANOMALY,76.87,HIGH
normal,NORMAL,49.65,MEDIUM
warezmaster,NORMAL,38.2,MEDIUM
neptune,ANOMALY,76.02,HIGH
normal,NORMAL,0.98,LOW
neptune,ANOMALY,91.36,HIGH
neptune,ANOMALY,80.42,HIGH
warezmaster,NORMAL,27.86,LOW
normal,NORMAL,3.29,LOW
guess_passwd,NORMAL,9.17,LOW
ipsweep,ANOMALY,56.92,MEDIUM
warezmaster,NORMAL,29.53,LOW
guess_passwd,NORMAL,14.39,LOW
perl,NORMAL,42.34,MEDIUM
normal,NORMAL,15.5,LOW
apache2,NORMAL,4.2,LOW
neptune,ANOMALY,69.45,MEDIUM
mscan,ANOMALY,67.18,MEDIUM
normal,NORMAL,14.73,LOW
normal,NORMAL,2.21,LOW
normal,NORMAL,5.71,LOW
smurf,NORMAL,41.42,MEDIUM
normal,NORMAL,2.2,LOW
portsweep,ANOMALY,93.64,HIGH
mscan,ANOMALY,75.83,HIGH
normal,NORMAL,1.34,LOW
normal,NORMAL,26.91,LOW
normal,NORMAL,0.89,LOW
warezmaster,NORMAL,37.56,MEDIUM
normal,NORMAL,1.62,LOW
neptune,ANOMALY,80.84,HIGH
guess_passwd,NORMAL,27.46,LOW
guess_passwd,NORMAL,20.71,LOW
normal,NORMAL,2.27,LOW
processtable,ANOMALY,66.63,MEDIUM
normal,NORMAL,2.34,LOW
smurf,NORMAL,35.62,MEDIUM
neptune,ANOMALY,79.31,HIGH
guess_passwd,NORMAL,23.72,LOW
normal,NORMAL,21.12,LOW
neptune,ANOMALY,80.72,HIGH
normal,NORMAL,25.81,LOW
normal,NORMAL,0.56,LOW
normal,NORMAL,1.44,LOW
neptune,ANOMALY,86.61,HIGH
normal,NORMAL,24.31,LOW
neptune,ANOMALY,85.56,HIGH
apache2,NORMAL,49.01,MEDIUM
normal,NORMAL,1.04,LOW
normal,NORMAL,3.39,LOW
mscan,ANOMALY,76.24,HIGH
normal,NORMAL,22.26,LOW
satan,ANOMALY,66.41,MEDIUM
normal,NORMAL,29.54,LOW
normal,NORMAL,3.59,LOW
normal,NORMAL,3.84,LOW
neptune,ANOMALY,85.51,HIGH
normal,NORMAL,22.28,LOW
guess_passwd,NORMAL,10.7,LOW
normal,NORMAL,0.94,LOW
neptune,ANOMALY,82.18,HIGH
normal,NORMAL,28.18,LOW
normal,NORMAL,5.29,LOW
neptune,ANOMALY,76.63,HIGH
normal,NORMAL,3.46,LOW
neptune,ANOMALY,81.81,HIGH
neptune,ANOMALY,81.88,HIGH
sendmail,NORMAL,24.84,LOW
normal,NORMAL,3.71,LOW
guess_passwd,NORMAL,23.94,LOW
neptune,ANOMALY,80.22,HIGH
neptune,ANOMALY,82.16,HIGH
guess_passwd,NORMAL,10.14,LOW
normal,NORMAL,20.54,LOW
neptune,ANOMALY,81.57,HIGH
normal,NORMAL,3.11,LOW
normal,NORMAL,4.54,LOW
warezmaster,NORMAL,31.78,MEDIUM
normal,NORMAL,5.67,LOW
normal,NORMAL,26.29,LOW
warezmaster,NORMAL,37.44,MEDIUM
normal,NORMAL,0.4,LOW
normal,NORMAL,1.06,LOW
normal,NORMAL,25.08,LOW
normal,NORMAL,3.67,LOW
normal,NORMAL,26.62,LOW
neptune,ANOMALY,80.7,HIGH
warezmaster,NORMAL,28.32,LOW
apache2,ANOMALY,74.25,HIGH
normal,NORMAL,2.6,LOW
guess_passwd,NORMAL,18.68,LOW
normal,NORMAL,19.42,LOW
neptune,ANOMALY,79.15,HIGH
neptune,ANOMALY,79.37,HIGH
normal,NORMAL,2.09,LOW
normal,NORMAL,0.96,LOW
apache2,ANOMALY,54.21,MEDIUM
normal,ANOMALY,65.74,MEDIUM
normal,NORMAL,15.57,LOW
mscan,ANOMALY,78.36,HIGH
neptune,ANOMALY,77.07,HIGH
normal,NORMAL,20.17,LOW
neptune,ANOMALY,80.41,HIGH
satan,ANOMALY,93.15,HIGH
neptune,ANOMALY,76.11,HIGH
normal,NORMAL,2.75,LOW
neptune,ANOMALY,76.01,HIGH
guess_passwd,NORMAL,11.46,LOW
normal,NORMAL,11.34,LOW
guess_passwd,NORMAL,20.38,LOW
httptunnel,ANOMALY,61.61,MEDIUM
apache2,ANOMALY,77.32,HIGH
nmap,ANOMALY,82.31,HIGH
neptune,ANOMALY,91.79,HIGH
normal,NORMAL,2.16,LOW
neptune,ANOMALY,90.74,HIGH
neptune,ANOMALY,82.2,HIGH
normal,NORMAL,6.35,LOW
smurf,NORMAL,44.22,MEDIUM
warezmaster,ANOMALY,52.07,MEDIUM
normal,NORMAL,49.62,MEDIUM
processtable,NORMAL,46.7,MEDIUM
normal,NORMAL,5.32,LOW
processtable,NORMAL,51.67,MEDIUM
warezmaster,NORMAL,28.32,LOW
normal,NORMAL,4.75,LOW
mscan,ANOMALY,74.85,HIGH
snmpgetattack,NORMAL,28.72,LOW
normal,NORMAL,0.63,LOW
normal,NORMAL,0.35,LOW
guess_passwd,NORMAL,21.08,LOW
normal,NORMAL,21.05,LOW
mailbomb,NORMAL,13.8,LOW
neptune,ANOMALY,81.28,HIGH
neptune,ANOMALY,80.66,HIGH
guess_passwd,NORMAL,21.83,LOW
neptune,ANOMALY,75.7,HIGH
processtable,NORMAL,39.6,MEDIUM
satan,ANOMALY,65.95,MEDIUM
snmpguess,NORMAL,26.14,LOW
normal,NORMAL,1.06,LOW
normal,NORMAL,3.33,LOW
normal,NORMAL,4.65,LOW
neptune,ANOMALY,82.54,HIGH
pod,NORMAL,50.19,MEDIUM
mscan,ANOMALY,70.03,HIGH
normal,NORMAL,0.56,LOW
normal,NORMAL,16.05,LOW
snmpgetattack,NORMAL,28.27,LOW
neptune,ANOMALY,76.38,HIGH
smurf,NORMAL,45.91,MEDIUM
satan,ANOMALY,65.01,MEDIUM
warezmaster,NORMAL,28.01,LOW
neptune,ANOMALY,75.71,HIGH
neptune,ANOMALY,80.04,HIGH
normal,NORMAL,3.88,LOW
normal,NORMAL,2.51,LOW
processtable,ANOMALY,75.74,HIGH
neptune,ANOMALY,87.51,HIGH
warezmaster,ANOMALY,63.46,MEDIUM
mscan,ANOMALY,61.47,MEDIUM
normal,NORMAL,5.25,LOW
satan,ANOMALY,93.97,HIGH
normal,NORMAL,0.31,LOW
neptune,ANOMALY,85.93,HIGH
normal,NORMAL,5.89,LOW
smurf,ANOMALY,54.28,MEDIUM
saint,ANOMALY,91.75,HIGH
back,NORMAL,14.93,LOW
neptune,ANOMALY,86.51,HIGH
portsweep,ANOMALY,74.44,HIGH
processtable,ANOMALY,74.74,HIGH
snmpguess,NORMAL,26.39,LOW
neptune,ANOMALY,80.84,HIGH
normal,NORMAL,0.73,LOW
normal,NORMAL,3.02,LOW
normal,NORMAL,1.48,LOW
mailbomb,NORMAL,17.89,LOW
normal,NORMAL,11.76,LOW
satan,ANOMALY,66.31,MEDIUM
snmpguess,NORMAL,26.49,LOW
normal,NORMAL,14.36,LOW
normal,NORMAL,1.35,LOW
normal,NORMAL,2.82,LOW
warezmaster,NORMAL,28.35,LOW
snmpgetattack,NORMAL,26.71,LOW
satan,ANOMALY,64.64,MEDIUM
neptune,ANOMALY,74.53,HIGH
snmpguess,NORMAL,26.56,LOW
normal,NORMAL,0.75,LOW
warezmaster,NORMAL,15.1,LOW
neptune,ANOMALY,81.76,HIGH
normal,NORMAL,6.06,LOW
neptune,ANOMALY,81.07,HIGH
neptune,ANOMALY,86.31,HIGH
normal,NORMAL,48.81,MEDIUM
normal,NORMAL,0.81,LOW
normal,NORMAL,12.28,LOW
normal,NORMAL,1.37,LOW
satan,ANOMALY,91.39,HIGH
mailbomb,NORMAL,16.29,LOW
guess_passwd,NORMAL,10.53,LOW
neptune,ANOMALY,81.91,HIGH
guess_passwd,NORMAL,21.03,LOW
normal,NORMAL,0.87,LOW
neptune,ANOMALY,85.95,HIGH
normal,NORMAL,2.03,LOW
normal,NORMAL,20.59,LOW
normal,NORMAL,50.09,MEDIUM
normal,NORMAL,36.01,MEDIUM
neptune,ANOMALY,75.29,HIGH
normal,NORMAL,5.49,LOW
guess_passwd,NORMAL,12.83,LOW
guess_passwd,NORMAL,11.5,LOW
mscan,ANOMALY,77.78,HIGH
neptune,ANOMALY,80.94,HIGH
httptunnel,ANOMALY,61.72,MEDIUM
normal,NORMAL,2.04,LOW
normal,NORMAL,1.24,LOW
normal,NORMAL,17.61,LOW
mailbomb,NORMAL,20.96,LOW
apache2,ANOMALY,55.89,MEDIUM
back,NORMAL,45.11,MEDIUM
normal,NORMAL,4.4,LOW
neptune,ANOMALY,74.6,HIGH
normal,NORMAL,3.68,LOW
normal,NORMAL,38.8,MEDIUM
processtable,NORMAL,38.58,MEDIUM
back,NORMAL,16.79,LOW
normal,NORMAL,5.32,LOW
neptune,ANOMALY,85.24,HIGH
normal,NORMAL,32.09,MEDIUM
normal,NORMAL,0.51,LOW
neptune,ANOMALY,82.79,HIGH
normal,NORMAL,49.71,MEDIUM
normal,NORMAL,1.44,LOW
normal,NORMAL,24.17,LOW
normal,NORMAL,26.92,LOW
normal,NORMAL,10.55,LOW
normal,NORMAL,13.15,LOW
normal,NORMAL,12.52,LOW
normal,NORMAL,1.11,LOW
neptune,ANOMALY,80.22,HIGH
neptune,ANOMALY,74.56,HIGH
satan,ANOMALY,91.35,HIGH
neptune,ANOMALY,86.41,HIGH
warezmaster,NORMAL,28.56,LOW
smurf,ANOMALY,52.72,MEDIUM
normal,NORMAL,22.22,LOW
warezmaster,NORMAL,25.23,LOW
neptune,ANOMALY,87.1,HIGH
warezmaster,NORMAL,31.9,MEDIUM
mscan,ANOMALY,57.93,MEDIUM
neptune,ANOMALY,87.13,HIGH
neptune,ANOMALY,82.04,HIGH
saint,ANOMALY,93.34,HIGH
normal,NORMAL,1.27,LOW
neptune,ANOMALY,81.4,HIGH
normal,NORMAL,0.36,LOW
apache2,ANOMALY,61.23,MEDIUM
guess_passwd,NORMAL,11.77,LOW
normal,NORMAL,0.28,LOW
satan,ANOMALY,93.6,HIGH
neptune,ANOMALY,81.64,HIGH
normal,NORMAL,49.69,MEDIUM
normal,NORMAL,5.31,LOW
normal,NORMAL,3.45,LOW
neptune,ANOMALY,80.88,HIGH
normal,NORMAL,7.06,LOW
normal,NORMAL,3.43,LOW
normal,ANOMALY,64.8,MEDIUM
normal,NORMAL,0.93,LOW
normal,NORMAL,0.63,LOW
mscan,ANOMALY,82.17,HIGH
warezmaster,NORMAL,28.0,LOW
satan,ANOMALY,62.12,MEDIUM
smurf,NORMAL,39.81,MEDIUM
guess_passwd,NORMAL,19.53,LOW
warezmaster,NORMAL,28.45,LOW
normal,ANOMALY,71.11,HIGH
warezmaster,NORMAL,24.66,LOW
processtable,NORMAL,46.0,MEDIUM
normal,NORMAL,7.01,LOW
apache2,ANOMALY,69.44,MEDIUM
guess_passwd,NORMAL,34.11,MEDIUM
normal,NORMAL,1.51,LOW
smurf,NORMAL,48.81,MEDIUM
normal,NORMAL,0.41,LOW
normal,NORMAL,0.6,LOW
normal,NORMAL,1.4,LOW
ipsweep,ANOMALY,52.19,MEDIUM
neptune,ANOMALY,81.08,HIGH
normal,NORMAL,0.38,LOW
normal,NORMAL,0.63,LOW
neptune,ANOMALY,86.99,HIGH
neptune,ANOMALY,74.58,HIGH
neptune,ANOMALY,85.46,HIGH
normal,NORMAL,0.82,LOW
processtable,ANOMALY,63.32,MEDIUM
neptune,ANOMALY,88.62,HIGH
normal,NORMAL,0.85,LOW
satan,ANOMALY,94.99,HIGH
back,NORMAL,15.93,LOW
normal,NORMAL,0.8,LOW
normal,NORMAL,40.02,MEDIUM
normal,NORMAL,1.66,LOW
normal,ANOMALY,77.0,HIGH
normal,NORMAL,17.91,LOW
neptune,ANOMALY,80.49,HIGH
normal,NORMAL,9.03,LOW
neptune,ANOMALY,82.28,HIGH
neptune,ANOMALY,72.2,HIGH
normal,NORMAL,4.62,LOW
normal,NORMAL,10.61,LOW
warezmaster,ANOMALY,55.52,MEDIUM
neptune,ANOMALY,76.02,HIGH
neptune,ANOMALY,80.31,HIGH
apache2,ANOMALY,76.15,HIGH
saint,ANOMALY,92.9,HIGH
warezmaster,NORMAL,45.84,MEDIUM
normal,NORMAL,2.75,LOW
satan,ANOMALY,94.19,HIGH
guess_passwd,NORMAL,9.49,LOW
mscan,ANOMALY,58.47,MEDIUM
snmpgetattack,NORMAL,26.92,LOW
normal,NORMAL,5.01,LOW
neptune,ANOMALY,86.19,HIGH
normal,NORMAL,43.78,MEDIUM
normal,NORMAL,49.78,MEDIUM
neptune,ANOMALY,85.63,HIGH
normal,NORMAL,0.48,LOW
normal,NORMAL,0.8,LOW
neptune,ANOMALY,79.75,HIGH
normal,NORMAL,0.41,LOW
normal,NORMAL,1.93,LOW
smurf,ANOMALY,54.72,MEDIUM
neptune,ANOMALY,81.28,HIGH
normal,ANOMALY,90.07,HIGH
guess_passwd,NORMAL,19.79,LOW
apache2,NORMAL,48.9,MEDIUM
neptune,ANOMALY,76.54,HIGH
apache2,ANOMALY,53.58,MEDIUM
normal,NORMAL,2.2,LOW
normal,NORMAL,3.74,LOW
apache2,ANOMALY,72.82,HIGH
normal,NORMAL,0.44,LOW
normal,NORMAL,0.37,LOW
neptune,ANOMALY,80.66,HIGH
normal,NORMAL,27.74,LOW
normal,NORMAL,3.37,LOW
ipsweep,ANOMALY,56.94,MEDIUM
neptune,ANOMALY,87.2,HIGH
normal,NORMAL,25.19,LOW
warezmaster,NORMAL,30.32,MEDIUM
normal,NORMAL,2.76,LOW
normal,NORMAL,0.66,LOW
normal,NORMAL,3.63,LOW
normal,NORMAL,17.08,LOW
normal,NORMAL,10.21,LOW
normal,NORMAL,1.05,LOW
processtable,NORMAL,41.96,MEDIUM
mscan,ANOMALY,77.81,HIGH
warezmaster,NORMAL,27.28,LOW
neptune,ANOMALY,86.9,HIGH
normal,NORMAL,1.45,LOW
normal,NORMAL,1.18,LOW
guess_passwd,NORMAL,9.41,LOW
processtable,ANOMALY,64.8,MEDIUM
normal,ANOMALY,54.76,MEDIUM
normal,NORMAL,17.39,LOW
normal,NORMAL,49.71,MEDIUM
normal,NORMAL,24.01,LOW
guess_passwd,NORMAL,10.91,LOW
normal,NORMAL,6.98,LOW
warezmaster,NORMAL,27.87,LOW
normal,NORMAL,18.58,LOW
mscan,ANOMALY,74.55,HIGH
mscan,ANOMALY,84.96,HIGH
normal,NORMAL,4.15,LOW
mscan,ANOMALY,83.7,HIGH
smurf,ANOMALY,57.23,MEDIUM
processtable,ANOMALY,63.31,MEDIUM
normal,NORMAL,29.99,LOW
normal,NORMAL,4.44,LOW
normal,NORMAL,0.83,LOW
normal,NORMAL,17.87,LOW
guess_passwd,NORMAL,23.69,LOW
teardrop,NORMAL,40.03,MEDIUM
mscan,ANOMALY,71.31,HIGH
neptune,ANOMALY,91.93,HIGH
normal,NORMAL,5.31,LOW
neptune,ANOMALY,78.0,HIGH
normal,NORMAL,1.33,LOW
normal,NORMAL,1.74,LOW
mscan,ANOMALY,76.49,HIGH
neptune,ANOMALY,86.75,HIGH
normal,NORMAL,1.31,LOW
apache2,ANOMALY,54.04,MEDIUM
neptune,ANOMALY,86.41,HIGH
normal,NORMAL,4.44,LOW
neptune,ANOMALY,76.36,HIGH
neptune,ANOMALY,85.86,HIGH
normal,NORMAL,1.31,LOW
normal,NORMAL,22.19,LOW
normal,NORMAL,1.53,LOW
neptune,ANOMALY,80.54,HIGH
normal,NORMAL,1.56,LOW
normal,NORMAL,0.62,LOW
normal,NORMAL,2.9,LOW
normal,NORMAL,0.31,LOW
satan,ANOMALY,94.38,HIGH
neptune,ANOMALY,80.17,HIGH
normal,NORMAL,1.5,LOW
smurf,NORMAL,47.58,MEDIUM
warezmaster,ANOMALY,52.53,MEDIUM
mailbomb,NORMAL,18.96,LOW
httptunnel,ANOMALY,62.25,MEDIUM
normal,NORMAL,3.35,LOW
guess_passwd,NORMAL,14.77,LOW
normal,NORMAL,38.65,MEDIUM
normal,NORMAL,0.4,LOW
satan,ANOMALY,62.39,MEDIUM
processtable,ANOMALY,66.64,MEDIUM
normal,NORMAL,1.43,LOW
neptune,ANOMALY,79.57,HIGH
neptune,ANOMALY,80.43,HIGH
neptune,ANOMALY,80.39,HIGH
normal,NORMAL,1.67,LOW
neptune,ANOMALY,82.07,HIGH
guess_passwd,NORMAL,12.68,LOW
apache2,NORMAL,50.29,MEDIUM
satan,ANOMALY,94.5,HIGH
saint,ANOMALY,93.57,HIGH
neptune,ANOMALY,76.36,HIGH
normal,NORMAL,16.31,LOW
normal,NORMAL,23.07,LOW
normal,NORMAL,8.99,LOW
mscan,ANOMALY,65.32,MEDIUM
smurf,NORMAL,43.61,MEDIUM
normal,NORMAL,1.96,LOW
neptune,ANOMALY,85.79,HIGH
guess_passwd,NORMAL,23.73,LOW
normal,NORMAL,35.68,MEDIUM
apache2,ANOMALY,77.32,HIGH
normal,NORMAL,5.89,LOW
processtable,NORMAL,43.03,MEDIUM
normal,NORMAL,3.09,LOW
processtable,NORMAL,50.46,MEDIUM
satan,ANOMALY,85.49,HIGH
satan,ANOMALY,61.53,MEDIUM
back,NORMAL,18.85,LOW
normal,NORMAL,4.77,LOW
rootkit,NORMAL,17.84,LOW
apache2,ANOMALY,61.23,MEDIUM
normal,NORMAL,2.08,LOW
normal,NORMAL,5.37,LOW
smurf,NORMAL,35.45,MEDIUM
normal,NORMAL,26.68,LOW
neptune,ANOMALY,91.22,HIGH
neptune,ANOMALY,87.58,HIGH
normal,NORMAL,2.68,LOW
normal,NORMAL,0.7,LOW
neptune,ANOMALY,81.64,HIGH
normal,NORMAL,2.66,LOW
neptune,ANOMALY,74.86,HIGH
mailbomb,NORMAL,17.85,LOW
smurf,NORMAL,38.79,MEDIUM
normal,NORMAL,10.04,LOW
normal,NORMAL,1.81,LOW
back,NORMAL,17.42,LOW
normal,NORMAL,19.43,LOW
mscan,ANOMALY,77.16,HIGH
